1.5,1,1.5,-0.5,4,-2.5,-4,-15.5,-20,
1.5,-6.7,-5.2,-4.2,1.7,-10.5,-28.7,-22,-22.5,
1.5,-1.8,-7.8,-15.4,-10.9,-25.9,-5,-31.9,-29.5,
1.5,-9.4,-6.4,-22.4,-1.2,-33.6,-27,-5.5,-26.6,
1.5,-21,0.5,-29.9,-27.9,-24.4,-27.9,-2.3,-32.4,
1.5,-4.5,-25.4,-5.3,-13.4,12.2,-9.1,-7.5,9,
1.5,-20.4,0.1,1.1,-16.5,1.5,1,-21.5,-42.5,
1.5,3.1,-27,-20,-5,-37,-21.9,-50.9,-49.4,
1.5,-19.9,-19.9,-4.9,-19.4,-64.9,-18.9,-5.9,1.50142,
1.5,-0.2,-5.2,-49.4,4.1,17.3,19,-13.9,-25.4,
1.5,-19.4,-9.7,9,-8.2,-30.2,-25.7,-8,-45.2,
1.5,-5.5,-5.1,3.4,-33.1,-4,-33.4,-21.6,-38.4,
1.5,1.50142,1.50142,1.50142,1.50142,1.50142,1.50142,1.50142,1.50142,
1.5,7,-14.5,-14.5,-12,-14.5,-14.5,-13.5,-21,
1.5,-38.8,-6.5,-13.8,-8.3,-26,-14.5,-23.5,-24,
1.5,-1.3,-2.2,-24.4,-2.7,-22.6,-29.7,-6.5,-29.6,
1.5,-9,8.3,-9.7,-29.5,-16,-18,-33.4,-18.5,
1.5,-2.7,-46.5,5.5,-35,-12.9,-4,-6.5,-50.9,
1.5,-52.9,-35.4,-14.4,8.7,-55.4,-45.4,-66.4,0.5,
1.5,-12.8,1.50142,-39.9,-32.4,-60.9,2.2,-19.7,-32.9,
1.5,-16.4,-22.4,-34.4,1.50142,1.50142,-37.9,-54.9,-57.9,
1.5,-18.4,-47.4,1.50142,-49.9,-58.4,-39.4,12.7,16,
1.5,-7.9,-42.4,-56.9,-21.4,-7.5,1.50142,-25.4,-21.5,
1.5,-33.4,1.50142,-5.5,1.50142,-43.4,-37.4,-58.9,-10.4,
1.5,1.50142,-26.9,-12.9,4.6,-54.4,-15.9,-3.9,-64.4,
1.5,-54.4,7.5,-42.4,-41.9,1.7,-34.9,-37.4,-11.5,
1.5,-19.9,-13.9,16.5,-19.9,-27.4,0.2,-18.5,-22.4,
1.5,-56.4,-6.7,-4.2,1.50142,-20.5,-2.2,-40.4,-52.4,
1.5,-2.8,-46.9,-5.5,-49.4,-19.9,-51.4,-19.4,-12.4,
1.5,0.6,-9.9,-13.7,-59.4,-0.2,-10.9,-36.4,-52.4,
1.5,-58.9,-56.4,-11.4,15.1,-15.9,-56.4,-25.9,-15.4,
1.5,2.2,-5,-22.4,-42.4,-6.4,-28.4,-6,-21.9,
1.5,3,-36.9,0.5,-15.4,-58.4,-2.4,-64.9,-69.4,
1.5,-33.9,2.6,-53.9,9.7,-60.9,-46.9,1.50142,13.8,
1.5,-50.9,-49.4,-50.9,-2.4,1.50142,20.5,-9.9,-31.9,
1.5,1.50142,3.7,1.50142,-28.9,-49.4,-3.5,-7.4,-23,
1.5,-61.4,1.3,-6.4,7,-16.4,-6.2,-64.4,-48.4,
1.5,-9.5,-17.9,-9.9,-18.9,-39.9,-36.9,-1.5,-1.5,
1.5,-51.9,-16.9,-20.9,-27.9,7.7,0.7,-71.4,-25.4,
1.5,-3.3,-1.4,-1.9,1.50142,-37.9,-19.4,7.8,-38.4,
1.5,-58.9,-15.4,-16.9,-17.9,2.5,-29.9,-53.4,-12.4,
1.5,-2.9,-9.5,-10.5,-17.5,-35.9,14.6,11,-38.4,
1.5,-18.4,-2.5,-14.4,1.50142,-11.5,-19.9,-44.9,-22.9,
1.5,-12.4,-4.7,-6.2,-7.2,-7.9,4.3,-7.5,-6.9,
1.5,1.8,8.3,6.5,7.5,-7,9,-16.8,-4.8,
1.5,1,1,-6.5,1,-16.4,-11.9,-7.5,-25.4,
1.5,-1,-17.4,-14.9,-13.9,-6.4,-23.9,-20.9,-17,
1.5,-17.8,-9.4,-2,-9.2,-36,-19.5,-16.5,-36.2,
1.5,-20.4,0.8,-23.9,-21.7,-7.5,-19.9,-20,-19.9,
1.5,-1.2,-14.2,6,-1.7,-3.2,-6.2,-5.5,3.8,
1.5,3.1,4.7,4.5,-6.1,-4,-2.89298e-15,-19.9,-18.9,
1.5,-15.5,-0.7,-20.8,-17.5,-8.7,-35.9,-26.7,-39.2,
1.5,-22.4,-18,-9,-19.4,-8.4,-15.4,-6.5,-11.9,
1.5,-9.5,-19.7,5,-15.4,-6,-12.9,-16,-9.5,
1.5,10,-31.9,-9.1,-28.9,-16.4,-10,-16,-39,
1.5,-7.2,-16.8,-12.4,2.4,-15.2,-13.7,-8,-31.2,
1.5,-16.9,1.5,-5.5,-2.6,-2.5,-21.6,-2.5,-31.1,
1.5,-8.6,-6.6,-5.7,-37.6,-25.1,-47.1,-8,-22.7,
1.5,0.5,-21.9,-7.4,-9.4,-28.5,-22.2,-16.4,-14.9,
1.5,6.5,8.5,-8.9,-2.7,-19.9,-0.3,-8,-9.5,
1.5,2,3.1,-9.7,6.1,-11.9,4.1,-7,0.1,
1.5,-7.2,4,-9.4,4,-1.5,3,-7,-14,
1.5,-32.7,-5.5,-8.8,-6,-30,-37,-6.5,-6,
1.5,-2,-3.5,-18.5,-32.9,-23,-8.1,-27.9,-20.4,
1.5,-10.7,-11.4,-39.7,-24,-5.4,2.3,-13.4,-44.9,
1.5,-12.9,-23.7,17.5,1.50142,-13.4,-22.4,-6.5,3.1,
1.5,9.3,1.5,-13.4,1,-7,-1,-17.2,-3.3,
1.5,-4.3,-2.9,-11,-3.8,-33.8,-13.2,-7,-29.4,
1.5,-5.9,4.2,-34.4,0.8,-16.9,-20.9,-7.2,-13.4,
1.5,-7.4,-3.8,-34.4,-38,-21.4,-3.9,-7.5,-21.3,
1.5,-17.4,-24.9,1.50142,5.7,-3.6,-2.1,-7.5,2,
1.5,6.6,6,5.8,7.1,-6.3,3,-7.5,-20.4,
1.5,5,9,-5,2,-24.4,-19.9,-30.9,-23.9,
1.5,-20.2,-9.3,-9.8,-35.2,-31.1,-36.7,-7.5,-46.6,
1.5,-1.9,-32.4,-29.6,-18.4,-15.6,-16.9,-28.6,4.5,
1.5,-5,-30.8,-30.6,1.50142,-3.4,-0.4,-7,-41.4,
1.5,-24.1,1.50142,1.50142,-18.1,-14.6,-20.9,-56.1,-18.1,
1.5,7,-1.3,-25.1,-2.3,-42.9,-12.2,-21.2,-67.4,
1.5,-22.4,-18.9,-18.9,-15.9,-22.1,-38.9,-10.2,0.5,
1.5,-0.4,2.6,6.3,-5.4,-8.7,9.7,-22.9,-15.4,
1.5,-7.2,-6.2,3.3,-6.2,-33.7,6.8,-6.5,-42.9,
1.5,2,-5.6,-33.4,4,-32.4,-6.9,-35.4,-4.5,
1.5,-27.4,-19.9,-4.1,-20.4,-50.4,-7.9,-7,-24.2,
1.5,11.7,0.6,-42.4,8.1,12.5,3.3,-3.7,0.3,
1.5,-28.4,-5.7,6,-7.2,-24.7,4.8,-13.4,-43.4,
1.5,8,-0.7,-19.3,8,5.1,-28.9,-2.5,-17.4,
1.5,-11.5,-5.5,-5,-36.3,-9.2,-23.9,-7.5,-34.9,
1.5,-13.7,-33.4,-8.7,-21.7,-6,-32.9,-23,-16.5,
1.5,7.9,-37.2,-19.1,1.50142,-2.2,-29.5,-24.3,-38.7,
1.5,-10.5,1.50142,-25.4,3.2,-16.3,-22.9,1.2,-22.9,
1.5,-10.9,-4.9,5.6,-11.4,-7.9,-27.2,-42.9,-8.9,
1.5,-11.8,-0.8,4.2,-15.9,-22.9,10.5,-7.5,-35.4,
1.5,-13,1.6,-20.7,-13,-21.7,-31.9,-37.2,-21.7,
1.5,-7.7,-6.2,-34.2,-4.1,-1.4,-7.7,-6.5,-26.8,
1.5,-14.9,-20.9,1.50142,5.3,8,-7.4,-12,-20.4,
1.5,6.9,7.9,-8.5,7.9,-18,1.6,-6,-23.7,
1.5,-6.5,9.2,-17.5,-0.5,-16.5,-2.7,3.2,-9.8,
1.5,-34.5,-3,-33.5,-3,-20.5,-13.8,-6,3.5,
1.5,-10.9,-27.4,-0.5,-0.4,-14.4,-13.9,-6.5,2,
1.5,-21.4,-20.4,-11.4,-11.9,-38.4,-10.4,-33.4,-50.9,
1.5,-20.4,-1.3,-31.4,3.6,-75.4,-39.9,-90.4,-36.4,
1.5,-2.6,-37.4,-40.9,-4.9,1.50142,-9.9,1.50142,1.50142,
1.5,-8.4,-3.7,1.50142,3.7,9,14,-29.4,0.7,
1.5,-8.9,-4.9,-27.4,-11.4,-22.4,-32.9,-44.9,-33.4,
1.5,-22.9,-19.9,-11,-57.9,-49.4,-37.9,-8,-6.7,
1.5,4.1,-39.4,-23.4,-14.4,-2.9,-14.4,-8,-19.4,
1.5,-6.2,4.7,10.4,1.50142,-26.2,-22.7,-21.7,-38.2,
1.5,-5.9,-2.4,-16.7,0.3,-22.4,-19.4,-29.7,-25.2,
1.5,6,0.8,-12,-1.2,-14.5,-14.9,-7,-28.5,
1.5,1.92865e-15,-6,2.7,2,-11.4,-27.4,-3.3,2.7,
1.5,-3,-3,-8.8,-7.4,-15.3,-3,-5.5,-14.5,
1.5,-3.9,-0.4,-7.4,-2.6,-4.5,-13.8,-14.4,-5.1,
1.5,-12.4,-1.3,6.9,-1.3,-8.1,-10,-5.5,-20.1,
1.5,7.3,-0.8,3,0.9,-9.2,-19.7,-17.9,2.1,
1.5,2.3,3.8,-14.2,-0.7,0.6,-3,-5.5,-34.4,
1.5,-2.7,-14.7,-2.2,-4.6,-16.9,-25.4,-1.8,-16.4,
1.5,4.6,-12.1,-3.4,-5.9,-15.4,-23.9,-6,-24.4,
1.5,0.1,-12.9,0.6,-26.2,-2.3,-1.8,-6.5,-17.8,
1.5,4.7,-26.2,3.2,12.2,-0.8,-17.3,-13.8,-15.5,
1.5,-2.5,-1.5,-4.8,-12.3,-20,-32,-17.5,-7.9,
1.5,3.3,8.8,-21.2,-15.6,-11.7,-18.5,-31.7,-16.2,
1.5,-17.1,-11.1,-7.3,5.6,-12.1,-26.1,-46.6,3.2,
1.5,4.1,-7.9,-1.4,-28.7,-13.9,-19.9,-36.9,-29.9,
1.5,-17.4,0.1,-10.4,-15.2,-11.9,-29,-32.9,-25,
1.5,3.1,-10,-7.4,8.1,-12.9,-22.9,-31.4,-19.9,
1.5,-3.4,5.5,-8.9,-18.7,-9.1,6.8,-30.1,-13.4,
1.5,3,-19.2,-10.2,1,-11,5.6,-7.5,-10.6,
1.5,-12.2,3.1,-8.9,2.5,-4.5,-12.2,-12.4,-10.2,
1.5,-11,-1.5,-7.6,-15.2,-12.7,-19.7,-28.5,-14,
1.5,-6.4,-4,-1.7,-8.7,-3.4,-3,-6,-1.9,
1.5,-0.3,-7,-1.5,-2.1,4.2,-0.9,-9.9,-7.8,
1.5,-8.8,-9.8,-6,-8.3,-8.3,-6.3,-23.5,-24.3,
1.5,-9.8,-8.8,0.7,-8.8,-38.6,-35.8,-6,-22,
1.5,-2.4,6.1,-33.4,-30.9,-31.4,-18.4,3.1,-30.4,
1.5,-0.9,-17.6,-30.1,7,14,-5.6,-18.3,-7.5,
1.5,-18.5,3.7,1.50142,2.7,-6.8,8,-7,2.5,
1.5,3,-6.5,7.5,3.5,3,-13.7,-33.2,-15.2,
1.5,-1.8,-15.5,0.5,-30.8,-16.9,-40,-7,-18,
1.5,-2.4,-9.1,-5.9,-39.4,-12,-23.5,-7,-7,
1.5,1,-17.9,5.5,1.50142,2.5,1.50142,-7,-6.5,
1.5,3.5,8.8,5,11.3,1,-6.7,-7.5,-26.2,
1.5,-15,0.6,-15.4,-1.3,-29.7,-25.2,-34.4,-29.7,
1.5,-15.5,-14,-24.5,-15,-28.9,-42.5,-7.5,-42.5,
1.5,0.2,-6.5,-20.8,-25.4,-6,-11.4,-14,9.2,
1.5,-10.8,-20.4,21.4,11.2,-29,8,-10.5,-9,
1.5,2,-5.5,-18.3,3,-1.9,-2.89298e-15,-13,-8.5,
1.5,5.2,8.5,3.1,-1,-9.5,-19.5,-6.5,-34.9,
1.5,0.5,-1.8,-1.7,-5.2,-11,-32.4,-13.7,-34.4,
1.5,-20.9,-19.9,-9.9,-7.6,-37.4,-20.4,-5.5,-2.5,
1.5,-18.4,6.4,-8.9,-12.9,8,1.50142,-20.4,-10.9,
1.5,0.8,-4.7,0.3,-1.7,-2.4,7.1,-8.8,-38.3,
1.5,7.2,8.7,-15.9,8.7,-37.9,-32.9,-17.8,-36.9,
1.5,-6.9,-17.4,-3.4,-24.9,-4.3,-7.4,-6,8.3,
1.5,-6,0.6,10.6,-9.9,-6.1,8.1,-6.5,1.5,
1.5,-4.9,-3.9,-0.6,-4.4,-23.5,5.6,-42.4,-16.4,
1.5,-3.6,-5.9,-48.6,-3.4,-14.4,-27.1,-7,-2.8,
1.5,-19.9,-7,1.7,-30.4,-18.4,-5.7,-7,-6.9,
1.5,-25.6,-31.6,-8.8,5.3,-0.5,2.2,-7.5,-5.6,
1.5,16,-15.5,3.6,-7.2,-7.5,-6.2,-18.7,-36.7,
1.5,-20.1,-11.1,-13.1,-19.1,-37.9,-22.4,-40.6,-35.1,
1.5,-6.4,-7.9,-7.4,4,-23.9,-23.4,-7.5,-2.5,
1.5,2.8,6.8,3.8,-9.4,2.8,16.8,-19.2,-10.3,
1.5,2.5,6,8,8.5,-10.4,8.5,-7,-27.9,
1.5,-9,-9,-20.9,-3.4,-17.5,-27.4,-38.9,-11.5,
1.5,-15.9,-14.9,-4.5,-44.9,-26.4,-28.3,-6.5,-50.4,
1.5,3.6,-10.4,-4.9,-2.4,-4.5,-39.4,-7,-17,
1.5,6,7,1.4,-19.4,-23,9,-2.4,-32.4,
1.5,-3.85731e-15,2.3,-16.2,-3.5,-14.9,-33.6,-37.6,-32.6,
1.5,-25.4,-24.4,-6,-24.9,-8.9,-42.9,-6.9,-7.5,
1.5,7.9,-13.9,-9.9,-13.9,-7.9,1.50142,-5.5,4,
1.5,-0.3,-4.8,0.1,4.2,-24.3,-2.89298e-15,-25.4,-23.3,
1.5,1.6,-2.9,-27.8,-0.4,-50.4,-28.9,-6.5,-26.2,
1.5,-10.4,-4.2,-46.4,0.2,-4,-8.2,-7,-14.8,
1.5,-15.4,5.3,1.50142,-3.3,-7.5,-9.9,-2.5,-15,
1.5,8,7,5.5,7.7,-19.7,6,-7,3,
1.5,-8.2,-7,-17.7,-6.5,-6,-3,-15.9,-7,
1.5,-42.7,-10,-10.1,-6.6,-40.9,-19.4,-7.5,-2,
1.5,-1.6,-5.5,-32.9,-17.2,-7,-5,-7.8,-8,
1.5,-21.4,-4.6,9.5,9.8,-20.1,-10.5,-33.4,-32.1,
1.5,3.5,-3.6,-22.1,-4.1,-3.4,-31.4,-7.5,-3,
1.5,-8.2,-11.1,-2,-25.6,1,3.9,-19.5,-8.5,
1.5,-0.9,-32.6,-2.5,2.5,-7.7,-11,-26.7,-28.1,
1.5,-2.9,12.5,-11.2,-1.9,-8.9,-43.4,-5.5,-6.8,
1.5,-4.3,-13.9,-1.5,-26.4,-9.5,0.2,-26.9,-23.9,
1.5,-26.4,-9.9,-9.9,3.1,-27.9,-20.9,-5.5,-25.9,
1.5,-13.4,-4.4,-28.4,-14.8,-12.4,-9.9,-25.4,-20.4,
1.5,-3.9,-7.4,0.6,-7.4,-2.9,-37.4,-8.9,-42.9,
1.5,-9.9,-2.4,-18.9,-20.9,-3.5,-20.9,-31.9,-28.4,
1.5,-15.9,-23.8,-15.8,-15.8,-38.6,-35.9,-7,-31.4,
1.5,-13.8,3.7,-3.9,1.50142,-7.5,-13.1,-10.3,4.7,
1.5,-3.4,-1.9,6.6,-2.9,-27.3,5.3,-32.9,-23.2,
1.5,-9.9,-6.4,-13.2,-4.4,-7.9,-22.2,-7.5,-27.3,
1.5,-0.2,2.8,0.8,-9.2,-7.2,-25.9,-20.2,-29.9,
1.5,-16,-4.7,-4,-15,-4.2,-32.5,-7,8,
1.5,-15.5,-4.5,0.5,-20.9,-11.4,1.50142,-25.4,-10.4,
1.5,1.8,-7.8,-13.8,3,-4.4,-8.2,-7,-33,
1.5,2.7,-13.9,-16.4,-18.9,-37.9,-33.4,-11.5,-36.4,
1.5,-5.9,-20.4,-20.4,-20.9,-18.3,-20.4,-6,5.7,
1.5,-1.9,4.7,1.2,-19.4,-5.1,1.50142,-5.5,-7.5,
1.5,-0.9,-9.9,-4.4,-15,-29.4,-23.9,-22.6,-19.9,
1.5,-3.5,-32,-6.9,-1.2,-23.7,-5.2,-5.5,-22.7,
1.5,10.5,-1.3,-2.7,11,-12.7,-7.2,-6.5,-0.2,
1.5,-2.1,-7.1,-9.1,-9.1,-8.6,-12.1,-22.1,-13.6,
1.5,3,-13.7,-7.7,8.5,-5.7,-8.5,-6.5,7,
1.5,-14.2,-4.5,-0.2,-14.5,-6,4,-7,-13.5,
1.5,2.8,-14.8,-5,4,-9,-14,-17.8,-14.3,
1.5,-1.8,-0.8,5,-1.3,-35.3,-19.3,-7,-31.2,
1.5,0.4,-4.1,-34.4,-13,-24.6,-31.1,-36.6,-8.8,
1.5,-23.9,-2.5,-41.3,-47.6,-50.9,-25.5,-7,-30,
1.5,-27.9,-23.9,1.50142,-2.6,1.50142,3.5,-7.5,9.2,
1.5,1.50142,-10.2,-0.2,-11.2,0,-1.7,-22.7,-1.7,
1.5,9.2,1.8,-20.7,-5.3,-31.2,-26.2,-49.2,-19.2,
1.5,-9.1,5,-29.1,-24.2,-11.4,-17,-44.9,-40.4,
1.5,-12.8,0.8,5.2,-0.5,-12.9,-34.4,-34.4,-9.4,
1.5,5,3.1,3.3,-1.4,-10.9,-8.7,-33.4,-6.2,
1.5,0.6,-12.3,6.1,9.5,-12.9,6.7,-32.4,-10.3,
1.5,5,4.5,-12.4,4.5,-8.1,-9.3,-30.6,-6.8,
1.5,-10.4,11.5,-3,-4.7,-13.6,-2.3,-30.6,-10.3,
1.5,-2.1,-3.7,-0.3,-1.3,-6.6,-13.3,-34.6,-8.8,
1.5,6.1,5.2,-17,-11.3,-17.4,-6.5,-32.4,-2,
1.5,-16.5,-10.3,2.6,-6,-35.1,-1.4,-5.5,-30.6,
1.5,-10.6,-0.6,-11.6,8.7,-2.89298e-15,-31.1,-25.1,4.5,
1.5,-28.8,-15.5,0.5,-8.1,-7.4,-15.5,-22.5,-34,
1.5,11.3,-3.5,1.9,-10.5,-24.5,-16.4,-36.5,-11.6,
1.5,-3.9,-5.9,-10.3,-14.9,-36.9,-11,-7,-32.9,
1.5,2.7,-2.8,-25.4,2.1,-21.9,-34.4,-42.9,-21.4,
1.5,-21.4,-20.9,5.1,-9.4,-50.9,-38,-7,-20.8,
1.5,3,0.8,-65.9,-15.4,4,-20.8,-32.4,-0.7,
1.5,-41.9,-7.3,-15.5,4.2,-7.6,-17.6,-26,-38.5,
1.5,-5,-16.5,-4,6.8,-29.4,-16.9,-38.9,-22.3,
1.5,6.8,5.5,-27.9,-12.9,-36.4,-21.2,-7.5,-32.4,
1.5,-15.9,0.1,-10.9,-8.6,-18.6,-29.6,8.3,-4,
1.5,-25.9,-23.5,11.9,-42.5,-6.8,-18.8,-7,-11,
1.5,17.5,-27.4,8.7,-12.3,8,-0.4,-14.9,-7.8,
1.5,4.7,11.7,-2.5,5.2,-32,-12.3,-17.9,-42.9,
1.5,2.3,-1.9,-33.6,-6.8,-21.4,-23.9,-4.4,-35.9,
1.5,-20.9,-1.8,-16.5,-18.7,-28.9,-20.4,-5,6.5,
1.5,-17,-8.2,1.50142,-6.9,9.8,1.50142,-5.5,-0.4,
1.5,-16.5,-8.3,1.2,-8.8,-27.3,2.7,-20.8,-38.8,
1.5,-14.9,3.7,-10.9,-15.5,-37.9,-20.9,-43.3,-34.5,
1.5,-7.4,-5.9,-7.4,-6.4,-18.4,-32.4,-6.5,-32.9,
1.5,6.2,9,0.7,-13.1,-15.9,-33.9,-8.1,-12.6,
1.5,-3.3,-29.6,-5.9,-4.9,-16.7,-29.2,-7,-23.9,
1.5,-2.1,-0.7,-4.4,-29.3,6,-23.7,-2,5.5,
1.5,-1.9,-22.3,-0.2,-40.7,-28.2,4,-21.2,-22,
1.5,-15.7,-37.9,-15.4,1.50142,-25.1,-9.4,-5.9,-13.1,
1.5,-14.4,1.50142,-4.9,-5.4,-4.6,-12.1,-7,-21.2,
1.5,1.9,-20.4,6.4,3.9,-27.9,-14.1,-6.6,-34.4,
1.5,-21.9,-20.4,-10.4,-21.4,6,-32.4,-7,2.5,
1.5,-3.1,5,-13.1,-19.6,-20.1,13,-7.4,-20.4,
1.5,-7.9,-6.9,8.3,1.50142,-24.9,-11.4,-7.5,-45.9,
1.5,4.5,-11.5,4.6,-18.9,0.5,-31.9,-18.6,-36.9,
1.5,-19.9,-18.9,-9.4,-11.1,-8.1,-36.4,-6,8,
1.5,4,7,10,-5.9,-8.1,-8.1,-6,-0.5,
1.5,0.1,-8.4,-4,-5.4,-28.4,-22.4,-18.7,-17.9,
1.5,-10,-9.5,-7.9,-39,-41.2,-4.4,-5.5,-35.7,
1.5,1.1,-16.9,-24.9,-6.4,-24.9,-14.9,-35.9,-13.4,
1.5,-1.4,-0.9,2.1,7.6,-4.9,-11.9,-6.5,-51.4,
1.5,-37.9,8.1,6.3,-34.9,-54.4,-38.4,-35.9,-6.9,
1.5,2.5,-24.9,-54.4,-24.4,-39.9,2.7,-7,-17.8,
1.5,-33.4,-21.3,-16.4,1.50142,6.7,-17.8,-33.9,5,
1.5,-4.9,-16.4,-4.4,-11.9,-50.9,-15.5,-27.4,-24.4,
1.5,5.7,4.5,-37.4,-2.89298e-15,-36.9,-25.5,-7,-46.5,
1.5,-34.4,-28.4,-21.4,-8.6,0.6,-34.4,-29.9,-20.9,
1.5,-38.5,4.5,1.50142,-9.9,-46.5,-38.3,-7.8,-50.9,
1.5,1.50142,-9.3,-22.9,-33.4,-6.8,1.50142,-33.4,-27.4,
1.5,-20.9,-17.9,9.2,18,-17.4,-15.9,-9.9,-1.9,
1.5,9.6,1,-0.8,13.1,-13.3,-4.9,-7,-3.2,
1.5,0.2,-1.9,2.7,-2.4,-5.4,8,-19.8,-16.9,
1.5,-7.7,-6.8,-10,-7.2,-36.7,-36.4,-6,-33.4,
1.5,-6.4,-4.4,-5.9,0.6,-8.6,-8.4,-5.5,-4.4,
1.5,4.8,5.8,5,4.6,-5,15,-7.2,-6.3,
1.5,2,5.8,-4.2,2,-24.7,8.5,-6,-24,
1.5,-8.3,-15,-29.3,-15,-27.7,-23.2,-12.1,-7.6,
1.5,-10.3,-4.5,-7.4,-12.7,-28.6,-24.6,-6.5,-16,
1.5,-0.8,4,-28.4,-4.8,10.5,3.5,2,-14.5,
1.5,-10.9,9.4,-15,8.4,-8.6,7.2,-7.5,3,
1.5,-3.5,13,-6.5,13,-6.5,-1.5,-7.5,-32.5,
1.5,-19.4,-7.5,-16,-10.8,-43.4,-17.9,-58.9,-8.5,
1.5,-36.4,-32.9,-0.9,-17.9,-64.9,-7.5,-16.5,3,
1.5,14.2,-2.9,-51.9,-7,6.5,4,-17.7,-7,
1.5,-55.9,2.5,4,-2.5,-43.9,-16.5,-23.9,-24.9,
1.5,-15,-18.7,-18.4,-2.5,-28.9,-9.4,-37.2,-19.2,
1.5,10.5,-2.4,-17.3,11.5,-53.9,-7,-40.4,-62.9,
1.5,-42.4,-0.9,-4.4,-39.4,-6.9,-43.4,-38.4,8.8,
1.5,-0.9,-6.4,-7.4,-30.4,-6.4,5,-8.9,-30.4,
1.5,-3.1,-35.1,-4,1.50142,-12.5,-5.5,-31.9,-25.3,
1.5,-5.9,9.5,-22.9,-6.9,-43.6,-34.6,-6,-39.6,
1.5,-13.2,-13.9,-33.4,-28.4,-14.9,-33.4,-32.4,-29.4,
1.5,-9.9,-6.9,11.7,-38.4,-6.1,-33.9,-5.9,-47.6,
1.5,-20.9,-19.4,-3.9,1.50142,-3.1,1.50142,-6.5,-4.9,
1.5,4.7,11.9,-0.6,15.7,-11,-3.5,-9.3,-11.3,
1.5,0.2,9.7,7.2,3.7,-24.8,-14.8,-18.8,-38.2,
1.5,0.2,1.2,-26.8,-9.3,-35.4,-24.9,-18.3,-45.9,
1.5,-15.9,-8.4,-8.4,-14.4,6.7,-20.9,-7,14.5,
1.5,4.7,-7.3,8.2,1.7,0.7,1.50142,-7.5,0.6,
1.5,1,-2.4,1.7,-3.4,-20.4,7.1,-15.4,-33.4,
1.5,-11.5,2,-33.4,-11.5,-38.4,-26.4,-31.4,-30.4,
1.5,-25.9,-7.1,-18.9,-15.4,-23.1,-16.1,-7.5,10.7,
1.5,-17.4,-13.9,0.1,-14.5,-6,1.50142,-9.8,2.5,
1.5,-3,-17.3,-0.9,-1.5,-28.9,-0.4,-24.4,-38.4,
1.5,-2.4,-1.4,-8.8,-1.4,-37.9,-15.4,-29.3,-38.9,
1.5,5,-1.9,-16.4,-1.9,-20.9,-13.9,-5.5,-29.9,
1.5,1.6,6.2,-9.3,4.1,-18,-8.19678e-15,-5.5,-0.3,
1.5,1.3,-10.7,1,11,-6.9,10.6,-5.5,-16,
1.5,0.1,0.5,-8.5,0.5,-17.5,-15.5,-21,-6.5,
1.5,-25.5,7,-35,-33,-24.5,-24,-6,-38,
1.5,-11.4,-33.9,-12.8,-11.7,-21.4,-33.9,-0.6,-12.3,
1.5,0.7,-16.3,11.2,-2.4,-17.3,-29.3,-7,-43.1,
1.5,-7.4,-4.4,-9.9,2.2,-2.4,-34.9,-23.4,-15.4,
1.5,-3.4,-2.4,7.6,-15.9,-5.4,-32.4,-7,-40.4,
1.5,8.5,-3.9,-3,-18.6,5.5,-19.4,5.1,-8.9,
1.5,4.4,-19.1,-1,4.3,9,-9,-12,-11.3,
1.5,-4.8,1.2,-2.5,-5.5,1.5,-15.5,-7.5,5.7,
1.5,-12.2,-15,-8,-10,-17,-8,-28.5,-12,
1.5,-16.5,-18.6,-32.5,6.5,-13.9,-27.5,-7.5,-20.5,
1.5,-10.9,3,-7.4,-3.9,-17.5,-29,-11.2,-13.5,
1.5,-6.4,-2.8,3.2,-3.3,-6.8,12,-13,-1.6,
1.5,6.6,2,-13.3,6.5,-8,1.5,-7,-19.9,
1.5,-12.3,-5,-7,-4,-25.7,-41.2,-6.5,-8.7,
1.5,-23.5,-20.3,-2.1,-2.9,-5.5,-7.5,-5.5,-15,
1.5,10.7,-2.1,2,1.7,-4,-14,-11.3,-3.7,
1.5,8.3,9.3,-0.3,-10,-27.8,-20.7,-19.6,-7.8,
1.5,-2.9,-12.6,-17.4,-29.8,-8.7,-1.3,-27.7,-22.7,
1.5,-13.4,-11,-4.5,16.7,-9.9,-4.2,-6.5,-4.2,
1.5,1.1,7.5,4.5,-3.8,-1,-7.7,-6.5,-14.2,
1.5,2.5,0.6,0.2,-24.2,-13.2,-13.7,-29.9,-13.2,
1.5,-0.2,-40.7,-30.2,7.2,-35.5,-29.7,-7,-46,
1.5,-18.5,12.5,-23.9,-3.9,-23.4,-34.4,-1.4,-22.9,
1.5,-40.7,-9.2,1.50142,-51.4,-27.2,-39.2,-4.7,-7.9,
1.5,21,-55.4,-15.4,-2.4,-28.5,1.50142,-8.5,3.5,
1.5,-7.4,1.7,-12.9,-11.4,-9.2,-4,-31.9,-9.2,
1.5,-15.6,-14.6,8.8,-5.3,-74.9,-14.2,-90.4,-53.9,
1.5,-39.4,-43.9,-59.4,-41.9,-58.9,-37.4,1.50142,7,
1.5,-33.4,-6.4,-55.4,-10.9,1.50142,11.5,-23.1,-12.8,
1.5,1.50142,-28.9,1.50142,-20.9,-42.9,-36.9,-58.9,-16.9,
1.5,-4.4,-10.3,8.7,-23.9,-43.9,-19.9,-31.4,-73.9,
1.5,6,-5.2,-15.4,9.3,-33.1,-67.9,-5.5,-30.8,
1.5,-14.9,-19.4,-32.9,-64.9,-5.5,-14.6,-5.5,1.50142,
1.5,-8.4,-37.9,12.5,-31.8,-23,-36.9,-5.5,-3.5,
1.5,-4.2,0.9,-16.2,1.50142,-28.7,-4,-15,-13.2,
1.5,5.5,0.5,-26.9,3,-13.5,-32.9,-52.9,-17.9,
1.5,-21.9,7.6,4,-14.9,-45.4,-12.9,-12.3,-15.4,
1.5,7.5,-2.8,-22.9,3.1,2.2,-17.9,-7.5,0.1,
1.5,0.8,5.6,2.5,6.1,-11.9,-8.9,-20.9,14.5,
1.5,1.50142,1.50142,1.50142,1.50142,1.50142,1.50142,1.50142,1.50142,
1.5,6.5,7,3,7,-11.5,-2,-8.8,-11.8,
1.5,6,7,-9.8,3.6,-15.8,-9.8,-21.5,-24,
1.5,-11.3,-5,-17.3,-11.3,-35.5,-23.2,-7.5,-37.7,
1.5,-12.8,-1.9,-7.9,-17.7,-3.5,-5.4,-7.5,7,
1.5,-6.4,-15.7,-2,7.5,-5.5,3.5,-9.3,-2.7,
1.5,11.3,12.8,-8,11.8,-24.7,-5.2,-11.3,-25.3,
1.5,3.8,-0.7,-21.3,-19.5,-29.4,-20.9,-35.7,-19.7,
1.5,-31,-28.7,-38.9,-29.8,-29.4,-28.7,-5.5,-42.9,
1.5,-15.4,-11,-10.9,-0.9,-15.4,-32.9,-10.9,-10.4,
1.5,1.6,2.6,13.6,-7.4,-32.9,-14.9,-26.6,-1.9,
1.5,10,13,-28.4,-2,-20.9,-13.4,-22.4,2.1,
1.5,-49.4,-1.9,-25.3,11.1,-43,-22,-5.5,1.5,
1.5,-15.4,1.5,-33.9,-21.9,-5.5,1.5,2.5,7.5,
1.5,-6.4,-15.9,-10,-3.5,-38.4,-3,-18.4,-50.9,
1.5,9.2,2,-10.8,7.7,-69.4,-54.9,-28.4,-7.5,
1.5,-40.4,-38.9,-40.4,-41.4,-5.4,-8,-41.9,-65.4,
1.5,-22.4,-12.9,7,7.5,1.5,-41.9,-14,6,
1.5,10.5,7,-6.5,-9.9,-19,6,-32.9,-20.9,
1.5,1.6,-2.9,-44,7,-7.9,-22.5,-58.9,-16.4,
1.5,-13.9,4.1,5.1,-0.9,-48.9,6.1,14.5,-51.9,
1.5,-1.5,-4.3,10.5,7,5.5,-51.9,-1.5,-6.6,
1.5,5,14,11,-58.4,-29.9,-10.5,-7.5,-38.9,
1.5,-8.5,-63.9,-33.5,-20.9,-28.5,-32.4,-44.5,-38,
1.5,-6.9,-1.8,-9.9,1.50142,-15.4,-15.4,-6.5,14.5,
1.5,-0.8,-1.5,-13.9,9.6,-18.4,-1,-7.5,-63.9,
1.5,-5.3,-4.3,-21.8,-4.8,-53.9,-34.9,-11,-5.8,
1.5,-2.8,-35.9,-35.4,-19.4,15.1,1.3,-5.5,-35.4,
1.5,-14.9,4.8,1.50142,14.5,-5.3,-33.4,-21.8,-1.8,
1.5,10.2,-18.8,-5.3,-28.9,-16.3,-6.8,-12.8,-28.9,
1.5,-4.9,-29.3,-15.4,-12.3,-12.8,-2.8,-5.5,2,
1.5,-9.9,5.7,-7.8,1.50142,-5.3,5,-6,-10.3,
1.5,-7.8,8.3,-5,8.3,-9.3,-10.3,-9.2,-29.3,
1.5,2.8,3.8,-14.2,3.3,-33.3,-3.3,-7,-3,
1.5,-1.7,8.5,-14.4,3.5,-1.5,-28.4,-2.3,1,
1.5,-18.8,3.5,0.2,-17.9,-3,2.1,-7,-16,
1.5,6.7,-17.9,-4,4.5,-8,-16.5,-17,4.5,
1.5,4.5,5.5,-12.5,4.5,-24.5,-3,-7.5,-35.8,
1.5,-3.5,-5.8,-12.8,-6.1,-21.9,-32.9,-28.3,-11.8,
1.5,-7.9,-6.4,-24.4,-12.9,-14.9,-14.3,-7.5,-43.9,
1.5,-5.3,-1.9,4,-7.3,3,-31.9,-4.5,-1.9,
1.5,11.6,-9.9,-1,-25.1,-10.4,-4.4,-6,-1,
1.5,1.1,-3.4,-9.4,-4.4,-5.1,0.2,-6,-1.4,
1.5,-9.7,12.2,-9.5,11.7,-7.1,-5.3,-5.5,-31.8,
1.5,0.8,-9.1,2,-7.5,-33.1,-31.1,-9.5,-6,
1.5,-21.9,-20.9,-20.4,-48.1,-26.7,-23.6,-38.4,-50.9,
1.5,-19.9,-5.4,-2.9,-0.6,-10.4,1.50142,-6.5,8.3,
1.5,10.4,8,-9.9,1.5,-6,14.5,-21.4,-7.8,
1.5,3.2,7.9,9.7,7.2,-6,-11.8,-7,-38,
1.5,-22.4,7,0.5,1.7,-37.9,-18.4,-11,-7,
1.5,1.7,-19.4,-21.9,-17.8,-10.9,-6.5,-37.9,-33.4,
1.5,-13.9,4.6,7.6,-3,-13.4,-18.9,-22,16.5,
1.5,13,0.5,-9.4,3.6,-8.9,5.5,-7.5,-18.9,
1.5,3,6.5,7,8.5,-8,-17.4,-17.4,-7.9,
1.5,-3.85731e-15,0.5,-9.5,-8.4,-7.9,-23.4,-9.4,-32.4,
1.5,-25.2,-23.9,-23.4,-19.4,-16.6,-14.6,-25.2,-13.5,
1.5,-10.4,-18.7,-15.5,11.7,-28.4,-12.5,-6.5,-24.4,
1.5,3.2,12.5,-27.4,6.2,-13.8,-13.3,-24.4,-18.7,
1.5,-9.9,-5.2,3.7,-5.2,-6.3,-34.7,-1.2,-41.3,
1.5,6,-1.9,9.5,-17.4,-1.8,-17.4,-34.4,2.7,
1.5,-5.9,-7.4,-1.3,-16.9,-37.9,2.5,-8.5,-33.4,
1.5,-10.3,-1.9,-32.4,1.50142,-19.9,-32.4,-18,-11.4,
1.5,4.2,4.7,-33.7,-6.6,-32,-12.8,-6.5,-19.7,
1.5,-33.9,1.5,1.50142,3.2,1.5,-19.2,6.2,5.6,
1.5,-15.5,-15,7.5,-4.5,-7.5,-15,1,-15,
1.5,5.6,6.6,-7,2,1,2,-16.9,7.5,
1.5,8,6,5.6,6,-3.9,-11,-7.5,-15.4,
1.5,-1.5,10,-6.8,2.6,-18.9,-3.4,-7.5,-10.5,
1.5,0.7,2.5,-0.4,4,-6.5,-12.9,-7.5,-21.9,
1.5,1.1,3,-5.5,-11.9,-20.4,-20.9,-8,-14.3,
1.5,5,-1.4,-19.9,-20.5,2,-13.3,-11.8,-12.3,
1.5,-15.7,-16.5,-4.5,-29.3,-7.8,-25.3,-18.3,-27.3,
1.5,-13.4,-19.8,9.7,3.1,-15.9,-9.4,-9.3,-27.3,
1.5,2.1,10.1,-16.4,0.1,-8.7,-29.9,-6,-25.4,
1.5,-4.9,6.5,-1.5,-25.5,-6.9,-18.9,-12.4,-18.4,
1.5,3.2,-4.6,-1.4,-0.9,-7.9,-12.8,-15.5,7.7,
1.5,3,1.7,-15.9,3.5,-19,-6.5,-5.5,-23.5,
1.5,-19.4,5.9,-22.5,3.5,-13.6,-24.1,-29.6,4.9,
1.5,-39.5,14.5,5,-41.2,-22.5,-16,-7,-47,
1.5,20,-12.9,-22.5,6,-7,-12.4,-19.7,-12.4,
1.5,-7.2,-6.2,-11.5,-7.2,-36.7,0.6,-23.4,-50.4,
1.5,-37.4,-33.9,-57.4,-3.3,-20.9,-51.4,-69.9,-10.4,
1.5,-37.4,14.5,-8.3,-36.4,-35.9,-13.4,-4.2,-38.4,
1.5,1.50142,-28.9,-11.4,8.6,13.2,-27.4,-36.9,-44.4,
1.5,-23.9,1,-13.9,-23.9,-24.4,-7.9,-10.4,-5.9,
1.5,-9.4,2.7,7.2,4.7,-6.8,-14.4,-18.8,-28.3,
1.5,6.5,7,-1.3,-8.8,-19.2,-23.9,-7.5,-23.4,
1.5,-3.3,-8,-18.5,-22.7,-7,-22.4,-11.7,-22.9,
1.5,-31.5,-7.7,-9.5,-35.5,-27.3,-15.7,-7.5,-35.7,
1.5,9.8,-17.9,-4.4,15.8,-14.4,-2.9,-7,-13.4,
1.5,15.6,-16.1,-1.3,-16.1,-0.9,-0.4,-30.6,-43.6,
1.5,-1.4,7.6,1.2,-16.9,-32.4,-8.9,-15.5,-29.1,
1.5,-2,-6.4,-7.1,2,-5,-15.8,-5.5,-18.3,
1.5,-1.5,7,0.8,6.7,3.7,-13.3,-5.5,-12.8,
1.5,7.2,10.6,1,-13.8,-6.4,-13.3,-18.9,0.2,
1.5,12.3,-31.3,-24,-30.8,-33.9,-17.2,-6.5,-36.4,
1.5,-25.7,-32.6,-35.9,3.4,-23.9,-33.4,-22,-6,
1.5,-20.4,1.50142,1.50142,-8.4,-38.4,-22.1,1.1,-22.1,
1.5,-11.4,-15.9,-22.4,-22.7,-34.4,-13.4,-34.3,-7.9,
1.5,5.5,0.8,-16.4,6.1,-13.9,2.6,-7.5,-6.4,
1.5,-2.9,12.5,8.6,6.1,-15.4,-6,-10.8,-2.9,
1.5,8.4,1.5,-9.4,-10.1,-13.9,-6.6,-7.5,-11.5,
1.5,9.8,-30.1,-33.4,-10,-27.5,-10.3,-31.3,-2,
1.5,-10.4,-23.1,-2.4,-23.3,-7.6,-14.9,-11.4,-46.1,
1.5,-11,-16,1,-4.3,-26.9,-16.9,-12.5,-9.5,
1.5,5.8,-8.4,-13.9,5.3,-8.5,-19.2,-7,-26.2,
1.5,-0.9,5,-8,-6.5,-13.2,-25.7,-1,-3,
1.5,-25,7.5,1.3,-20.8,-8.1,-20.1,-6,-15,
1.5,3.5,-19.8,-6.5,-19.2,-5.1,9,-6,-0.1,
1.5,-5.5,-36,-10,-3,-23.1,10.5,-23.9,-41.9,
1.5,-26.6,15.9,-12.2,2.3,-41.4,-20.9,-28.2,-26.7,
1.5,0.3,-5.4,-5.9,-11.4,-14.9,-29.4,-6.4,-31.4,
1.5,-3.4,-0.4,4,-11.4,-6,-13.1,-25.9,20.5,
1.5,-12.9,-11.9,-2.4,-12.4,-10.4,3.1,-15.9,0.1,
1.5,1.1,-12.4,-10.4,4,-20.4,0,-7,-15.9,
1.5,8.1,-0.4,-20.4,20,-19.9,-16.4,-12.4,-18.9,
1.5,-37.4,-3,-36.2,0.6,-23.4,-35.9,-7.5,-15.9,
1.5,-17.4,8.7,-1.4,-17.4,-3.9,-14.9,0,5,
1.5,-13.9,3.6,3.5,5,-1,-11.5,-7.5,-46.9,
1.5,-4.4,6,-3,14.7,-22.4,-32.9,-15.5,-4.9,
1.5,9.3,10.3,-35.5,-2.4,-28.5,-7.2,-7.5,-28.9,
1.5,-33.4,-8.9,-9.4,-5.9,1.7,-27.8,-17.9,2.6,
1.5,-22.7,-3.4,-5.9,-18.4,-9.9,-11.5,10,-30.4,
1.5,1.50142,8.2,6,10.7,-4.6,-12.1,-14.9,-7,
1.5,2.3,0.9,0.9,-6.1,-13.8,-9.3,-13.7,5,
1.5,12.2,-5.6,-11.3,-8.7,-11.3,-12.8,-20.3,2,
1.5,-18.3,-12,-14.8,-16.3,0.7,-23.3,-5.5,-5.8,
1.5,-6.8,-8.9,7.3,5.6,-2,2.8,-6,-2.2,
1.5,-6.3,-5.3,0.2,-5.8,-13.6,-9.1,-18.3,-35.8,
1.5,-2.7,-8.7,-16.5,-11.5,-37.9,-23.4,-23.8,-21.3,
1.5,4.4,4.9,-20.9,-23.9,-10.2,-21.6,-7,-24.2,
1.5,-7.8,-24.2,8.3,-8.6,-4.2,-24.2,2.4,-3.2,
1.5,-3.5,-25.5,8.2,-11.2,-7.6,-20.1,-7.5,-15.5,
1.5,3,9.3,-6.1,-18.7,-6,-22.7,-43.7,-22.7,
1.5,-8.7,-8.2,2.8,-4.2,-18.9,-35.7,-27.7,-46.9,
1.5,-0.9,5.7,0.6,-13.9,-1.4,-13.9,-7.5,-28.4,
1.5,10,-7.9,5.7,-1.9,2.5,1.50142,-7.5,-6.9,
1.5,-1.9,12.6,1,14,-5,0.5,-7.5,-16.3,
1.5,5.6,7.1,-17.2,-14.3,-20.4,-14.4,-11.5,-19.4,
1.5,-30.1,-29.3,-23.4,-26.8,-16.8,-22.7,-6.5,-32.2,
1.5,-23.9,-26.9,3.1,-23.2,-11.2,-19.6,-5.5,1,
1.5,2,1.50142,1.50142,-18.7,-10.3,-0.8,-28.5,-28.3,
1.5,-16,-13.4,-15.9,-18.3,-30.9,-11.9,-50.9,-45.4,
1.5,-19.9,-10.9,-53.9,1.50142,-39.4,-6.9,1.50142,1.50142,
1.5,-36.9,8,-12.9,18,1.50142,9,-24.5,-11.9,
1.5,5.6,-0.9,13.6,12.1,-17.8,-14.4,-35.2,-19.9,
1.5,7.8,3.8,3.7,1.7,-6.4,-22.7,-7.4,-42.4,
1.5,-5.9,-2.7,3.5,-17.2,2.6,-17.9,-27.9,-12.7,
1.5,9.5,-16.8,-4.7,-21.9,-7.9,-11.7,-32.4,-17.4,
1.5,4.8,-14.9,1.6,-4.8,-15.1,-8.8,-7.5,0.8,
1.5,5,4.8,-18,-12,-4,-4.5,-20.4,-16.4,
1.5,-42,-25,-4.9,-17.4,-6.9,-40.4,-7.5,-29.4,
1.5,-8.2,-0.4,-13.4,-36.9,-25.4,-20.9,-8,-1.5,
1.5,-19.9,-19.4,5.6,4.5,0.5,1.50142,-32.9,-46.9,
1.5,-14.5,6.2,14.3,5.7,-14.9,-20.4,-19.9,-23.8,
1.5,-12.2,14.5,-6.2,-8.4,-7.7,-26.7,-33.2,-6.7,
1.5,-3.6,-0.4,9.3,-26.9,-16.9,-10.4,-20.9,-34.4,
1.5,2,-15.9,-15.9,6.1,-23.8,-7.9,-37.4,-20.3,
1.5,-5.9,13.2,-16.2,7.2,-6.4,-12.8,-28.4,-2.5,
1.5,-4.4,6.7,14,-7.3,-11.9,2.3,-16.9,-3.9,
1.5,5,-6.4,4.7,5,-20.9,-2.8,-6.5,-16.4,
1.5,5.5,6,-21,1.3,-5,-16.4,-14.9,-2.5,
1.5,-13.5,11,-21.2,-8.9,-7.8,-18.3,7.2,-31.8,
1.5,-19.6,-14.5,16.2,-14.3,-18.6,-14.6,-23.8,-4,
1.5,4.8,-13.3,5.2,12.2,-27.2,-2.8,-7.5,-22.7,
1.5,10.8,-11.9,-14.4,10.8,-2.3,-21.7,-7.7,-13.3,
1.5,-16.8,-1,-1.8,-34.7,-16.3,-28.3,-7.5,-11.5,
1.5,-9.8,-33.4,-15.4,-35.9,-15.5,1.50142,-19.4,-10.9,
1.5,-5.7,-43.4,-18,1.50142,-32.7,7.8,-8,-29.9,
1.5,-28,1.50142,-32.4,-14,-17.5,-33,-43.9,-32.4,
1.5,1.50142,-7,11.5,-27.9,-24.9,-3.9,-6.5,-36.9,
1.5,-28.9,-17.9,-14.4,9.7,7,-28.4,-27.4,-23.9,
1.5,-6.7,2.3,-0.7,-3.2,-14.9,-23.2,-5.5,-44.4,
1.5,1.9,-3.2,-4.5,3.8,-8.4,-33.4,-12.8,-7.4,
1.5,5.1,2.4,-12.9,-22.4,-29.8,-12.9,-5.5,-24.3,
1.5,-7.9,-18,-29.5,-8.4,-0.5,-24.8,-7,-5,
1.5,-11,-25.9,-18.1,5.7,-24,-22.2,-6,-16,
1.5,2.3,20,10.3,-22.2,-10.6,-19.5,-28.5,-18.5,
1.5,-6,-5,5.5,-36.7,-6.4,-35.5,-7,-44.9,
1.5,0.6,-17.9,11,-3.4,-23.4,-18.4,-34.9,-16.4,
1.5,11.6,7.5,-3.9,10.6,-37.9,-15.9,-9.5,-22.6,
1.5,1.7,9.1,-20.4,-2.9,-7.7,-20.7,-21.4,-2.9,
1.5,-32.4,-15.1,6.4,-32.1,-5.5,-14.2,-8,-33.5,
1.5,-2,-27.6,-5.7,-17.7,-16.4,-18.9,-2,-15.9,
1.5,11.6,-17.7,2.6,10.1,10.6,-15.9,-12.1,3,
1.5,-7.9,13.1,4.1,-2.9,1.4,-14.9,-32.4,-26.9,
1.5,-3.2,-7.7,-2.7,-5.2,-56.1,-50.9,-7,-21.2,
1.5,7.9,4.3,-39.9,-32.4,5,-8.6,2.6,-52.9,
1.5,-14.9,-12.6,3,6,5.8,-41.9,-6.2,11.3,
1.5,6,7,-4.6,-31.4,-3.6,7,-5.5,-23.5,
1.5,2.3,-30.6,1.8,-2,-22.2,-23.1,-17.8,-16.2,
1.5,-16,-19.4,-2.2,-3.5,-24.8,-13.5,-5.5,-33.5,
1.5,-5.8,-3.1,-8.3,-13.5,-6,-14.4,-34.6,-11.6,
1.5,-2.3,-1.3,15.4,-31.8,-18.4,-3.3,-6.5,-4.7,
1.5,1.5,-22.6,-10.3,19,-10.5,-8.7,-7,-4.2,
1.5,-10.3,10,-12.4,-9,-7.5,-6.8,-22.8,-3.3,
1.5,-29.4,9.5,1.3,-23.8,-6.2,-20.5,-7.5,-6.2,
1.5,11,-15.7,-9.1,4,-10.5,-8.6,-9.3,-4.6,
1.5,-15.4,4,-8.9,15.9,-8.2,-6.7,-27.4,-9.2,
1.5,3,6.3,-22.8,5.8,-10.9,-21.7,-10.5,-40.4,
1.5,-16.2,4,-0.4,-23.2,-12.4,-14.4,-35.9,-9.9,
1.5,7.1,-20.2,2.7,-11.3,-33.4,-6.8,-8,-30.4,
1.5,-3.1,-10.8,-32.4,-5.8,-20.1,-29.6,-7.5,-3,
1.5,-15.6,-8.7,-35.7,-45,-23.2,-6.1,-6.5,-12,
1.5,-16.9,-15.9,1.50142,7.9,2,-10.5,-2.4,6.6,
1.5,14.5,15.5,8.9,15,-19.1,-2.5,-5.5,-32.1,
1.5,-7.1,-5.9,-18,4.8,-23.6,-30.6,-9.4,-8.9,
1.5,-2.89298e-15,4.5,-28.1,-6.1,-35.6,-13,-5.5,-48.1,
1.5,-17.4,7,-12.4,8,15.5,-5.4,-7,14.4,
1.5,-6.4,8,1.1,8.5,-5.5,11,-6.5,-17.5,
1.5,-4.9,3.5,-4,-4.4,-16,-17.5,-21.9,-4,
1.5,-20.3,10.2,-32.5,-34,-26.4,-20.3,-7.5,-38.9,
1.5,-20.9,-33.4,-11.4,-5.3,-18.9,-32.9,-3.5,-18.4,
1.5,-4.3,-7,11.2,-5.9,-19.8,-33.3,-7.5,2.5,
1.5,0.5,-9.8,-14.2,-5.4,2,1.50142,-19.8,-34.9,
1.5,-16.2,8.5,2.3,3.3,-3.2,-22.9,-9.2,-8.5,
1.5,3,2.5,7.5,7.5,-23.2,-12,-7.5,-10,
1.5,17,2.5,-21.7,-11,-6,-8.6,-14.9,2.5,
1.5,0.3,-11.9,-7.1,-10,-1.3,0.5,-5.5,-12.5,
1.5,-2,-5.1,9.5,21.2,-7.5,-11,6.5,1,
1.5,13.6,13.6,-16,-17.4,-7.5,-1.9,-4.5,4.5,
1.5,-17,-18.4,-3,-13.9,-5.4,-8.4,-5.9,-12.7,
1.5,-9.1,-20.4,10.3,19.1,-19.2,2.8,-5,-30.7,
1.5,-4.6,1.4,-13.5,-4.6,-25.6,-19.6,-34.6,-30.6,
1.5,-19.6,-7.7,-17.4,-17.9,-17.9,0.9,-6,-4.4,
1.5,-4.9,-3.9,-4.9,13.2,-1.4,5.1,-6.5,-0.4,
1.5,-7.7,-6.2,-3.8,2,-23.2,-2.9,-18.7,-35.7,
1.5,-0.7,3.3,-16.7,-6.1,-27.4,-22.4,-7.2,-20.2,
1.5,-7,6.8,-13.4,-16,-6.7,-7.7,-7,-7.1,
1.5,10.1,-17,9.2,-8.7,12.5,-8,2.6,8.1,
1.5,14,4.5,11,-11.5,-14,-2,-8,2,
1.5,7,1.5,-2.5,16.1,-6.5,-12,-7.5,-16,
1.5,-4.3,6.5,-5.5,-11.5,-18,-1,-4.5,-28.5,
1.5,3.5,-2.8,-19.9,-2.8,-19.4,-13.9,-31.4,-26.9,
1.5,-20.2,7.6,-20.7,-12.1,-3.1,-7.9,-5,3.1,
1.5,-8.6,-2.1,9.4,4.1,3.1,8.6,-5,5,
1.5,-8.7,6,2.5,-7.7,-24.7,-3.7,-20.2,-37.7,
1.5,-13.8,-12.2,-23.8,-12.2,-44.2,-20.9,-57.9,-10.4,
1.5,1.3,-38.4,-32.9,-20.3,-64.4,-9.4,-7.5,4.5,
1.5,-23.4,-0.8,-41.9,13.8,17,-33.9,-11.8,-37.4,
1.5,-28.9,-21.9,1.50142,-29.9,-6.9,-17.9,-57.9,-18.4,
1.5,1.50142,0.5,-63.9,-0.9,-49.4,-34.9,-22.4,-73.4,
1.5,-56.4,-19.4,-17.4,5.5,-25,-32.9,-14.8,-22.4,
1.5,1.6,-10.9,-13.9,-26.4,-7.3,8.5,-6.5,3,
1.5,-42.9,-42.9,12.1,6,-60.9,1.3,-64.9,-68.9,
1.5,5.5,1.50142,-54.4,-36.4,-56.4,-61.4,15.5,-13.4,
1.5,-57.4,-50.4,-48.4,-58.9,1.50142,4.6,-42.9,-48.9,
1.5,-14.9,-39.9,1.50142,1.50142,-26.9,-6.9,-13.5,-5,
1.5,7.3,1.50142,11.8,11.8,-28,-17,-57.9,-58.4,
1.5,-44.4,-34.4,-12.4,-40.4,-41.9,-35.4,9.2,-9.9,
1.5,5.6,-28.9,1.50142,-15.9,19.5,7.7,-5.5,-11.4,
1.5,-29.4,1.50142,-16.9,-28.4,-2.9,-19.9,-32.9,-43.9,
1.5,-12.4,-20.9,-2.6,-23.7,-5.4,-19.9,-48.4,-50.4,
1.5,-10.4,-18.7,-29.4,1.50142,-18.9,-48.9,-40.9,15,
1.5,-26.9,0.6,-16.9,-9.9,-38.4,-30.9,-5.5,-34.4,
1.5,4.1,-11.1,-25.9,-13.6,-0.4,-34.4,-25.9,-21.9,
1.5,-16.9,-13.9,19.1,-16.4,-16.4,-25.9,-30.4,-42.9,
1.5,-10.1,1.1,-29.6,-3.4,-32.6,-7.9,-41.1,-9.8,
1.5,-5,10,-32.9,5.6,-12.4,-4.3,-28.4,-7.9,
1.5,-13.9,6,1.50142,-2.4,0.6,-3.9,-7,-22.9,
1.5,-5.2,6.3,-0.7,0.3,-5.7,-23.2,-6,-15.7,
1.5,5.3,-3.7,-5.2,-34.7,-19.2,-27.2,-7.5,-30.4,
1.5,-5.5,-28.9,2,-18.9,-11.5,-12.1,-7.5,-10.6,
1.5,3,-10.9,-9.8,-11.1,-0.5,-9.2,-3.3,-10.5,
1.5,4.1,4.1,0.4,4.3,11,-9.4,-7,-4.3,
1.5,12.3,0.3,2,-8.7,-5.5,1.7,-6.5,-0.9,
1.5,11.7,-12,-9,-2,-2,-4.3,-6,-16.5,
1.5,-12.5,-5.9,-0.9,9.5,-10.1,-15,-20.5,-14.5,
1.5,-1.8,-1.3,2.9,-23.5,-6.5,-23.3,-29,-36.5,
1.5,-4.9,-12.9,-6.4,-6.9,-13.3,-1.9,-6,-10.9,
1.5,-12.3,1.7,-5.3,-4.9,-9.1,-3.1,-5.5,-5.1,
1.5,-5.5,-4.7,-8.5,-3.1,-5.5,3.5,-6,-12.9,
1.5,-12.5,7,-1.9,7.5,-16.8,-11.4,-12.3,-29.3,
1.5,4.1,-6.8,-6.4,-0.3,-33.3,-24.8,-15.8,-22,
1.5,-2.9,-2.4,-13.4,-17.3,3.7,-15.4,-27.4,-40.9,
1.5,7.6,7.1,4.6,4.1,-19.4,-12.4,8.1,13.7,
1.5,7.8,7.5,-4.2,13.1,-11,-2.5,-7,-6,
1.5,7.2,-5.3,-11.4,13.8,-1.9,2.9,-2.4,-7.5,
1.5,-27.8,-2,-5.4,-2,-11.5,-24,-7.5,-15,
1.5,-2.5,1.1,-11.5,-21.7,-5,-12.5,-14,-2,
1.5,12.1,-36.2,-6.2,-14.5,-26,-3.9,-6,-40.4,
1.5,4.4,-3.8,-16.4,1.50142,-24.4,-32.4,7.8,-15.4,
1.5,-11.8,-11.8,-40.8,-10.8,-14.5,-1.9,-11.3,-13.9,
1.5,-9.4,2.3,8.2,4.6,3.2,-9.4,-0.3,-23,
1.5,-5.7,-5.7,5.8,-4.7,-5.8,0.8,-5,-31.7,
1.5,-7.6,1.3,0.3,-3.1,-24.6,-18.1,-3.2,8,
1.5,-2.7,-4.6,-9.3,-19.7,-3.1,-1,-6,-4.7,
1.5,-2.2,-12.2,12.9,10.7,0.9,2.8,-7.1,11.8,
1.5,3.5,3,11.1,1.5,-25.2,-3.1,-6.5,-9.2,
1.5,1.8,3.5,-24.9,-19.1,-16.2,-13.7,-18.3,-11.7,
1.5,-11.4,-34.5,-19.4,5.7,-34.3,-22.3,-7.5,-10.8,
1.5,-15.7,11.5,-21.4,5.3,-6.4,-6.4,-16,-0.9,
1.5,3,-11,2,2,-25.5,-7.5,-43.4,-18.4,
1.5,8.7,2.5,0.5,-6.5,-13.4,-21.8,-36.9,-17.3,
1.5,-0.7,7,-13.9,-6.4,-10.9,10.2,-34.4,-11.9,
1.5,-11.4,-4.5,-12.9,12,-13.9,-23.4,-31.4,-26.9,
1.5,-0.9,5.5,-10.4,-19.4,-9.1,-24.9,-30.1,-22.4,
1.5,-4.4,-11.7,-3.7,-23.4,-11.5,-21,-28.5,-16.5,
1.5,-1.7,-20.9,-9.3,7.5,-7.4,4.7,-29.4,0.7,
1.5,-5.7,-6.2,0.1,19.2,-12.4,-4.3,-28.4,-11.3,
1.5,4.5,11.2,-7.9,12.7,-6.4,-16.8,-30.4,-23.3,
1.5,-2.4,1.1,-1,-11.4,-15.6,-22.4,-29.6,-17.4,
1.5,7.7,-2.8,-9.4,-21.5,-32.5,-16.4,-6.5,-29,
1.5,-11.2,-16,-33.4,-12.9,-3,-9.3,-30.4,-8.3,
1.5,-9.9,5.2,10.4,5.7,-7.1,-24.3,-14.5,-47.1,
1.5,9.7,6,-11,-13.8,-9.8,-18.9,-40.9,-22.5,
1.5,8.1,-12.8,-9.3,-17.9,-7.9,-25.5,-37.9,-21.5,
1.5,-8.2,-16.4,-6.9,-24.1,-17.9,-5,-32.4,3,
1.5,4.5,0.8,6.1,20.8,-34.1,2.1,-7.5,-29.6,
1.5,-1.9,-4.4,-32.9,-1.4,3,-28.5,-23.5,-9.9,
1.5,-18.4,4.7,-13.5,-12.9,-8.1,-22.3,-10.5,-36.1,
1.5,-24,-23.9,3.8,-33.2,-7.9,-17.4,-20.9,-17.4,
1.5,10.6,-36.4,-8.4,3.6,-23.3,-15.4,-6.5,-19.3,
1.5,-12.4,1.50142,-15.2,-6.9,-9.2,-19.7,-21.7,-19.7,
1.5,-2.4,-6.2,7.3,-23.2,-37.4,-22.7,-6.7,-17.4,
1.5,11.1,-18.2,-11.9,-21.2,-6.4,-15.9,-5,-10.9,
1.5,-11.4,-20.6,-8,1.50142,3.9,-10.4,-12.4,-7.6,
1.5,-13.5,4.4,6.3,4.4,-29.9,-13.1,-5,-27.2,
1.5,3.9,-1.6,-30,-6.6,-18.9,-26.9,-2.8,-13.1,
1.5,-1.6,-12.5,-36.4,-44.4,-19.1,-30.6,-6,-31,
1.5,-33.9,-17.4,13.5,-15.1,1.4,-31.6,-23.6,-6.6,
1.5,12.5,5,1.9,1.50142,-7.6,-23,4.5,-40.6,
1.5,5.6,2.6,-5.1,5.6,-17.4,-16.9,-17.4,-13.4,
1.5,-2.7,3.5,-19.9,-0.9,-19.4,-12.4,-7,-15.4,
1.5,-20.2,12.7,-13.2,0.6,-2.9,-15.9,-3.85731e-15,-1.4,
1.5,-29.7,-3.3,9.1,-32.4,-5.3,-17.8,-7.5,-18.7,
1.5,21,-29.6,-3,-17.3,-7,-17.2,-18.7,-8,
1.5,6,-29.8,8.5,1.50142,-3.7,-23,-17.5,-31.2,
1.5,1,1.50142,-22,-2.5,-16.5,-19.1,-5,-26.5,
1.5,-9.9,-2,-1,-2.9,-3.7,-28.5,-5.5,-37,
1.5,-3.6,9.4,11.9,-27.4,-4,-17.9,-5,-16.9,
1.5,7.8,-15.9,-20.8,-4.4,-21.7,-4.9,-10.3,-34.4,
1.5,-19.3,-3.4,-6.7,-9.9,-18.9,-14.9,-40.9,-5.5,
1.5,12.5,-7.3,7.2,-12.8,-4.9,-4,-6,-18.9,
1.5,-9.3,-0.8,7.3,8.2,-7.9,-4.9,-19,-6.9,
1.5,3,3,-8.4,-2.7,-24,-6.8,-7,-15.5,
1.5,-6.4,-0.7,-23.7,-4.8,-14.5,-15.5,-9.7,-13.5,
1.5,-28.2,-8.2,-19.3,-20.5,-26.2,-18.5,-7,-30,
1.5,-6.5,-8.5,-0.2,-6.5,-17,-30,7.5,-16,
1.5,-3.5,-3,3.5,-2.5,-19.5,-32.5,-8.9,-46,
1.5,-1.5,6.5,-13.2,-6.9,-2.5,-7.9,-7,-12,
1.5,-13.7,6.5,10.8,12.6,-4.5,-12.5,1.5,-14.5,
1.5,-1.3,-0.8,11.1,-0.8,-17.8,-30.8,-7.5,2.5,
1.5,3.5,-2.5,-15.8,-29.1,-5.5,-0.5,-11.8,8,
1.5,-4.8,-14.3,-14.5,-2.9,3.2,-14.3,-6,-3.8,
1.5,1.50142,1.50142,1.50142,1.50142,1.50142,1.50142,1.50142,1.50142,
1.5,1.5,4,9.5,1.50142,-15.8,-11.8,-17.8,-11.8,
1.5,-0.3,11.7,0.7,5.2,-1.3,-14.3,-5,-25.8,
1.5,10.7,5.2,3.2,2.2,-21.8,-15.3,-34.3,-15.8,
1.5,-9.3,1,-12.8,-15.9,-4.4,-19.8,-5.5,5,
1.5,0.2,-14.4,-3.4,-6.7,-8.2,14,-6,2.5,
1.5,-2.5,-9.8,-32.8,8.2,-5.1,-11.3,-9.7,-1.9,
1.5,-20.9,0.7,16,-13.8,-22.8,-17.3,-7,-38.8,
1.5,11,2.2,-4.4,-1.3,-25.9,-33.9,-14.2,-24.4,
1.5,-11.8,-11.3,-8.4,-27.4,-0.7,-41.3,-10.8,-42.4,
1.5,-3.9,-8.9,-13.4,-30.4,-8.2,-2.9,-7.5,6,
1.5,-12.4,-15.6,1.7,1.50142,6,7.7,-10.8,-10.3,
1.5,-13.5,6.5,-0.3,6.5,-8.4,-7.3,-11.3,-9.3,
1.5,8.3,8.8,6.3,8.8,-20.3,-18.7,-7,-26.1,
1.5,0.2,-2.8,-15.3,-13.2,-22.2,-26.7,-8,-20.7,
1.5,-32.4,-30.2,-16.7,-1.9,-24,-15.3,-7.5,-37.8,
1.5,2.1,8.1,-4.2,3.6,-10.9,-33.4,-22.7,-1.2,
1.5,13.2,13.2,2.8,-13.9,-3.3,-13.8,-13.6,-12,
1.5,11.7,-10.9,3.7,3.7,-9.5,-5.5,-5.5,-20,
1.5,-6.5,-6.5,-5.7,-1,-16.2,-18.7,-28.2,-8.2,
1.5,4.2,4.2,-33,-35.7,-2.4,-25.3,-5,-44.4,
1.5,-22.4,-22.4,10.7,-8.9,-18.9,-22.4,1.5,-16.9,
1.5,-2,-12,-3.9,-1,-1.5,-24.9,-5.5,-19.9,
1.5,-3.8,-0.3,5.6,-3.4,-2.5,1.3,-22.5,-9.64327e-16,
1.5,-15,-20.5,0.3,-0.5,-19.5,5,-18.9,-9,
1.5,9,5,-5.7,1.5,-41.9,-31,-6.5,-10,
1.5,14.9,11.4,-13.4,-8.6,1.50142,-12.6,-14,-7.5,
1.5,-2.9,2,4.8,4.8,-7,2.5,-6.5,-14.5,
1.5,2.5,2.5,-5,9.7,-13.3,-1.3,-6.5,-14.5,
1.5,-1.8,8.7,-16.8,-3.8,-18.3,1.7,-6.1,-18.6,
1.5,-15.9,-3.3,-18.8,2.5,-19.1,-8.1,-7,-17.8,
1.5,-22.8,-0.5,-18,-10,-22.5,-21.3,-4.3,-19.8,
1.5,-1.5,-6.2,-38.5,-6.2,-26,-23.2,-6,-31.9,
1.5,-18.9,9.9,1.50142,-7.7,9.9,-19.6,-23.2,-15.1,
1.5,6.4,6.9,4.3,0.3,-5.2,6,-5.5,-9.1,
1.5,6,9,-4.5,12,5,-5,-17.9,-14.9,
1.5,-3.6,2.5,2,-3.7,-7.4,-17.8,-5,-13.8,
1.5,-3.85731e-15,-5.2,-10.9,-17.8,-6.2,-13.8,-17.8,-8.9,
1.5,-27.9,-7.8,-10.1,-30.8,-13,-26,-5.5,-21.2,
1.5,2.4,-18.6,-0.5,-0.9,-9.6,-20.6,10,-8.1,
1.5,4,4.5,-26.7,-10.1,-12.7,-11.5,-13.4,-5.8,
1.5,-20.4,-4.6,-6.7,-5.8,-5.9,-22.1,-43.1,-10.6,
1.5,3.7,5.3,3.8,7.8,-20.9,-4.7,-32.4,-27.9,
1.5,-1.4,-4.4,-13.3,-1.4,-1.6,-24.9,-6.5,-7.4,
1.5,-4.3,12.7,12.2,-15.4,7.5,2.6,-6.5,6.6,
1.5,-11.9,5.6,5,9.6,-10.5,-3.9,-6.5,-17.8,
1.5,-14.5,-0.5,-12.9,-19.8,-20.8,-17.3,-20.8,-8.5,
1.5,-15.9,-11.7,-37.3,-20.3,-36.8,-11.5,-7,-28.4,
1.5,-4.4,-1.8,-22.9,16.7,-7.5,-2.4,-14.8,-1.1,
1.5,-15.7,-1.8,1.50142,-1.8,-31.3,2.7,-8.9,-32.4,
1.5,-2.5,7.2,-5.6,-2.5,-10.5,-18.1,-23.3,-30.6,
1.5,-19.6,-7.1,-16.6,-13.1,-16.7,-34.1,-7,-2.3,
1.5,-1,2.9,-1,-9.4,-6,13.7,-22.9,-14.9,
1.5,-7.2,-6.7,5.8,-6.2,-7.2,-4.7,-35.7,-39.2,
1.5,2.5,-9.6,-10.7,-8.2,-17.9,-6.4,-38.4,-3,
1.5,-13.7,-11.3,-20.9,-5.5,-6.9,-2.3,-36.9,-10.3,
1.5,-40.3,7.3,6.5,9.3,-18.4,-7.7,-5.5,-29.2,
1.5,2.5,3,-3.8,-6.2,-4.5,-29.3,-32.8,-14.3,
1.5,-2.3,-1.8,11.2,-46.3,-7.4,-31.8,-6.9,-51.4,
1.5,-3.5,-23.9,-12.9,-36.6,-7.6,-37.4,-6,-4,
1.5,-12.9,-4.4,-7.6,1.50142,-4.1,1.50142,-6.5,-1.8,
1.5,-10.6,-10.7,-7.3,-10.7,-27.2,-9.7,-42.7,-19.2,
1.5,-7.5,-9.7,-4.5,-1,-11.4,-20.5,-54.9,-35.4,
1.5,-10.4,12.2,9.2,8.5,-45.4,-47.9,2.8,-25.9,
1.5,5.5,-11.4,-4.9,-4.4,5.5,-21.9,-7.5,-29.9,
1.5,-5.9,-2.4,-4.4,7.6,9.1,-5.5,-8.9,-1.5,
1.5,4.1,-4.4,-7.5,6.5,-16.5,7.7,-11,-10.8,
1.5,4.6,5.1,-30,5.1,-24.9,-11.4,-7,-19.7,
1.5,-29,-7.5,-34.4,-20.3,-16.5,-18.7,-28.7,-1.4,
1.5,-50.4,-36.8,1.50142,-35.2,-6.9,-18.3,-1.3,-44.4,
1.5,1.50142,-18.9,11.5,-0.8,-17.9,-16.9,-21.3,-17.4,
1.5,-57.9,-3.4,-25.9,-6.4,-20.5,-57.4,-35.4,-29.9,
1.5,-21.4,10.5,-6.5,-41.9,-10.4,-15,-5.5,-19.4,
1.5,-6.5,-33.4,-9.9,13,-5.5,-19.7,-65.4,-3,
1.5,-26.8,-15,-22,9.9,-50.9,-20.1,-38,-82.4,
1.5,-8.9,-17.4,-37.9,-14.9,-7.4,-35.4,-6,-53.4,
1.5,-33.9,-14.4,16.6,-15.9,-47.4,-40.4,-26.4,1.50142,
1.5,8,5,-20.9,1.50142,-24.9,-20.4,-25.5,-16.9,
1.5,-2.3,-3.8,-9.4,2.2,1.50142,-10.4,-15.4,1.5,
1.5,-1.2,6,3,-9.4,-11.4,3,-6.5,1.5,
1.5,5.7,-8.2,-36.8,0.5,-20.8,-4.8,-6,-15,
1.5,-22.9,-24.8,-19.8,-4.8,-18.5,-16,-6,-24,
1.5,-2.2,11.3,-8.7,-9.5,-17.7,-22.2,-4,-1.8,
1.5,10.7,11.7,-35.2,-40.2,-23.2,-7.8,-4.5,0.2,
1.5,-4.4,-3.4,-1.7,7.2,10.6,-8.7,-4.5,3,
1.5,2.7,6.5,3.5,-6.5,-2.9,6,-5,-22.5,
1.5,-6,6.8,-13.2,-9,-30.2,-13.5,-48,-13.5,
1.5,-18.5,-14.5,-13.5,-14,-6.9,-23,-43.4,-17.5,
1.5,8.5,11.5,12.5,-13.2,-20.9,-7.5,-16.9,-21.4,
1.5,6.7,11.2,-4.9,7.6,-12.9,-27,-6.5,-22.5,
1.5,2.8,7,-7.9,-25.4,-18,-21.5,-5.9,-1.4,
1.5,-14.4,-42.9,-35,-39,-23.5,-7.3,-6.5,-16.5,
1.5,-7.9,-28.9,-5.4,1.50142,11,-7.9,-6,11,
1.5,-20.9,1.50142,-14.4,-20.9,-39.9,7,-13.3,-32.9,
1.5,-0.8,-19.9,-30.4,7,-10.3,-23.4,-12.4,-5.8,
1.5,-25.1,-0.8,2.2,-16.9,-19.3,6.3,-14.3,-28.8,
1.5,1.5,-1.2,-0.3,2,-21.2,-19.9,-37.7,-19.2,
1.5,1.5,2.5,-27.6,2,-4.4,-10.1,-31.4,-40.4,
1.5,-13.9,3,9.6,3.9,-19.1,-17.6,-2.3,-19.9,
1.5,5.5,5.5,7.7,-14.2,-5.3,-13.2,-5,-15.7,
1.5,-5.4,-3.7,6,-1.7,0.8,-16.2,-8.7,-4.2,
1.5,3,-20.3,-17.8,3,-27.5,-23.3,-6,-17.5,
1.5,-17.4,-15.9,-25.9,-22.4,-3.6,-17,-23.2,-1.2,
1.5,3.6,-20.5,12,-4,1.50142,11.2,14.5,-3.8,
1.5,1.5,-5.3,1.50142,-4.4,1.50142,5.7,-12.9,-2.9,
1.5,9.9,8,1.50142,11.5,1.50142,9.9,1.50142,1.50142,
1.5,11,14,1.50142,14.5,1.50142,14.5,1.50142,1.50142,
1.5,12.5,7.5,1.50142,1,1.50142,15.5,1.50142,1.50142,
1.5,13.5,8,1.50142,14,1.50142,14,1.50142,1.50142,
1.5,13.5,9.5,1.50142,15,1.50142,13.5,1.50142,1.50142,
1.5,14,1,1.50142,17.5,1.50142,13.5,1.50142,1.50142,
1.5,12.5,9,1.50142,12.5,1.50142,13,1.50142,1.50142,
1.5,12,9.5,1.50142,13,1.50142,13.5,1.50142,1.50142,
1.5,11.5,8.5,1.50142,14.5,1.50142,14.5,1.50142,1.50142,
1.5,11,8,1.50142,18.5,1.50142,12.5,1.50142,1.50142,
1.5,11,7.5,1.50142,11,1.50142,13.5,1.50142,1.50142,
1.5,10.5,7,1.50142,9.5,1.50142,8.5,1.50142,1.50142,
1.5,12.5,6,1.50142,15,1.50142,-1,1.50142,1.50142,
1.5,1,6.5,1.50142,15.2,1.50142,1.5,1.50142,1.50142,
1.5,13,11,1.50142,14,1.50142,-3,1.50142,1.50142,
1.5,2,6.5,1.50142,-2.6,1.50142,-2,1.50142,1.50142,
1.5,12.5,-3.7,1.50142,-2.4,1.50142,-3,1.50142,1.50142,
1.5,13,8.7,1.50142,16.4,1.50142,-3,1.50142,1.50142,
1.5,12,8.5,1.50142,16.4,1.50142,-2.5,1.50142,1.50142,
1.5,12,9.5,1.50142,-0.7,1.50142,-1.5,1.50142,1.50142,
1.5,12,7.9,1.50142,-0.3,1.50142,-1,1.50142,1.50142,
1.5,11.5,8.1,1.50142,14.7,1.50142,-3.85731e-15,1.50142,1.50142,
1.5,12,1,1.50142,16,1.50142,-3.85731e-15,1.50142,1.50142,
1.5,12,10,1.50142,-0.5,1.50142,-3.85731e-15,1.50142,1.50142,
1.5,11.5,-0.9,1.50142,-0.5,1.50142,-1,1.50142,1.50142,
1.5,11.5,0.6,1.50142,15.7,1.50142,-1,1.50142,1.50142,
1.5,12,8,1.50142,14.7,1.50142,-0.5,1.50142,1.50142,
1.5,11.5,8,1.50142,-0.1,1.50142,-3.85731e-15,1.50142,1.50142,
1.5,11.5,6.9,1.50142,-0.5,1.50142,-3.85731e-15,1.50142,1.50142,
1.5,12,6.1,1.50142,15.5,1.50142,-3.85731e-15,1.50142,1.50142,
1.5,12,8,1.50142,16,1.50142,-3.85731e-15,1.50142,1.50142,
1.5,11.5,8,1.50142,0.5,1.50142,0.5,1.50142,1.50142,
1.5,12,6.8,11.5,-1.3,13.5,-3.85731e-15,13.5,13.5,
1.5,12,7.7,0.5,0.5,1.50142,-0.5,1.50142,1.50142,
1.5,12.2,7.3,4.5,16,1.50142,-1.5,1.50142,1.50142,
1.5,12.5,4,6,10.7,1.50142,1,1.50142,1.50142,
1.5,13,8,9.5,9.1,1.50142,1,1.50142,1.50142,
1.5,10,8,8,8.1,1.50142,8.5,1.50142,1.50142,
1.5,12.5,7,12.5,12.5,1.50142,10,1.50142,1.50142,
1.5,12.5,6.5,8.5,12.5,1.50142,12,1.50142,1.50142,
1.5,12,7,16.5,1,1.50142,15.5,1.50142,1.50142,
1.5,11.5,6.1,7.5,1,1.50142,11,1.50142,1.50142,
1.5,12,6.1,12,6.5,1.50142,9.5,1.50142,1.50142,
1.5,12,6.5,6.5,10.5,1.50142,7,1.50142,1.50142,
1.5,13.5,15.5,6.5,8.5,1.50142,6,1.50142,1.50142,
1.5,12,6.5,13,5.5,1.50142,5.5,1.50142,1.50142,
1.5,12,6.5,14,5.5,1.50142,5.5,1.50142,1.50142,
1.5,13,7,14,7,1.50142,7,1.50142,1.50142,
1.5,13.5,7,7,8,1.50142,7.5,1.50142,1.50142,
1.5,14,8,7,8,1.50142,7.5,1.50142,1.50142,
1.5,7.5,8.5,8,7.5,1.50142,7.5,1.50142,1.50142,
1.5,15.5,8.5,7.5,7.5,1.50142,10,1.50142,1.50142,
1.5,14,8,9.5,7.5,1.50142,7.5,1.50142,1.50142,
1.5,13.5,7.5,16.5,7.5,1.50142,11.5,1.50142,1.50142,
1.5,13.5,13.5,13.5,13.5,4.5,13.5,13.5,13.5,
1.5,7,15,12.5,11.5,4,-16.5,1.50142,1.50142,
1.5,5,14,15,-14,3.5,-16,1.50142,1.50142,
1.5,3.5,-13,-1,-14,4,3.5,1.50142,1.50142,
1.5,-0.8,2,8.5,16.5,-3.85731e-15,-15,1.50142,1.50142,
1.5,-12.5,6.5,13,9,1,-11.5,1.50142,1.50142,
1.5,3,3.5,7.2,8,1.5,4,1.50142,1.50142,
1.5,4,-15.5,-5,-5,-5,-16.5,1.50142,1.50142,
1.5,6.8,8.8,-7.7,-19,-1.5,-8.2,1.50142,1.50142,
1.5,-0.7,-1,7.2,-1.8,5,3,1.50142,1.50142,
1.5,12.5,8,4,17.5,2.5,1,1.50142,1.50142,
1.5,2,3.5,2,1.6,2,-1,1.50142,1.50142,
1.5,12,8,-1.5,-3.3,-1.5,1.5,1.50142,1.50142,
1.5,0.2,-2.5,-1.3,11.2,-0.3,-1.5,1.50142,1.50142,
1.5,12,8.5,14,13.7,-4,1.5,1.50142,1.50142,
1.5,5.5,8,0.2,5.5,1,5.5,1.50142,1.50142,
1.5,12,8,2.1,2.5,-2.5,1.5,1.50142,1.50142,
1.5,3,8,-3.7,13.5,0.5,-1.5,11,13.5,
1.5,12.5,8.5,15,15.7,-0.5,1,12,1.50142,
1.5,13,16.9,3,3.1,3.5,1,4,1.50142,
1.5,11.5,13,2,-3.4,-3,-2.5,-3,1.50142,
1.5,6.5,-3,-2.6,6.3,-2.6,-1,-13.6,1.50142,
1.5,-5.7,-1,-5.2,5.8,-4,2.5,-3,1.50142,
1.5,-9.5,4,-7.8,2,-0.6,3,-5.5,1.50142,
1.5,-11.3,9.8,-5.1,-3,-11.7,-3.2,-8,1.50142,
1.5,9.3,-9.6,-6.8,1.8,-22.5,-5,-5.2,1.50142,
1.5,-12.8,-5,-23.5,-10.7,-17.3,-4.5,-6.8,1.50142,
1.5,-16.4,-3.2,-7.3,-11.9,-5.5,-6,0.5,1.50142,
1.5,-13.2,-17.9,0.7,-12.1,-18.8,-4.5,-11.8,1.50142,
1.5,0.2,-29.6,-7.3,-1.4,-33.9,-15.5,-4.9,1.50142,
1.5,-7.2,6.2,-11.9,-10.5,-13.2,1.5,-8.2,1.50142,
1.5,-3.9,-2.4,5.3,6.3,-0.3,5.8,-7.7,1.50142,
1.5,1.5,2,11.6,-3,-4.2,1.5,-3.7,1.50142,
1.5,10.7,11.2,-0.8,12,-20.2,8.2,0.2,1.50142,
1.5,-13.8,8.5,-19.2,19.5,-14.2,-11.5,-34.2,1.50142,
1.5,-38,-21.4,-33.2,1.50142,-16.4,-37.4,-17.5,1.50142,
1.5,-5.4,-5.3,-7.9,1.50142,2,1,-17.5,1.50142,
1.5,4.1,13.5,13.5,13.1,-32.4,13.5,-32.4,-21.9,
1.5,-11.1,12,1.4,-23.1,-31.1,-15.9,-4.5,13.5,
1.5,10.6,-15.2,-23.1,-5.4,3.4,-5.9,4,16,
1.5,-21.2,-5.5,19,3.2,-11.3,9.5,-9.3,6.7,
1.5,-5.5,4.2,13.5,-5,-38,-5,-22.5,-2.5,
1.5,11,4,-21.4,4.5,-10,-3,-8.1,-19.1,
1.5,-10.5,-5.5,-17.1,-10.1,2.5,-8,3.5,-5.5,
1.5,-9.1,-8.1,3,-2.89298e-15,3,2.5,3.5,9,
1.5,13.5,12,13.5,13.5,-34.4,2,-7.9,-22.9,
1.5,-11,-11,-23.4,-11,-33.7,-12.2,0.8,-31.5,
1.5,-22.9,-10.9,-33.4,-23.2,-9,-8.1,-0.5,-9,
1.5,-51.4,-27.2,1.50142,12,-29.9,-8.4,-29.9,-16.9,
1.5,8.5,-3,-18.5,-16.2,-14,-22.2,-43.7,-50,
1.5,-3.5,-52.9,-8.5,-56.4,-49.4,-66.4,-37.4,-9.9,
1.5,-5,-46.9,-7.9,-43.9,-7.4,12.7,-33.4,13.5,
1.5,14.1,1.50142,-47.4,1.50142,-42.4,-33.9,-11.9,-50.9,
1.5,-31.9,-13.4,-7.9,-10.4,-13.9,-67.4,-7.5,-35.9,
1.5,-6.4,-9.4,-50.4,-41.4,3.5,-3.4,-8,-38.9,
1.5,-64.9,-21.9,-10.1,11.5,-32.6,-32.9,-30.6,-1.4,
1.5,-24.1,4.3,-10.4,-9.9,-43.1,-17.8,-7.5,-23.5,
1.5,-1.9,5.5,-23.4,-7.8,-0.9,-19.4,-63.4,-55.4,
1.5,-9.4,-0.3,10.7,-8.2,-57.9,-67.4,-25.2,-3.85731e-15,
1.5,0.6,-3.3,-50.4,-63.9,-34.9,21.5,-6,-31.4,
1.5,-65.4,-53.4,-21.9,-6.5,-8.4,-31.1,-10.2,-23.9,
1.5,-39.9,10.5,1.50142,1.50142,-9.2,-41.7,-6.5,-17.3,
1.5,14.5,-52.4,-42.4,-48.9,-66.9,11.2,-65.4,-79.9,
1.5,-24.9,-12.4,-46.9,18.5,-59.4,-49.9,-20.9,14.5,
1.5,-16.9,-51.9,-51.9,-45.9,1.50142,-3.85731e-15,10,-66.4,
1.5,-36.9,-59.4,1.50142,17,-22.9,-44.9,-7.5,-37.9,
1.5,1.50142,1.50142,0.1,5.1,-17.5,-32.4,-15.9,-64.4,
1.5,-6.5,-2.9,-13,-33.6,-67.9,-35.9,-26.9,-52.9,
1.5,-9,-26.4,-35.9,-28.4,-21.4,1.50142,-52.4,16.5,
1.5,-15.9,-11.4,-3.5,1.50142,-36.9,5,-1.5,-3.6,
1.5,11,1.50142,-10.9,-13.9,8.7,2.5,-51.4,-22.4,
1.5,6.6,-0.3,4.6,2.1,-60.4,-11.4,-37.9,-38.4,
1.5,-21.4,13.5,-38.9,-17.4,-49.4,-34.4,-63.9,-43.4,
1.5,-20.9,-10.4,-20.9,-20.4,-33.4,-20.9,14.5,2.5,
1.5,7.7,3.1,-20.4,6.7,1.50142,0.5,-22,1,
1.5,4.6,14,1.50142,1.6,-16.9,13.1,-30.3,-46.3,
1.5,3.5,12.5,14,3.5,-7.1,-12.4,-46.1,-23.5,
1.5,4.5,10,4.5,-6.9,-21.4,-18.1,-28.9,6,
1.5,1,-7.5,-22,-5.2,-33.8,-18.5,-7,-30.3,
1.5,-22.4,5,-15.4,-19,-7.5,-11,-23.9,11.5,
1.5,-32.9,-36.5,11,-28.9,-10.2,13.1,-16.9,-41.7,
1.5,1.50142,-54.8,-4.9,1.50142,-16.9,-18.4,-7,-24,
1.5,-5.9,1.50142,-20.9,-6.4,-8.9,-21.7,-33.9,-35.4,
1.5,-16.8,5,-6.5,-15.7,-69.9,-9.4,-31.9,-38.9,
1.5,5.5,-8.7,-41.4,-3.1,-18.1,-9.9,-7,14,
1.5,-33.4,8.4,-8.2,0.7,1.3,3.8,-15.9,-6.9,
1.5,-4.3,16.7,12,8,-7.4,9.2,-33.5,-32.4,
1.5,14.1,13,-11.9,-2.5,-19.4,-47.6,-50.4,-37.9,
1.5,-8.7,-42.9,-53.4,-38.9,-37.9,-10.9,6.7,13,
1.5,-43.4,-28.9,-7.9,2.1,9.5,12.6,-7,8.1,
1.5,6.6,1.50142,5,-3.5,-24,-6.5,-59.4,-34.4,
1.5,-53.4,-28.9,-9.7,-52.4,-41.9,-6.9,-10.4,-5.8,
1.5,-5.7,-59.9,-10.4,12,1.1,0.3,-7,4.6,
1.5,-7.8,1.50142,-7.3,-3.8,-54.4,-3.3,-65.9,-18.3,
1.5,-53.9,-40.9,-43.4,-52.4,-82.9,-53.4,-22.7,-47.4,
1.5,-35.4,-60.4,-66.9,-66.9,1.50142,-35.4,-7.5,-3.85731e-15,
1.5,1.50142,1.50142,1.50142,1.50142,-7.4,1.50142,-64.9,-63.9,
1.5,-52.4,7.5,-41.4,-50.9,-50.4,-68.9,-10.4,-68.4,
1.5,-29.9,-59.4,-51.4,-59.9,-13.4,-62.9,-7.5,16.5,
1.5,1.50142,-54.9,1.50142,1.50142,-66.4,1.50142,-64.4,-76.4,
1.5,-49.4,1.50142,-49.9,-52.9,-51.4,-66.4,-15,-50.9,
1.5,-61.4,-57.9,-49.9,-59.9,-1.92865e-15,-63.4,-6.5,-54.4,
1.5,1.50142,-60.4,1.50142,1.50142,-31.4,1.50142,-32.4,1.50142,
1.5,-6.6,1.50142,-28.6,-12.6,-69.4,-32.1,-81.9,-64.9,
1.5,-8.4,-5.2,-54.4,-5.6,1.50142,-53.9,15,-48.4,
1.5,-43.9,-0.5,1.50142,-35.4,7,-4.4,-14.5,1.50142,
1.5,16.5,-15.9,-12.4,17.1,-8.3,-5.4,-26.8,-33.9,
1.5,2.7,5.7,-24.4,-9.4,-35.9,-17.9,-17.9,-40.4,
1.5,-26.3,-8.7,-25.4,-19.9,-18.9,-23.4,-19.4,-17.4,
1.5,-12.9,10.6,-21.9,-10.9,-7.2,0.1,-7,-22.7,
1.5,-10.9,10.6,17.3,10.5,3.5,0.3,-26.8,-15.8,
1.5,-16,-16,5.7,-16.7,-7.9,-32.8,-7.5,-29.9,
1.5,3.1,-21.9,-5.9,-38.4,-12.5,-29,-9.4,-5.9,
1.5,-21.7,1.5,-10.5,-1.8,-18.5,-22.1,-14,-31.5,
1.5,-11.9,-2,-16.5,-3,-19.5,-25.6,-39.4,-16.4,
1.5,-0.7,6.9,-9.7,-16.1,-16.4,-5.9,-28.7,-41.9,
1.5,14.1,3.6,-3.4,7.4,-30.9,-8.4,-6,-15.4,
1.5,5,10,-30.1,-2.9,-1.1,16,-26.1,3.4,
1.5,-10,-20.1,-18.3,14,-6.7,-15,-16,-43.2,
1.5,-27.3,6.2,6,-9.5,-25.5,-42.9,-6,-7.5,
1.5,17.5,-12.7,-25.1,-33.4,-9.1,3.5,-23.7,-10.2,
1.5,3.5,-24.4,-12,-16,-41.2,3.3,-16.9,-43.4,
1.5,-11,-31,-23.4,1.50142,-6.9,-21.4,-31.4,-26.7,
1.5,-26.9,1.50142,4.7,2,-19.1,-30.4,-12.8,-12.3,
1.5,21,6.5,-1.8,-23.6,-16.8,13.7,-35.1,-21.1,
1.5,14.6,-17.6,-26.4,-8,-13.4,-8.9,-28.4,-35.9,
1.5,-16.4,-1.5,4.6,-8.5,-9.9,-15.4,-28.9,1,
1.5,12.5,17.1,-0.7,9.1,-15.3,-7.7,-27.8,-16.2,
1.5,18.2,9.5,-17.4,-6.2,-7.4,4.7,-29.9,-14.9,
1.5,-13.9,-2.6,-3.9,8,-16.5,-19.8,-26,-0.4,
1.5,-3.8,2,-8.2,-19.7,-29.4,7.1,-5,-25.9,
1.5,-0.3,-14.7,-29.4,9.5,3.3,10.3,-23.9,-5.9,
1.5,-12.4,7,-17.5,7.2,-7.2,-25.1,-22.8,-42.7,
1.5,-35,-2.3,0.7,-11.9,-10.2,-21.9,-40.7,-32.8,
1.5,19.7,-15.4,-14.2,-25.4,-16.9,-37.4,-6,-2.5,
1.5,-4.9,-7.4,-16.4,-5.9,-5.1,17.8,-33.9,-32.4,
1.5,-34.4,-23.2,-23,-2.4,-7.4,2,-6.5,-36.4,
1.5,-13.2,6.1,5.1,14,6.5,-22.4,-7,2.1,
1.5,-11.2,4.5,-0.2,-39.5,-26.2,3.5,-33.9,-50.9,
1.5,-18.4,-27.9,-11.2,-24,-59.4,-53.9,-51.2,-23.5,
1.5,-10.1,-23.7,-39.4,1.50142,-46.9,-21.6,1.2,-52.9,
1.5,-7.4,-17.9,-7.4,-5.9,1.50142,-30.4,-26.8,-26.9,
1.5,-5.6,12.1,-15.1,-19.6,-21.9,-1.9,-24.6,-35.6,
1.5,-10,0.3,-16.9,3.1,-37.3,5.6,-7,-34.3,
1.5,-5.4,-9.9,-34.4,-14.9,4.5,-22.9,-22.9,6.5,
1.5,-18.4,-32.3,8.5,-7.2,-7.2,-3.6,-27.6,-40.2,
1.5,3,14.3,-7.8,-2,-15.9,-20.9,-6.5,-24.8,
1.5,10.7,5.7,-19.4,-5.8,1.5,-28.3,-34.6,-29.6,
1.5,-15.7,-22.7,-15.5,-24.9,-29.4,-5.5,-6,-15.5,
1.5,-4.5,-15.9,-28.4,7.5,-4.1,-2.5,-18.6,-23.5,
1.5,-15.4,-11.7,-9.8,-2.2,-19.2,-13.6,-33.2,-12.2,
1.5,0.2,-8.8,-9,-20,-24.4,-18.7,-22.4,-9.9,
1.5,10.8,-7.2,-33.8,-6.2,-21.3,1.7,-9.5,-12.3,
1.5,-24.9,2.5,1,5,1.8,-23.8,-11,1.8,
1.5,5.1,-13.5,13.6,-22.7,-3.7,3,-12.5,-15.7,
1.5,4.5,-48.2,-14.2,-8.5,-22.5,-25.7,-22.9,-34.9,
1.5,-22.7,-17,-28,-14.1,-28.2,-22.4,-13.5,-31.5,
1.5,-26.9,-8.4,-26.9,-9.5,-15.4,-29.6,-14,-21.4,
1.5,6,-16.2,16.1,-2,-20.5,-1,-20.7,-29.2,
1.5,10.1,-9.9,18.1,6.2,-13.6,-21.3,-18.4,-34.4,
1.5,-2.5,4.1,-1.5,-14,-10.8,-26.4,-14.5,-17.8,
1.5,10.2,-15.5,-12.4,-21.9,-10.3,-13.3,-11.5,-7.3,
1.5,-10.4,-19.9,-16.8,-19.8,-9.3,-14.4,-9.2,-18.3,
1.5,-16.9,-19.7,-19.7,2,-19.7,-4,-7.5,-15.5,
1.5,-18.2,0.5,-20.2,-4.8,-8.5,-16,-20.7,-17.7,
1.5,-36.2,11.3,13,-18,-36.1,-19.7,-6.5,-32.9,
1.5,16,-20,-33.4,-21.7,-6,-35.9,-17.7,-17.7,
1.5,-23.4,-38.7,-9.1,-23.9,-34.7,-0.7,-23.4,-50.4,
1.5,3,-25.7,-9.9,18.4,-25.4,-52.4,-6.5,-22.2,
1.5,-3.4,1.50142,-13.9,-42.9,-9.9,-22.7,-20.9,-33.9,
1.5,9.1,-21.9,-6.7,-16.7,-8.8,10,-22.8,-28.8,
1.5,-6.3,-16.4,-8,10.6,-7.7,-13.4,-3,-22.7,
1.5,-9,-8.5,-8.7,-14.4,-4.1,-23.7,-22.9,-9.4,
1.5,-8.5,-14.3,-7.4,-14.7,-13.7,-12.9,-7.5,-19.9,
1.5,-5.9,-13.8,-13.3,-24.9,-6.5,-18.7,-26.3,-22.5,
1.5,-29.3,-25.9,-22.5,12.3,-7.8,-38.5,-7.5,-24.5,
1.5,-17.5,4,17.7,-33.4,-5,-23.8,-11.3,-12.8,
1.5,-12.4,-20.4,-2.2,-39.7,-28.4,-14.8,-15.8,-45.3,
1.5,15.7,-25.9,-9.9,-0.3,-25.3,-25.4,-9.5,-27.5,
1.5,-5.8,5.3,-9.4,-6.4,-8.4,-32.9,-16.4,-18.9,
1.5,-10.7,20,-2.9,-13.4,-30.9,3.6,-6,-19.4,
1.5,-5.2,9.4,-30.1,-1,-8.6,-18.2,-5.5,-8.2,
1.5,-29.5,10.2,-26,-17.7,-13,-12.3,-10.2,-27.7,
1.5,-40.4,-10.7,-2.89298e-15,-26.8,-24.7,-9.4,-6,-27.7,
1.5,1.50142,-14.9,9.4,1.50142,-0.1,-24.4,-29.5,-41,
1.5,-17.5,-2.5,-10,-16,-47,-26.4,-11.9,-51.4,
1.5,-6.1,1.1,-9.4,-20.4,0.6,-52.9,-7,-2.3,
1.5,-17.4,-4.9,-1.9,-65.9,13.7,21.2,-18,-27,
1.5,-19.9,-54.9,17.6,-16,-30,-11.4,-7.5,-24.1,
1.5,-3.85731e-15,-17.5,-24,-11.5,2.3,-9.7,-16.4,-18.9,
1.5,-6.2,6.3,1.3,-7.7,-67.9,-0.7,-63.4,-56.9,
1.5,-42.4,-2.2,-52.9,-40.4,-62.4,-47.4,15,7.5,
1.5,-53.4,-22.9,-53.4,-17.9,1.50142,2.5,-14.6,-54.4,
1.5,1.50142,4.6,1.50142,8.2,-48.9,-49.4,-25.4,-27.8,
1.5,-3.9,-12.2,-23.4,-38.4,-34.9,-29.9,-46.4,-69.9,
1.5,-5.9,-10.9,-20.9,-22.5,1.50142,-42.9,-5.5,8.5,
1.5,5.7,-22,15,-33.4,17.5,1.50142,9.2,-11.7,
1.5,0.6,-58.9,3,-16.5,-15.9,-2,-5.5,-35.9,
1.5,-8,13,-3.4,-0.9,-31,-34.4,-30.9,-22.9,
1.5,-53.9,-17.6,-18.6,-21.4,-69.9,-10.2,-52.9,-42.4,
1.5,-8.6,-11.5,-34.4,-0.2,-41.4,-6.4,2,2,
1.5,-25.9,-14.4,-4.4,12.5,-14.4,8.5,-65.9,-5.2,
1.5,8.5,1,-9.3,2.5,-60.4,-10,-34.5,-6.8,
1.5,6.8,5,-44.4,1.4,-51.9,-11.3,-19.9,-32.8,
1.5,-23.9,18.1,-43.4,-27.8,-2.2,-50.9,-7.5,-15.9,
1.5,-21.4,-23.4,8.2,-52.9,9,-16.4,-8,-2.5,
1.5,15,-33.9,-4,9.6,-14,-8.5,-22.7,-39.7,
1.5,-20.3,1.50142,-31,-8.4,-38.7,-17.4,-7,-44.4,
1.5,1.50142,1.50142,1.50142,1.50142,1.50142,1.50142,1.50142,1.50142,
1.5,3,1.50142,3,13.5,3.5,3.5,-27.3,-18.3,
1.5,19,1.50142,1.50142,12.5,-5.9,12.7,-5,-24,
1.5,-3.85731e-15,1.50142,15,7,-5.7,-23.7,-5,-3.85731e-15,
1.5,12.5,6.5,-6.2,-24.2,-5.7,-25.5,-5.5,-24,
1.5,-6.6,-16.7,-24.2,-49.1,-24.5,-24.2,-6,-22.5,
1.5,-22.2,-34.4,-3.8,-11.7,-6.6,-41.5,-6.5,-17.5,
1.5,6,-30.3,11.5,1.50142,-11,4.5,-25,-17.4,
1.5,-9.2,1.50142,-13.9,-9.2,-28.9,-10.7,-39.2,-17.4,
1.5,-16.9,-15.5,-12.8,-5.2,-16.9,-19.9,-32,-12.5,
1.5,-0.3,4.5,-4.4,-7.7,-7.1,-9.64327e-16,2.8,-19.1,
1.5,-0.9,14.5,10,3,-12,-27.5,-8,-23.5,
1.5,1.5,-3.85731e-15,-16,-27.9,-12,-27.6,-7.5,-9.5,
1.5,-14,-26.4,-10.5,-26.9,-24,17.8,-7,-17.3,
1.5,-26.4,-24.9,-39.7,1.50142,-23,-16.3,-6.5,-14,
1.5,-14.9,1.50142,-10.2,-0.5,-17.5,-31.5,-31.5,-24.9,
1.5,-14.4,-13.9,-3.9,-24.6,-5.6,-5.4,-43.4,-47.6,
1.5,6.2,-21.3,5,4.5,-21.4,-21.4,-5.5,-3.8,
1.5,-3.85731e-15,14,-21.5,-21.5,-7,-5.3,-14.8,-18.4,
1.5,-14.5,-15,-27,-25.5,-3.5,-6,-42,-14.5,
1.5,-31.4,-31.1,9,8.2,-24.4,-18.8,-5,-38.4,
1.5,1.50142,21.5,-13.3,-13.3,-9.5,-27.9,-7.5,-39.8,
1.5,-20.6,19.2,-8.2,-18.6,-5.1,-32.9,-18.1,-30.6,
1.5,3.2,-14.4,-9.6,-21.4,-8.2,-18.6,-8,-14.5,
1.5,-10.7,-23,-9.8,-20.1,-9.5,16.7,-20.1,-22.1,
1.5,1.50142,-3.2,6.7,-15,-9.2,-11.2,-22.2,-20.8,
1.5,4.7,3.3,-7.7,5.7,-22.7,-18.8,-22.2,-8.2,
1.5,8.3,3,-15.2,-20.3,-14.7,0.7,-23.7,-4.6,
1.5,1.5,-19.8,-13.8,10.5,-38.7,-17.7,-7.5,-8.7,
1.5,-9.8,8,-32.4,-5.7,-16.4,-5.5,-4.5,4.5,
1.5,-7.6,-8.2,-32.4,-8,-18.9,-1,-6,-14,
1.5,-38.1,2.5,-3.9,7.2,-16.8,-21,-8.8,-5.5,
1.5,9.7,-5.5,13.9,-19,-7,2,-25.1,-12.8,
1.5,-10.4,-20.5,-0.9,0.5,-36.9,-14.3,-15.9,-48.4,
1.5,-1.8,10.5,-26.4,1.7,-20.4,-38.4,-37.9,-16.9,
1.5,-10.9,6.1,-25.4,-12.4,-7.4,-4.4,-7.9,-38.9,
1.5,-24.9,-3.9,15.6,1.6,2.1,-33.4,-7,4.6,
1.5,-15,8,4,-34.4,-6.5,-15.5,-11.9,-27.4,
1.5,0.1,-31.4,-11,-33.5,-29.4,-25.9,-22.4,-42.9,
1.5,2,-43.4,-15.9,1.50142,-32,-43.9,-16,-39.4,
1.5,-3.1,1.50142,-18.6,-11.9,-3.5,1.50142,-8,-18.6,
1.5,-6.6,-4.9,16.5,7,4.5,10.9,-21.4,-33.9,
1.5,-15,-15,-15,15.5,-28.5,-19.4,-8,-20.1,
1.5,-13,-0.2,-15.9,-18.2,-6.5,-18.7,-7.5,-26.4,
1.5,-2,-34.7,5.5,-35.2,-24,-8.9,-14.5,-31.5,
1.5,0.5,-28.9,-16.7,19.5,-15.5,-24.1,-29,-39.7,
1.5,-6.9,1.50142,-5.5,6,-5.8,-31.9,-23.4,-31.4,
1.5,7,-2.4,-4.9,-18.6,-10.4,-8.6,-16.8,-16.8,
1.5,-5.7,-7.1,-14.4,-9.5,-20.9,4.5,-6,-11.4,
1.5,-17.8,4.3,-21,13.3,-9.6,-14.3,-24,-8.6,
1.5,-38.5,7.3,-27.2,-31.8,-7.7,-26,-23.2,-41.2,
1.5,-24.9,-32.1,5.8,-12.9,-10.2,-20.4,-7,-16.3,
1.5,1.50142,1.50142,-5.4,-20.4,-7.5,-16.9,-34.4,-32.4,
1.5,-19.1,-14.9,-10.1,11.1,-7.9,-26.1,-7,-43.9,
1.5,-5.6,11,1.1,1.3,2,-34.4,-24.9,3.6,
1.5,-2.5,0.6,-17,-16.9,-26.4,-17,-8,-37.5,
1.5,-15.5,-19.9,-1.4,-14.5,-5.5,-32.4,-25,-23.9,
1.5,-10.7,-18.3,-23,-11.6,-41.9,-27.7,-6.5,-20.2,
1.5,-21.7,9.2,-32.4,1.1,-4,-18.7,-19.2,3.3,
1.5,-49.6,13.2,-5.8,0.8,-37,-3.85731e-15,-20.5,-19.3,
1.5,-0.7,-25.8,-14.9,1.5,-14.5,3,-8.2,-23.7,
1.5,2.8,0.5,4.8,0.5,13.2,0.8,-32.9,-34.9,
1.5,4,-3.9,-2.3,3.2,-7.4,-25.4,-22.3,-17.3,
1.5,9.7,7.5,5.1,-27.9,-8.2,-19.3,-10.2,4.6,
1.5,2.5,-12.9,4.7,-22.5,-12.7,1.50142,-7.5,-9.7,
1.5,-10.5,-22,-12.2,1.5,-5,1.50142,-7.5,-24,
1.5,-28.2,-14.5,-3.2,10.3,1,1.50142,-27.4,-12.4,
1.5,0.9,4.6,9.1,3,-23.4,1.50142,-26.9,-44.4,
1.5,-1.4,-11.9,-23.4,-9.9,-40.4,1.50142,-10.4,-22.8,
1.5,-22.9,-9.3,-33.4,6,18.6,1.50142,-8,6.1,
1.5,-45.9,-13,-10.5,-10.5,15.2,1.50142,-12.8,-10.9,
1.5,-10.4,-10.4,1.5,-15,-29.3,1.50142,-11.2,-39.7,
1.5,-6.8,3.2,-9.3,-1,-20.8,1.50142,-30.4,-41.9,
1.5,6.6,-10.8,-10.8,-8,-46.1,1.50142,-6,-41.1,
1.5,-9.4,4.5,-24.4,-8.9,-12.9,1.50142,-5.8,14,
1.5,-42.3,9.5,11.1,-16,-23.2,1.50142,-16.5,-10.9,
1.5,-2,-41.5,-12.7,15.5,-6.5,1.50142,-13.7,-27.7,
1.5,9.7,3.5,-5,3,-16.8,1.50142,-20.9,-36.9,
1.5,-1.8,1.2,-9.3,3.7,-23.8,1.50142,-27.9,-9.9,
1.5,-9.7,-8.4,-7.2,3,-19.9,1.50142,1.5,3,
1.5,14.3,16.5,-34.2,13.5,2.6,1.50142,-7.5,-27.8,
1.5,-33.4,12.6,12.5,2.6,3.5,1.50142,-9.2,-33.9,
1.5,-9,-15,20.5,-14.5,-8.2,1.50142,-9,-15,
1.5,6,-27.3,-8.8,1,-21,1.50142,-17.4,-48.9,
1.5,-2.4,2.6,-12,2,-15.9,1.50142,-8,-22,
1.5,0.5,1,-16.4,1,-26.9,1.50142,1,-24.9,
1.5,-1.9,-15.4,-10.4,-15.5,-15.4,1.50142,-9.8,-19.3,
1.5,-8.9,-4.5,-13.9,4,8.7,1.50142,-6,-24.8,
1.5,-28.9,0.1,0.5,-3.85731e-15,-16.4,1.50142,-16.4,-14.9,
1.5,-0.3,-17.5,-17.4,-1.9,-33.4,1.50142,-5.5,-26,
1.5,2.7,-5.4,-34.4,-2,-32.8,1.50142,-29.3,-4,
1.5,-52.4,-19.9,-52.4,6,-37.8,1.50142,-18.7,-47.3,
1.5,-61.4,-6.2,-21.4,-13.2,-44.7,1.50142,-7,-26,
1.5,-22,-60.4,1.50142,6.5,20.5,1.50142,-66.4,-38.9,
1.5,1.50142,15.5,-48.4,-51.9,-32.9,1.50142,-39.4,10.9,
1.5,-4.9,-51.4,-24.9,-8.4,-34.9,1.50142,-53.4,-68.9,
1.5,-9.4,1.50142,1.50142,-54.4,-49.9,1.50142,1.50142,1.50142,
1.5,12,-59.9,-54.9,18.5,11.5,1.50142,-14.7,-67.4,
1.5,-59.4,7,16,11.5,-8.3,1.50142,-8.5,-24.5,
1.5,6,6.5,-5.8,8,-74.9,1.50142,-11,-64.9,
1.5,-50.4,-42.9,-62.4,-48.4,-11.9,1.50142,-62.4,5,
1.5,-75.4,-26.9,-8.9,-8.5,-66.4,1.50142,-7.5,-8.5,
1.5,1.50142,1.50142,-64.9,-22.9,1.50142,1.50142,-64.9,-61.9,
1.5,-51.9,-54.4,14.5,15,-60.9,1.50142,-75.4,-35.9,
1.5,13,12,-50.4,-49.4,-74.9,1.50142,1.50142,0.5,
1.5,-54.4,-42.9,-59.4,11.5,1.50142,1.50142,-74.9,-53.9,
1.5,-40.9,8,5,18.5,-60.9,1.50142,8,11,
1.5,1.5,-58.9,-52.4,11.5,-16,1.50142,-41.4,-8.5,
1.5,-56.4,11,-7.5,-27.9,-12,1.50142,-7.5,-24.4,
1.5,-4.5,1.5,12,2,-6,1.50142,-81.4,-64.4,
1.5,-49.4,17.5,-49.4,21,-41.9,1.50142,-46.4,2.5,
1.5,-15.4,-5.5,-43.4,-1.9,-43.4,1.50142,-8.5,-23.4,
1.5,-29.9,5,-19.9,19,2.5,1.50142,-31.4,-22.5,
1.5,-7.6,8.5,1.50142,-13.6,-41.1,1.50142,-6,-25.4,
1.5,-1.4,-2,-5.4,13,-36.5,1.50142,-27.5,-18,
1.5,-7.9,-14,-9.4,-12.9,-44.4,1.50142,-30.4,-23.1,
1.5,-19.7,-22.4,-9.9,9.5,-4.1,1.50142,-13.1,-2.4,
1.5,-6.3,5,9.2,13.5,-6.1,1.50142,-10.5,-2.5,
1.5,-2.7,9,-11.2,-1.5,-29.9,1.50142,-43,-4,
1.5,-21.3,0.7,-39.5,3,-31.4,1.50142,-43.9,-27.5,
1.5,-52.4,-3.1,-16.6,-4.1,-51.9,1.50142,-4,-19.4,
1.5,1.5,-47.4,-34.9,10,11.2,1.50142,-22.6,6.9,
1.5,-48.4,16.5,1.50142,-51.9,11.4,1.50142,-47.9,-84.4,
1.5,12.5,-54.4,-5.4,10.5,-21.9,1.50142,-53.4,-57.4,
1.5,-11.4,13.5,-57.9,-6.9,-53.4,-59.4,-21.9,13.5,
1.5,-51.4,-51.9,-51.4,-56.4,-15.4,-16.5,-54.4,-69.9,
1.5,1.50142,1.50142,1.50142,1.50142,1.50142,1.50142,1.50142,1.50142,
1.5,12.5,-33.4,13,1.50142,2.5,3,-71.9,-67.9,
1.5,-41.9,13,-53.9,-39.4,-49.9,-82.4,-19,-21.5,
1.5,-52.9,-21.4,-57.4,-58.4,-37.5,-40.5,-61.4,-14.4,
1.5,1.50142,-64.4,1.50142,1.50142,1.50142,1.50142,-33.4,-1,
1.5,14,1.50142,4,1.50142,-12.9,-21.5,-64.4,-24.5,
1.5,-1.9,-32.9,-54.4,-4,-43.4,-75.4,13,-75.4,
1.5,-51.9,0.2,-29.4,-61.4,7,-59.4,-5.5,7.5,
1.5,-21.4,-64.9,16.5,-46.4,-18.9,1.50142,-27.4,-33.9,
1.5,-17.4,-39.9,-12.4,1.50142,-71.4,-10.9,-44.9,-5.7,
1.5,-0.4,1.50142,-59.4,9.3,-21.9,-57.4,-6.7,-58.9,
1.5,-65.4,-7.9,-6.4,-40.9,-54.4,-57.4,-17.4,-36.9,
1.5,1.92865e-15,-36.9,-46.4,-49.4,-6.4,1.50142,-7,18.5,
1.5,13,-14.9,10,1.50142,2,9.5,-65.9,-67.9,
1.5,-47.9,20.5,-58.4,-48.9,-52.4,-66.9,-2.5,-32.9,
1.5,-53.4,-26.9,-52.9,-59.9,9.8,-21.4,-6.5,-2.8,
1.5,1.50142,-54.9,1.50142,1.50142,-40.9,-37.4,-32.4,-53.9,
1.5,-52.4,1.50142,-43.9,-51.4,-10.1,-46.9,-40.4,-5.4,
1.5,-14.9,-51.4,2.9,-22.9,-7.4,9,-10.4,-57.9,
1.5,14,-15.2,16.5,1.50142,-1.9,-58.9,-41.4,-16,
1.5,1.2,9,-4.8,-34.4,-25.4,-58.4,-20,-57.4,
1.5,-39.9,-27.4,-13.9,-59.9,-29.2,-74.4,-6,-23.5,
1.5,-9.4,-59.9,-9.8,1.50142,10.9,1.50142,-9,1.1,
1.5,-14.4,1.50142,-5.9,-13.4,-29.9,-21.9,-33.4,-50.9,
1.5,-50.9,-51.9,-10.5,3.1,-18.9,-47.9,-7,-89.4,
1.5,10.6,7.5,2.1,-11.9,-10.9,1.50142,-14.8,1.50142,
1.5,11.1,11.1,8.6,-52.4,-68.9,-60.4,-82.4,-64.9,
1.5,-48.4,-59.9,-54.9,-34.4,-34.4,-57.4,15,9,
1.5,-52.9,-25.9,-21.4,1.50142,1.50142,1.50142,-8,-26.4,
1.5,1.50142,1.50142,1.50142,-28.9,-46.4,-35.9,-90.4,-37.4,
1.5,-43.9,-21.3,-19.4,-18.4,-63.9,-24.9,-43.9,-15.9,
1.5,-15.2,-12.3,-52.9,1.50142,-10.4,1.50142,-5.5,-7.4,
1.5,-64.4,1.50142,10.6,6.5,-15,-4.5,-32.9,-25,
1.5,7,16.2,-16.4,11.6,-6.4,-25.4,-32,-50.9,
1.5,4.5,-51.9,-15.1,-0.1,-41.9,-41.4,-60.9,5.5,
1.5,-4,10.4,-4.9,-7.9,-65.9,12,12.5,2.5,
1.5,-38.4,-5.2,-41.4,18.5,1.50142,-41.4,-90.4,-64.4,
1.5,-23.4,-12.4,8,-54.9,-60.9,-75.9,-14.3,-9,
1.5,10.5,-44.9,-54.4,-60.4,-29.8,0.5,-27.9,-24.3,
1.5,-56.4,-35.4,-21,1.50142,-11.4,-16.8,-10.9,-29.4,
1.5,2,1.50142,1.50142,-9.9,-30.4,-28.4,-30.4,-8.9,
1.5,-13.6,1,-6.6,-13.1,-19.9,-55.9,-56.4,-24.4,
1.5,-36.4,-46.4,-46.9,-39.4,-38.9,5.7,2,-33.9,
1.5,-12.9,-8.4,-6.4,5.5,5.5,-26.4,-29.9,4.6,
1.5,-29.9,7,-20.9,-28.9,-46.9,9.5,-10.9,-8.4,
1.5,-11.8,-20.8,-6.4,10.5,-1.9,-16.9,-8.9,-33.4,
1.5,9,11.5,18,9.5,-17.5,-31.4,-35.9,-38.5,
1.5,-18.9,-7.4,-8.4,-17.9,-47.9,-34.4,-5,-25.8,
1.5,0.6,-17.4,-7.4,-4.4,3.7,4.2,-5,8.8,
1.5,6.3,-9.9,11.5,7.3,-22.7,-1.2,-18.9,-36.9,
1.5,-0.5,1.3,0.8,2.3,-36.9,-22.4,-20.9,-51.9,
1.5,15.2,-52.9,-20.4,-9.5,-8,-32.9,-51.9,3.2,
1.5,6.1,-10.2,18,-8.4,-49.9,1.50142,1.4,-38.9,
1.5,-24,8.5,-53.4,18.5,-3,-27.9,-91.4,-66.4,
1.5,-40.9,1.1,13.9,-48.4,-54.9,-63.4,6,13.8,
1.5,1.5,-17.7,-53.9,-60.4,-8.5,1.50142,-32.7,-4,
1.5,-39.4,-39.9,-0.5,20.5,-7.9,0.6,-50.9,-59.9,
1.5,11.9,1.50142,-56.4,-38.9,-64.4,-58.9,1.50142,3.3,
1.5,-53.9,1.50142,-67.9,-58.9,-3.5,2.5,-41.9,1,
1.5,-60.4,-58.4,20,12.5,-12,1.5,-6.5,-24,
1.5,1.50142,14.5,-19.7,-2.2,-2.2,-11.2,-63.4,-52.4,
1.5,-51.9,1.50142,-46.4,-51.9,-44.9,-71.4,-61.9,-46.4,
1.5,1.50142,-57.4,-20.4,-50.9,-50.9,-18.9,16.5,16.5,
1.5,-8.4,-58.9,1.50142,1.50142,1.50142,8.5,-72.9,2.5,
1.5,6,1.50142,12,6,-78.9,-2.5,-15.5,-64.9,
1.5,-48.4,-54.4,-53.4,-53.9,-15.5,-58.4,-68.9,-90.4,
1.5,-63.4,-63.4,-13.5,-63.4,-42.9,-63.4,3.5,1.50142,
1.5,1.50142,1.50142,16.5,1.50142,6.5,1.50142,3,-63.9,
1.5,-48.9,6.5,-53.9,-54.4,-76.9,-60.4,-69.4,-90.9,
1.5,1.50142,-59.4,-36.9,1.50142,1.50142,1.50142,7.5,12,
1.5,-23.9,7.5,1.50142,20.5,6.5,6.5,-42.9,2.5,
1.5,6.5,-6.4,-33.9,-17.9,-50.4,-33.4,-90.9,-63.9,
1.5,-23.9,-18.4,-53.9,-19.4,-49.4,-48.4,-19.2,13,
1.5,-60.4,4,-20.9,-19.9,8,1.50142,-7,-5,
1.5,3.2,-7.3,1.50142,-7.3,-32.3,-18.3,-22.2,-43.8,
1.5,-16.9,-2.4,-26.4,-16.3,-70.9,-32.9,-49.4,6,
1.5,-13.4,-14.9,-53.9,-20.4,-31.9,3.5,-20.9,-6.4,
1.5,-55.9,-30.9,-2.6,1.50142,-11.8,-2.8,-27.3,-15.8,
1.5,16.8,1.50142,5.2,1.50142,-6.9,-32.3,-42.9,-15.8,
1.5,-5.1,3.7,-21.9,-13.1,-31.4,-21.4,-50.9,-62.9,
1.5,-36.9,-37.4,-23.6,-3.5,-57.9,-36.4,9,17,
1.5,-4.1,2,-46.4,-13.9,20.5,20.5,-13,-42.4,
1.5,-27.9,-7.4,1.50142,-22.9,-50.4,-33.4,-27.9,-44.4,
1.5,12,-26.7,-51.9,-13.4,-44.4,-37.9,-5.5,14,
1.5,-65.4,-6.9,-22.4,-33.9,18.1,10.6,-28.4,-22.4,
1.5,-16,-14.9,1.50142,-5,-6.4,-16.5,-51.9,-40.5,
1.5,-16.9,1.8,-64.9,-49.4,-51.4,-40.4,-49.4,9.2,
1.5,-35.9,-27.9,-54.4,-34.9,-34.9,14,-38.9,-14,
1.5,-40.4,-27.9,1.50142,1.50142,-17.9,2.5,-24,-9.5,
1.5,1.50142,1.50142,-2.2,2.8,-24.9,-7.2,-8.9,-35.9,
1.5,0.1,-2.9,-13.9,-6.4,-33.4,-32.9,-32.9,-25.4,
1.5,-9.4,-3.9,-21.4,-21.4,-20.9,-37.4,-6.5,-45.9,
1.5,0.5,-20,1.7,-32.4,1.7,-2.9,-5.5,5.2,
1.5,8,-47.6,14.5,-7.1,-22,-2,-9.2,-26.2,
1.5,8,12.3,-39.9,1.50142,-27.2,-23.7,-5.7,-43.7,
1.5,-32.9,-20.4,-10.4,-18.4,-35.9,-29.4,-5,-35.9,
1.5,2.6,-17.4,-11.9,-23.9,8.3,-34.4,-12.9,14.5,
1.5,13.5,-14.9,11,-8.4,-5,-17,-29.4,-52.4,
1.5,1.6,-52.4,7.1,1.1,1.6,-41.9,-34.9,-16.4,
1.5,19,16.1,18.5,-7.9,-7.4,-3.4,-6.5,0.6,
1.5,-46.4,6.1,-64.9,-3.5,-42.9,-33.4,-34.4,-64.9,
1.5,-63.4,-9.9,-20.9,-52.4,-7.9,-63.4,-7,2,
1.5,-6.3,-48.9,3.6,-54.4,18.5,16,-33.9,-21.4,
1.5,2.7,-56.4,-26.4,1.50142,-69.9,-24.4,-39.4,-6.3,
1.5,-1.9,1.50142,-54.4,12.5,-32.4,-6,-7,-20.9,
1.5,-64.9,4.7,-2.6,-1.1,4.7,-57.9,0.7,-64.4,
1.5,-8.2,-6.8,-46.9,-71.4,-69.9,-45.4,-7.9,-3,
1.5,-46.9,-52.9,-75.4,-58.4,-17.9,10.4,-63.4,-89.4,
1.5,-37.4,-41.4,6.6,8,-12.3,-58.9,-4.3,-11.8,
1.5,1.50142,6.5,1.50142,1.50142,2.7,-10.8,-15.8,-67.4,
1.5,-23.9,20,-57.4,-46.4,-41.9,-46.4,-32.9,-32.9,
1.5,-60.4,-7.4,-24.4,-28.9,-25.9,-25.4,-6.5,13,
1.5,-0.3,-16.8,1.50142,1.50142,19,7.8,-23.2,-11.2,
1.5,2.2,8.5,7.2,1.2,-40.2,-28.3,-49.4,-82.4,
1.5,-48.4,-51.4,-22.9,-34.9,-10.4,-68.4,-7,-26.4,
1.5,3.8,-27.9,16.1,-39.4,19,1.50142,-7.5,1,
1.5,-20.9,1.50142,-15.9,1.50142,-70.4,-62.4,-30.9,-63.9,
1.5,-48.4,-14.4,-41.9,-39.4,-56.1,-68.9,-7,-53.4,
1.5,-5.4,-28.4,-37.9,-60.4,3.5,-39.4,-19.8,12.5,
1.5,-21.9,-38.4,1.50142,1.50142,-39.4,1.50142,-21.9,-51.4,
1.5,8,1.50142,-21.9,1.50142,-37.9,-57.9,-53.9,-29.9,
1.5,-8.9,9.5,-17.4,-36.4,-49.4,-10,7.6,-23.4,
1.5,5.1,-25.4,-11.4,-2.6,1.50142,-3.9,-5.5,-7.9,
1.5,-10.3,10.8,12.1,-4,2.6,3.1,-8.5,-34,
1.5,-16,10,-16.5,-16.5,-24,-32.4,-32.9,-30.9,
1.5,-0.5,-10.5,-10.7,-20.6,-7.4,-45.6,-18.6,-46.4,
1.5,-0.7,-10.6,5.1,-23.9,-7.1,-17.4,-6,-3,
1.5,6.5,-23.7,-2,-19.9,-9.6,2.4,-13.9,-10.4,
1.5,-0.9,-37.2,-27.2,-1.4,-31.4,-6.7,-6.5,-30.7,
1.5,-37.4,1.50142,-42.1,-4.8,-21.7,-30.6,-42.1,-34.7,
1.5,-11.4,-11.9,0.3,-20.6,-7.9,-50.9,-23.9,-50.4,
1.5,-21.1,1.4,-0.7,-49.9,-31.9,-35.9,-18.4,1.50142,
1.5,9.7,-41.9,-18.1,-31.9,-18.8,1.50142,-9.3,-10.9,
1.5,10.8,1.50142,-18.3,1.50142,-9.5,2,-8.1,-23.5,
1.5,-28.3,6.3,-15.6,-4.6,-23.1,-26.1,-43.9,-31.9,
1.5,-10.1,-1.6,-18.2,-6.2,-31.9,-34.6,-6,6.5,
1.5,-6.6,4.9,-20.6,-22.4,6.9,14.5,-26.9,-15.4,
1.5,7.9,7.5,21,-13.4,-43.4,-21.9,-5,-27.1,
1.5,7,-18.4,-33.4,-16.4,-9.7,-25.9,-30.9,1.3,
1.5,-16.9,-22.4,-15.7,2.1,-6.6,-16.9,-8.1,-17,
1.5,-17.2,-4.5,1,9,-10,1.5,-5.5,11.5,
1.5,10.6,-2,-3.6,-2,-20.9,-2,-26.5,-22.5,
1.5,-10,-7.5,-17.5,-10.5,-44.4,-28,-6.5,-35.3,
1.5,-17,-9.4,-31.4,-25.4,-5.5,-33.9,-30.9,-1,
1.5,-7.6,-8.9,7,-16.4,-7.1,-17.8,-27.1,-48.1,
1.5,0.1,-19.9,-19.9,-2.9,-16.4,-21.9,-32.9,-4.7,
1.5,6.8,1.9,-18.4,-23.9,-39.9,-6.7,-7,-35.9,
1.5,2,7.3,-33.9,13.7,1.3,-33.9,-14.4,0.3,
1.5,-27.4,-16,-15.9,-27.4,-7.3,-17.2,-16.5,-31.8,
1.5,-3.9,-17.6,10.5,-5.1,-4.5,-16.6,-5,-22.5,
1.5,13,-4.7,-7.5,9,-5.7,-27.5,-5.5,-22.5,
1.5,-6.5,9.5,3,-26.9,-6.5,-8.5,-5,-2.2,
1.5,-16,-25.9,-6,-26,-21.7,-0.2,-5,-16,
1.5,13.9,-44.4,-39.7,1.50142,-23.5,-34.5,-6.5,-24.5,
1.5,-4.5,1.50142,-3.6,-3.5,-10,1.50142,-34.5,-24.4,
1.5,2.8,-21.9,-13.4,7,-39.9,-16.8,-30.4,-27.4,
1.5,-9.4,1,-7.4,-6.9,-27.6,-26.9,-5.5,-18.6,
1.5,-0.9,7.4,-9.9,-26.4,17.5,-2.1,-16.4,-21.9,
1.5,-16.3,-13.4,-2.9,-8.4,-28.4,-39.9,-6.5,-27.7,
1.5,-5.2,2.1,-12.9,-20.4,-4,-14.9,-7,-9,
1.5,12.7,8.6,9.2,15,13,-6.4,-16.9,-33.4,
1.5,14.5,13.5,-8.9,15,-19.4,-23.9,-17.4,-23,
1.5,-10.5,-1,-21.7,-11.2,-19.4,-10.7,-7.5,-25.2,
1.5,-5.7,0.6,2.3,13.3,-0.9,-24.9,-2.9,4.3,
1.5,16,14.5,10.2,-26.4,-2,-12,-11.9,-25.9,
1.5,4.3,-20.9,-10.9,-10.5,-10.9,-20.4,-4.7,2.2,
1.5,-20.4,-19.4,-19.9,7.1,-13.7,-7.5,-4.5,-7.5,
1.5,-16.2,5.2,-3.3,12,6.1,-22.3,-4.9,-21.3,
1.5,8.5,-8.7,-2.6,-41.7,-29.1,-40.6,-14.4,-39.9,
1.5,4.7,-26.9,-22.3,-33.4,-21.9,-32.9,-9.4,-11.9,
1.5,-21.2,-20.9,-8.9,-7.9,-8.7,1.50142,-6,-5.5,
1.5,-23,-2.9,-2.9,1.50142,-24.4,-16.4,-35.4,-25.9,
1.5,1.50142,6,-42.3,-9.9,-32.9,-30.4,-6.5,-38.6,
1.5,-2.4,-11.9,-8.9,-14.1,-16.4,-32.9,-28.9,1.9,
1.5,15,-31.1,3.5,-16.9,-16.3,-15.5,-7,-15.5,
1.5,7.1,6.6,-16.9,-15.5,10.5,-15.5,-2.5,1,
1.5,-22.4,-21.6,-4,-11,-4,-3.9,-36.6,-7.1,
1.5,-3.8,-10.9,4.2,9.7,-25.9,1,-7,1,
1.5,7,-3.1,-42.9,-2.1,-23.1,-15.6,-22,-38.1,
1.5,-18.4,-7.3,-12.7,-10.1,-8.8,-17.4,-20.8,-51.4,
1.5,0.3,-51.9,4.5,-4.4,-54.9,-37.9,-52.4,9.9,
1.5,-38.4,14.1,-49.9,-33.4,-64.9,18,-17.8,-6.2,
1.5,-58.4,-12.4,-56.4,13,15.2,-67.9,-89.9,-56.4,
1.5,-64.4,11.5,-3.85731e-15,-38.4,-58.9,-66.9,-35.4,-0.5,
1.5,1.50142,-47.4,-49.4,-59.9,-49.9,17.4,-37.4,-43.9,
1.5,-51.9,-52.9,-52.4,1.50142,1.50142,-32.9,-37.9,1.5,
1.5,-46.4,1.50142,1.50142,1.50142,-28.9,-1,-20.9,-6.9,
1.5,1,15,-56.9,-54.9,-36.8,-21.3,-52.4,-57.9,
1.5,-34.9,-59.9,-25.9,-4.6,-34.9,-34.9,-28.9,6,
1.5,-3.4,0.9,1.50142,1.50142,-6.8,1.50142,-6.5,1.50142,
1.5,1.50142,1.50142,1.50142,1.50142,1.50142,1.50142,-12.4,1.50142,
1.5,11,4.5,12,1.50142,-6.9,7.5,-7,1.50142,
1.5,4.5,14.5,0.5,8,-20,-7.5,-7,1.50142,
1.5,6.2,7,-19.2,-6.5,-6.5,-1,-12,1.50142,
1.5,-11,16,-11,2.7,-4,-8.5,-6,1.50142,
1.5,-9.4,9.7,8.5,-7,-10.6,-3,-5,1.50142,
1.5,6,-13,-19.2,-8.1,-16.4,-4.5,-9.9,1.50142,
1.5,-16,-7.5,-22.9,13.5,-7.3,-6.7,-16.7,1.50142,
1.5,-18.2,13.5,6.6,-0.3,-12.9,-10.4,-4.5,1.50142,
1.5,18,-0.5,-16.4,-14.4,-11,-9.5,-17.5,1.50142,
1.5,12,-22.3,-18.9,-17.7,-26.2,-16,-8.7,1.50142,
1.5,-17.9,-16.7,-25.2,-11.5,-7.5,3,-8.5,1.50142,
1.5,-11.4,-2.3,1.5,9,5.5,0.5,-6.5,1.50142,
1.5,2,-1.9,9.5,7.7,-20.4,-11.4,-17.4,1.50142,
1.5,9.5,8,-10.4,-27.3,-7.9,-15,-7,1.50142,
1.5,-10.4,-26.4,4.1,-3.5,1.92865e-15,6,-7,1.50142,
1.5,8.5,2.5,0,1.50142,-7,1.5,-7,1.50142,
1.5,6,3.6,-0.5,6.5,-21.5,-13,-9.9,1.50142,
1.5,-0.4,15,-19,-7,-8.3,2,-6.5,1.50142,
1.5,-17,-5.5,-10.3,12.5,-1,-0.5,-5.5,1.50142,
1.5,-1.3,8.5,0.7,5.9,-9,1,-5,1.50142,
1.5,13.5,5,-19.5,4.6,-22.5,-13,-16.5,1.50142,
1.5,-8.2,14.5,-9.5,-15,-5,0.5,-4,1.50142,
1.5,-5.2,-16,14.8,-0.8,6,-3.85731e-15,-4.5,1.50142,
1.5,-0.8,-10.8,1.6,-10.5,-18.8,-9,-6.8,1.50142,
1.5,3.5,12.5,-18.8,-8.5,-6.8,1,-5,1.50142,
1.5,-16.3,-1,0.2,8.6,-4.8,5.7,-7,1.50142,
1.5,6.3,-5.5,-0.2,12.5,-2.5,1.5,-0.5,1.50142,
1.5,1.3,9,5.2,9.5,-24.9,-8.4,-14.9,1.50142,
1.5,3,6.6,-8.9,9,1.7,-15.5,1,1.50142,
1.5,-7,3,3,-1,3,3,1.5,1.50142,
1.5,2.5,-19.8,3,13.5,2.5,-18,3,13.5,
1.5,3,14,3.5,19.5,2.5,3.5,-5,-2.5,
1.5,-1.5,7.8,-1.5,4.8,-3.7,6.8,4,-3.7,
1.5,7.3,3.8,5.8,7.3,3.5,5.8,2,1.50142,
1.5,-0.5,-0.5,-0.5,-0.5,1.5,-0.5,-1.8,1.50142,
1.5,0.4,0.4,2,0.4,-0.3,2.5,0.4,1.50142,
1.5,-19,1.8,-20.7,-18.5,1.8,-18.5,1.5,1.50142,
1.5,-21.6,-6.5,1.5,-19,2,-5,-9.5,1.50142,
1.5,1.5,-7,4.3,-5.2,3,-19.5,-11.5,1.50142,
1.5,1.50142,1.50142,1.50142,1.50142,1.50142,1.50142,1.50142,1.50142,
1.5,11.5,6,1,19,2.5,10,0.5,1.50142,
1.5,11.1,6,11.5,11.5,1.5,2.5,1,1.50142,
1.5,11.5,8.5,2.5,2.5,-1.4,1.5,3,1.50142,
1.5,12.5,9.5,9.7,12,3,-18.5,2,1.50142,
1.5,-8.5,1,-5,-17.5,-21.5,1.5,-17.5,1.50142,
1.5,-10.5,-9,-12.5,-8,-21.5,-9,-14.5,1.50142,
1.5,1,-5.5,7,-12.5,2.5,10.5,2,1.50142,
1.5,15,0.5,10.1,14.5,2,10,-12.9,1.50142,
1.5,-2.4,9,-11.9,-1.9,-12.9,9,-2,1.50142,
1.5,0.1,2.1,-0.4,8.1,2,-0.4,-1,1.50142,
1.5,9.6,4.5,-2.5,-4.4,-1.3,9,-0.8,1.50142,
1.5,5.8,5.6,-1.3,2,1.2,9,-3.85731e-15,1.50142,
1.5,6.7,4.5,2.1,-18,1.5,8,-0.5,1.50142,
1.5,9.5,-19,7.5,2.5,0.4,10,-0.5,1.50142,
1.5,9.5,5,10.5,-20,1.9,8,-1.5,1.50142,
1.5,11.5,-14.2,-0.3,3,0.7,10.5,-0.5,1.50142,
1.5,10.6,6,3.7,-1,2.4,10,1.5,-0.5,
1.5,-0.2,12.4,-8.5,9.8,-28.2,-23.2,-20.2,-9.7,
1.5,6,10.3,-6.9,-1.2,-46.7,-18.7,-6.5,-31.2,
1.5,2.7,-18.9,-11.4,-9.4,-4.5,-5.1,-29.4,3,
1.5,-2.3,8,12,19,-17.4,7.5,2.5,-4.9,
1.5,-3.9,6.1,-5.4,-3.9,-16.4,-0.7,-18.9,3.1,
1.5,7.5,5.2,-8.9,7.9,-12.4,-8.5,-17.4,-7.9,
1.5,-18,7,8.6,-17.5,-0.4,6.5,4.5,-14.4,
1.5,7,-11.5,7.6,7.5,4,-8.8,0.5,7,
1.5,-2.89298e-15,6,14.5,-13.5,2.2,-3.5,-18,7,
1.5,5.2,-10,10.5,6.7,-16.5,-15.3,-23.8,-6.8,
1.5,1.6,5.6,-3.5,-2.9,-3.2,-18.9,-25.4,-5.3,
1.5,0.5,0.4,0.4,-0.4,-19.4,-6.6,1,6,
1.5,-3.2,5,-14.7,-1,-14.7,2.8,1.5,6,
1.5,-11.3,5,-11.3,2.7,-25.8,-18.3,2,5.8,
1.5,-5.8,-9.3,0.2,-1.3,-8.3,-3.8,-1.1,2.7,
1.5,-3.2,15.2,10.7,14.7,5,-2,-7.3,-11.5,
1.5,2.8,6.8,7.8,5.8,-10.3,-8.8,-13.2,-7.2,
1.5,-12,-12,4.7,6.5,4.5,-20.7,2.5,-22,
1.5,18,16,5.1,7.4,4,-14.9,3,-16.9,
1.5,12.5,13,2.5,-2.8,-12,-14.9,-13,1.1,
1.5,0.5,9,-33,9.2,5,-9.4,2.5,-26.5,
1.5,-31.9,-16.4,12.5,1.8,6.8,-24.4,3.3,-14.9,
1.5,3,8.5,-13.8,-12.8,4,9.5,1.7,2.5,
1.5,-27.3,-2.4,12.5,-4.9,12.5,12.5,-30.1,-9.4,
1.5,-2,4.8,-2,-1.5,-13.5,6.3,2.5,-12.7,
1.5,2.2,16.2,-7,7.5,-13,-6.7,-25.9,3.7,
1.5,-2.5,-1.5,4,-9.8,-8.9,-1.5,-14.9,-16,
1.5,-1.5,3.2,-2.89298e-15,4.5,-2.8,-12,2,6.5,
1.5,8.3,8.5,-2.2,-8,2,1.5,-1.8,2.7,
1.5,1.7,-4,5.5,11,2.7,5.5,1.2,-1.5,
1.5,-9,2.5,-12,19,2.6,4.2,2,6,
1.5,-7,-12,2,-1,-12,-3.3,-8.5,0.7,
1.5,-1,-0.3,-5.5,3,-2.5,-1.8,-2,-21.5,
1.5,4.5,4,-1.2,-10.8,-22.5,-17,-22,-8,
1.5,-3.5,-5.5,-4,1,-3.4,-5,2.5,-15.5,
1.5,-11.3,-2.5,-11.5,-13.2,4.5,-7,-4.5,-8,
1.5,-5.3,-8.7,4.5,-5,0.6,-7,-25.5,-4.5,
1.5,-17,-22.2,-16.3,-23,-22.1,-20.6,-7.8,1.3,
1.5,-6.4,3.8,-23.2,1.9,-9.8,5,-26,-9.5,
1.5,-14.2,-4.7,-8.3,-9.7,-16.9,-21.2,-48.2,-13.7,
1.5,-4.3,-5.9,-3.9,-7.6,-9.4,-12.3,-6.5,1.5,
1.5,1.8,-8.6,-7.7,-6.3,-3.2,1.50142,-14.2,-5.7,
1.5,-2.7,-2,3.9,5.9,-9.7,-5.1,-7.5,-1.1,
1.5,2,4,-7.7,2.5,-8,-2.89298e-15,-7.5,-6.5,
1.5,15.8,4.5,-29,13,-11,-28,-7.5,1.5,
1.5,-27.8,5.1,7.6,-26.9,-23.5,-14.5,-7,4,
1.5,-13.5,-17.9,-22.9,-29.3,-22,-13.5,-6.5,-13.5,
1.5,-9.9,-14.8,-38.4,2.5,-24.9,-12,-26.4,-30,
1.5,-10.4,-11.9,1.50142,-12.9,-41.9,-35,-5.5,-43,
1.5,-7.4,-2.9,-16.9,-18.9,9,-8.4,-19.9,-5.3,
1.5,12,-4.4,1.5,4.1,7.8,13,-5,2.5,
1.5,1.5,1.5,1.5,1.5,-4.2,1.5,-7.4,-2.6,
1.5,-7,-16,-12.8,-6.5,-31.4,-11.2,-5,-28.4,
1.5,-0.8,-15.4,-31.1,-5.8,-3.7,-28.9,-11.2,-18,
1.5,-49.1,9,3.8,-18.8,-22.5,-36,-10.5,-46.8,
1.5,15,-11.8,-21,-2.4,-7.4,-0.4,-6,-22.4,
1.5,-19,10.2,4.1,-17.9,8.9,-22.5,-33.4,-17.9,
1.5,-10.5,-11.4,-1.5,-39.5,-16.9,-15.9,-6,-34.9,
1.5,-3.3,-19.9,-4.9,9.1,-12.9,-33.9,-8.9,1.5,
1.5,0.6,2.7,-11.4,-32.9,-2,-15.5,2.6,-27.4,
1.5,-1,-41.9,-6.2,-29.5,-16.5,-35.9,-10,-9.2,
1.5,-5.7,-54.5,-7,1.50142,-22.2,-34.7,-6,2,
1.5,-0.5,1.50142,-11.4,-10.9,-32.4,1.50142,-44.9,-32.9,
1.5,-44.9,-1.4,-0.6,7,-10.9,1.50142,-5,-54.4,
1.5,13.4,15,3.1,2,8,-46.4,16,3.5,
1.5,13.5,3,2.5,-11.4,-1.5,3,-32.9,-51.4,
1.5,-13.4,-42.9,-33.4,7.5,-36.9,-46.9,-48.4,3,
1.5,-12.9,15,-12.9,-6.4,-12.9,3,-14.9,-32.4,
1.5,-14.9,-9.1,-22.9,-21.9,-42.9,-32.9,-58.4,-13.9,
1.5,-9.4,-12.9,-12.4,-12.9,-51.9,7.6,8.6,-43.9,
