0.000466098,4.47744e-06,0.000281838,3.54813e-05,0.00017825,0.000891251,0.00141254,7.94328e-05,0.000845515,
0.000540967,1.71566e-05,0.00031908,0.000109437,0.000221902,0.00104511,0.00154136,0.000136977,0.000936716,
0.000651987,1.91519e-05,0.000460334,0.00011967,0.00023812,0.00105659,0.00155582,0.000825869,0.000940347,
0.00075435,2.13906e-05,0.000492693,0.000161357,0.000258586,0.00156945,0.00158212,0.000877034,0.00107217,
0.00120742,0.00143439,0.000546524,0.00135568,0.000964855,0.00158093,0.00168445,0.000887926,0.00120462,
0.00149095,0.0019592,0.000918059,0.00146283,0.00122851,0.00159208,0.0026177,0.000898818,0.00125044,
0.0016111,0.00197238,0.00100143,0.00172586,0.00136976,0.00173273,0.00281959,0.000957703,0.00130933,
0.00215036,0.00210121,0.00113026,0.0019829,0.00158761,0.00314573,0.00283133,0.00240657,0.00201727,
0.00242584,0.00218064,0.00121343,0.0033959,0.00167216,0.00351727,0.00287115,0.0024728,0.00208334,
0.00271578,0.00289027,0.00146462,0.00352772,0.00192053,0.00398723,0.00324268,0.00253903,0.00215414,
0.00300644,0.00298359,0.00199068,0.00360847,0.00232053,0.00457747,0.00365955,0.0026222,0.00228903,
0.00358612,0.00419157,0.00200023,0.00382277,0.00252005,0.00495766,0.00478423,0.0036222,0.00279022,
0.00411805,0.00434293,0.00228206,0.00471826,0.00274393,0.00569897,0.00576147,0.00401768,0.00337906,
0.00449994,0.00464492,0.00232472,0.00494213,0.00330627,0.00578429,0.00579535,0.00414357,0.00505825,
0.0048184,0.00492676,0.00244221,0.00515206,0.00363976,0.00598381,0.00607078,0.00480584,0.00552598,
0.00519712,0.00525789,0.00267664,0.00540324,0.00403787,0.00641039,0.00625699,0.00496328,0.00657063,
0.00590352,0.00594972,0.00408964,0.00681624,0.00429321,0.007525,0.00678179,0.00514949,0.00662311,
0.00625434,0.00655228,0.00439163,0.00728398,0.00467089,0.00775408,0.00715245,0.00537188,0.00685753,
0.00707501,0.00695134,0.00479163,0.00869698,0.0049389,0.00916662,0.00730733,0.0066308,0.00811646,
0.00767883,0.00720252,0.00550294,0.01011,0.0051389,0.0105796,0.00739645,0.00702891,0.00847127,
0.0082244,0.00835068,0.00659942,0.010356,0.00564366,0.0107574,0.0075061,0.00706791,0.00951395,
0.00844248,0.00838088,0.00723188,0.0103843,0.00571731,0.0113438,0.00785284,0.00708021,0.00954863,
0.00877963,0.00936965,0.00731131,0.0105435,0.00603353,0.0113836,0.00795755,0.00764255,0.00999531,
0.00970462,0.0106316,0.00798739,0.0108605,0.00706891,0.0127966,0.00835566,0.00931003,0.0106263,
0.0104226,0.0109478,0.00828251,0.0110694,0.00770137,0.0131277,0.00976866,0.010569,0.0119145,
0.011642,0.0117796,0.00935403,0.0123284,0.00939239,0.0145697,0.0111817,0.0115922,0.0129378,
0.0122875,0.0118796,0.0101502,0.0128295,0.0108054,0.0155184,0.0114328,0.0117436,0.0139402,
0.0133961,0.0128568,0.0115632,0.0142425,0.0115167,0.0161791,0.0142646,0.0123602,0.0141857,
0.0138675,0.0131198,0.0120644,0.0149032,0.0124654,0.0167287,0.0143743,0.0129124,0.0143719,
0.0144125,0.0134149,0.012491,0.0151724,0.0129195,0.0170835,0.0156392,0.0136709,0.0149089,
0.014921,0.0135104,0.012596,0.0153353,0.0143286,0.0176083,0.0159554,0.014745,0.0152891,
0.0162996,0.0135617,0.0148453,0.016045,0.0157412,0.0188672,0.0187671,0.015867,0.0167021,
0.0169189,0.0140515,0.0162583,0.0170946,0.0161214,0.0189504,0.0189761,0.0158933,0.0180055,
0.0173784,0.0154645,0.0164063,0.0171414,0.017611,0.0192653,0.019158,0.0159229,0.0180582,
0.0174836,0.0155386,0.0165925,0.0173077,0.0176835,0.0193071,0.0192574,0.0159377,0.0182444,
0.0177911,0.0158775,0.0168876,0.0173989,0.018017,0.0194392,0.0199969,0.0161721,0.0185395,
0.0181736,0.0160817,0.0169809,0.0175307,0.0180671,0.0208522,0.0205593,0.01632,0.0189966,
0.0192509,0.0169729,0.0178743,0.0189437,0.0185127,0.0221705,0.0216813,0.017733,0.0201186,
0.0197542,0.0177857,0.0182382,0.0195326,0.0185574,0.0235835,0.0218675,0.0178263,0.0206422,
0.0202183,0.0183105,0.0182944,0.020642,0.0198253,0.02388,0.0220334,0.0179927,0.020768,
0.0206195,0.0188117,0.0187956,0.0214311,0.0200492,0.0245577,0.022233,0.0182021,0.0208752,
0.0211357,0.0191919,0.0191119,0.0218577,0.0214584,0.0247439,0.0224468,0.0192736,0.0210011,
0.0217354,0.019868,0.01951,0.0225804,0.0221863,0.0256351,0.0227293,0.0198232,0.0215506,
0.0224349,0.02005,0.019767,0.0241475,0.0225025,0.0262377,0.0241423,0.0199407,0.0226912,
0.0238127,0.021463,0.021116,0.02593,0.0229015,0.0276507,0.024974,0.0233067,0.02316,
0.0243949,0.0222392,0.0224342,0.02593,0.0230277,0.0290637,0.0253289,0.0235951,0.0235402,
0.0250572,0.022594,0.0226121,0.027343,0.0233284,0.0295885,0.0271998,0.0241199,0.0236721,
0.0256039,0.0228452,0.0227123,0.0285481,0.0236439,0.0300671,0.0277022,0.025242,0.0240702,
0.026001,0.022916,0.0234219,0.0286032,0.0239251,0.0304562,0.0284435,0.0258174,0.024425,
0.0263931,0.0234046,0.0235632,0.0289137,0.0243728,0.0306906,0.02954,0.0258791,0.0247806,
0.0268637,0.023729,0.0239613,0.0300154,0.0246547,0.0317748,0.0298636,0.0260885,0.0248223,
0.0279127,0.025142,0.0252827,0.030725,0.0254082,0.0319227,0.0312668,0.0273188,0.0262353,
0.0288199,0.0263723,0.0261536,0.0308425,0.0258073,0.0333357,0.0326798,0.0284724,0.026896,
0.0294495,0.0269119,0.0265084,0.0319645,0.0266548,0.034077,0.0330109,0.0285555,0.0279125,
0.0298415,0.0272138,0.026708,0.0333775,0.0269222,0.0345362,0.0333129,0.0286579,0.0280037,
0.0303238,0.027861,0.0269131,0.0347265,0.0273678,0.0347022,0.0337465,0.0289815,0.0282922,
0.030895,0.0279899,0.0273467,0.0351953,0.027424,0.0353783,0.0343775,0.0301564,0.0292922,
0.0315753,0.0283366,0.0280581,0.0354336,0.0274803,0.0367913,0.0361929,0.0305829,0.0297268,
0.032027,0.0284988,0.0282825,0.0364384,0.028485,0.0373283,0.0364167,0.0310067,0.0297592,
0.0323222,0.0288455,0.0286292,0.037197,0.0288013,0.0375061,0.0365292,0.0310861,0.029983,
0.0326188,0.0294765,0.0289312,0.0375124,0.0294367,0.0375874,0.036707,0.0312307,0.0300682,
0.0328855,0.029635,0.0291603,0.0375534,0.0303259,0.0377163,0.0370459,0.0313752,0.0302723,
0.033659,0.0306945,0.0295879,0.0389664,0.0315938,0.0383923,0.037897,0.0316772,0.0304629,
0.0338844,0.0309183,0.0298123,0.0394341,0.0316569,0.0386435,0.0380876,0.0318357,0.0306868,
0.0345923,0.0312495,0.0300118,0.0406644,0.0319052,0.0396435,0.0394397,0.0326694,0.0311545,
0.0353035,0.0326625,0.0301778,0.0412014,0.0320831,0.0409618,0.040331,0.0328393,0.032171,
0.0357579,0.033265,0.030319,0.0412829,0.033351,0.0414416,0.0404659,0.0332659,0.0326722,
0.0360578,0.0344003,0.0303203,0.041412,0.0336328,0.0416986,0.0406104,0.0335113,0.0328764,
0.0367028,0.0345625,0.0310283,0.0429191,0.0338148,0.0421884,0.0410273,0.0349239,0.0331582,
0.0368446,0.0352232,0.0310414,0.0429296,0.0339081,0.0423363,0.0410439,0.0351058,0.0331686,
0.0368786,0.0352292,0.0310479,0.0429428,0.0341185,0.0423454,0.0410464,0.0351099,0.033189,
0.0371668,0.0352497,0.0315727,0.0430873,0.0341511,0.042349,0.0424594,0.0352247,0.0332403,
0.0377615,0.0353099,0.0320525,0.0430873,0.0345288,0.043762,0.0428668,0.0364298,0.034055,
0.038348,0.0362649,0.0334655,0.0445003,0.0350623,0.0438471,0.043053,0.0365148,0.0340764,
0.0384762,0.0363934,0.0335678,0.0446517,0.0352036,0.0441506,0.0432134,0.0365338,0.0340955,
0.0387708,0.0365383,0.0335973,0.0447811,0.0359332,0.0445221,0.0432761,0.0370599,0.0344585,
0.0391426,0.0368341,0.0336634,0.0448174,0.0362583,0.0455936,0.0434383,0.0377055,0.0348301,
0.0396532,0.0369275,0.0338925,0.0451244,0.036705,0.0458026,0.0448513,0.0384486,0.0354742,
0.0402853,0.0375881,0.0344813,0.045878,0.0373359,0.046037,0.0452979,0.0385227,0.0371417,
0.0408452,0.03828,0.0354146,0.0461598,0.0376522,0.0472175,0.0459586,0.0388538,0.0372249,
0.0414842,0.0385312,0.0357785,0.046411,0.0398658,0.0479254,0.0462025,0.0391927,0.0379662,
0.0419309,0.0386183,0.0359134,0.047824,0.0399952,0.0491277,0.0463173,0.0394557,0.0381953,
0.042336,0.0387532,0.0366348,0.048946,0.0402482,0.0495079,0.0464295,0.0398114,0.0383574,
0.0428158,0.0388532,0.0367609,0.0497404,0.0405012,0.0500102,0.0473415,0.0407709,0.038548,
0.043581,0.039135,0.0370435,0.0511208,0.0417571,0.0512405,0.0481926,0.0412721,0.0388868,
0.0443693,0.040548,0.0387854,0.0519663,0.0418984,0.0522177,0.0488687,0.041427,0.0392433,
0.044723,0.040648,0.0391024,0.0523572,0.042896,0.0524416,0.0489976,0.0417818,0.0395596,
0.0452626,0.0408029,0.0392148,0.0548409,0.0433427,0.0527507,0.0492794,0.0420342,0.039835,
0.0455161,0.04126,0.0398458,0.0549203,0.0435939,0.0529095,0.0495306,0.0421213,0.0399472,
0.0457695,0.0412963,0.0399329,0.0549527,0.0453441,0.0529309,0.0495608,0.0421714,0.0399671,
0.0458224,0.0413362,0.0399684,0.0549652,0.0453916,0.052956,0.0495697,0.0423126,0.0400793,
0.0460737,0.0414486,0.0400806,0.0550911,0.045749,0.0533541,0.0499678,0.0425376,0.0403612,
0.0469638,0.0442746,0.0402391,0.0565041,0.0461499,0.0540954,0.0503393,0.0432489,0.0408591,
0.0476288,0.0445572,0.0406372,0.0579171,0.0465047,0.0545966,0.0507109,0.045023,0.0410835,
0.0483026,0.044771,0.0411158,0.0580552,0.0469028,0.0555739,0.0518514,0.046436,0.0417144,
0.0485137,0.0448157,0.041302,0.0582101,0.0472744,0.0557734,0.0520561,0.0468296,0.0418487,
0.0486794,0.0450153,0.0414279,0.0582518,0.0473692,0.0558528,0.0526171,0.0468628,0.042038,
0.0489612,0.04583,0.0414841,0.0585409,0.0474229,0.0565578,0.052743,0.0469075,0.0422036,
0.0495396,0.0471183,0.0420212,0.0587405,0.0479866,0.056614,0.0530381,0.0480321,0.0427659,
0.0502948,0.0483802,0.0425835,0.0588993,0.0493992,0.0572901,0.0544511,0.0484302,0.0429244,
0.0509852,0.0494694,0.0426747,0.0599041,0.0497973,0.0591566,0.0550836,0.0487538,0.0430419,
0.0517296,0.0495244,0.0428657,0.0603827,0.049851,0.0596936,0.0580964,0.0488984,0.0445245,
0.0525861,0.0506725,0.0436243,0.0617957,0.0508767,0.0605084,0.0590296,0.0490132,0.0451687,
0.0531657,0.0520855,0.0443322,0.062729,0.0512544,0.0606433,0.0591555,0.0499192,0.0452067,
0.0535283,0.0521563,0.0455941,0.0629285,0.0514231,0.06109,0.059347,0.0500544,0.0456333,
0.0539277,0.0523152,0.0456119,0.0630802,0.0518647,0.0611833,0.0598256,0.0510544,0.0464864,
0.0544318,0.0525014,0.04601,0.0636038,0.0528157,0.0613312,0.0612386,0.0511719,0.0467815,
0.0546185,0.0526493,0.046641,0.063667,0.0529779,0.0613887,0.0614677,0.0512178,0.0469382,
0.0549065,0.0526891,0.0467365,0.063684,0.0545741,0.0614562,0.0614959,0.0514088,0.0472074,
0.0550092,0.0527161,0.0468216,0.0637031,0.054614,0.0615238,0.0616864,0.0514847,0.0475236,
0.0553541,0.0528067,0.0470211,0.0639375,0.0547142,0.0628389,0.0617986,0.0516549,0.0480607,
0.0557364,0.0528629,0.0473036,0.0643641,0.0548264,0.0634443,0.0625572,0.0524624,0.0480702,
0.0562657,0.0542759,0.0477302,0.0649529,0.0549264,0.0637992,0.0633496,0.0524875,0.0486037,
0.0566281,0.0544998,0.0480392,0.0659762,0.0549974,0.0640509,0.0637478,0.053021,0.0486928,
0.0569464,0.055001,0.0485371,0.0660161,0.0551541,0.0646133,0.0639099,0.0533521,0.0489879,
0.0575825,0.055101,0.0491681,0.06814,0.0552612,0.0648271,0.0645409,0.0534933,0.0501285,
0.0580207,0.0559327,0.0503703,0.0687037,0.055616,0.0648902,0.0648227,0.053535,0.0502949,
0.058252,0.0560219,0.0504334,0.0697013,0.0556559,0.0649007,0.0650223,0.0538448,0.0504361,
0.0587557,0.0562731,0.0504733,0.0709093,0.0556667,0.0652169,0.0664348,0.0544773,0.0505946,
0.058924,0.0563731,0.0508349,0.0709944,0.0556819,0.0652549,0.0665056,0.0545171,0.0512301,
0.0591389,0.0565429,0.050854,0.0711015,0.056729,0.065344,0.0665782,0.0545312,0.0514305,
0.0595502,0.0566942,0.0522029,0.0711015,0.0568769,0.0664714,0.0668021,0.0545984,0.0516544,
0.0599769,0.0581072,0.0522029,0.0714996,0.0576731,0.0667226,0.0672002,0.0546833,0.0517265,
0.0604111,0.0583764,0.0527653,0.0732179,0.0577731,0.0669369,0.0673129,0.0548245,0.0520814,
0.0605679,0.0585026,0.0527872,0.0732659,0.0580518,0.0671147,0.0674643,0.0550757,0.0522809,
0.0609119,0.0585231,0.0528049,0.0733453,0.0597428,0.0675037,0.0675288,0.0552106,0.0526357,
0.0611935,0.0586852,0.0533673,0.073524,0.0598717,0.067682,0.0677067,0.0553691,0.053342,
0.0613151,0.0592223,0.0534795,0.0735392,0.0599717,0.0677019,0.0677422,0.055477,0.0533868,
0.0614958,0.0592499,0.0535772,0.0735708,0.0600088,0.068832,0.0677697,0.0555411,0.053417,
0.0617984,0.0592897,0.0537436,0.0746928,0.060078,0.0690569,0.0679692,0.0557407,0.0538161,
0.062365,0.0607027,0.0538267,0.0761058,0.0605804,0.0691546,0.0680669,0.0566179,0.0538651,
0.0627642,0.0612522,0.054603,0.0764526,0.0612738,0.0691944,0.0684145,0.0569348,0.0539881,
0.0632154,0.0616887,0.0550395,0.076565,0.0614926,0.0692652,0.0685923,0.0573329,0.0557464,
0.0636017,0.0627982,0.0551103,0.0766152,0.0615427,0.0697664,0.0693686,0.0576148,0.0559976,
0.0645666,0.063153,0.0558199,0.0772318,0.0640666,0.0716593,0.0694945,0.0582188,0.0568889,
0.0651633,0.0638943,0.0567319,0.0782318,0.0642661,0.0720574,0.0704717,0.0585006,0.0571525,
0.0658232,0.0642105,0.056795,0.0819736,0.0645751,0.0721696,0.070561,0.058873,0.0574279,
0.066063,0.0645125,0.0568626,0.0820058,0.0647756,0.0725507,0.0711247,0.0589933,0.0576791,
0.0662044,0.0652626,0.0568778,0.0820536,0.0647864,0.0725747,0.0712118,0.0591004,0.0577683,
0.0671004,0.0666115,0.0580449,0.0820536,0.0660513,0.0739237,0.0716018,0.0605134,0.0580027,
0.0681412,0.0680245,0.0582848,0.0834666,0.0661406,0.0742256,0.0718716,0.0605614,0.0625541,
0.0686622,0.0694375,0.0583848,0.0838215,0.0661722,0.0742887,0.0725025,0.0610862,0.0636038,
0.0690386,0.0694812,0.058497,0.0849488,0.0662671,0.0757017,0.0725733,0.0611261,0.0637134,
0.0691788,0.0697982,0.0585325,0.0850282,0.0666909,0.0759008,0.0726234,0.061134,0.0637223,
0.0694099,0.0700023,0.0585549,0.0850345,0.0666959,0.0766989,0.0734216,0.0611372,0.0637335,
0.0696367,0.070028,0.0585819,0.085421,0.0672582,0.0772679,0.0735171,0.0611949,0.0638247,
0.0703913,0.0714406,0.0599949,0.086834,0.0674492,0.0774301,0.0743299,0.0613462,0.0643056,
0.0710252,0.0722349,0.0605319,0.0881078,0.0680775,0.0780908,0.0744997,0.0613942,0.0652652,
0.0717236,0.0723524,0.061275,0.088191,0.0701915,0.0788204,0.0755162,0.0618307,0.0656119,
0.0731052,0.0751784,0.0614009,0.089604,0.0725744,0.0798204,0.0769292,0.0632437,0.0660905,
0.0738799,0.0759197,0.0625758,0.0897818,0.0727523,0.0812334,0.0776372,0.0632818,0.0678571,
0.0741772,0.0760197,0.062754,0.0906731,0.0731062,0.081295,0.0778716,0.0633381,0.0683595,
0.0744075,0.0763015,0.0631265,0.0908469,0.0733186,0.0817974,0.0779946,0.0633567,0.0685179,
0.074717,0.0768511,0.0632439,0.090979,0.0734599,0.0832039,0.0780688,0.0633699,0.0685596,
0.0750443,0.0774413,0.0633147,0.091214,0.0739934,0.0840893,0.0781212,0.0634116,0.0687686,
0.0755874,0.0782945,0.0636536,0.0913073,0.0744112,0.085267,0.0788626,0.0635978,0.0693056,
0.0761638,0.0787114,0.0647007,0.0921985,0.0750422,0.085804,0.0795233,0.0636719,0.0696581,
0.0768199,0.0801244,0.0649699,0.0923645,0.0761516,0.0869213,0.080003,0.0640452,0.0699795,
0.0771185,0.0809561,0.0650699,0.0923948,0.0766271,0.0870531,0.0804571,0.0641966,0.0701933,
0.0775368,0.0809629,0.0656349,0.092536,0.0769271,0.0876419,0.0817785,0.0643961,0.0704172,
0.0781805,0.0814665,0.0656666,0.0934693,0.077551,0.0882585,0.0820603,0.0657765,0.0711953,
0.0785647,0.0816363,0.0657814,0.0942106,0.0776512,0.0896715,0.0823914,0.065802,0.0713731,
0.0787223,0.0816925,0.0658445,0.0943766,0.0780484,0.0899515,0.0824709,0.0658206,0.0715736,
0.0790444,0.0822173,0.0662076,0.0944507,0.0787484,0.0907406,0.082534,0.0658415,0.0716153,
0.0793741,0.0828796,0.0663306,0.0947025,0.0792818,0.0911489,0.0829055,0.0659703,0.0717738,
0.080419,0.0848843,0.0670385,0.0958968,0.079783,0.0917113,0.0834678,0.0673833,0.0731868,
0.0813323,0.0860064,0.0680385,0.096038,0.0799736,0.0931243,0.0848808,0.0689005,0.0736962,
0.0823585,0.0865687,0.0682784,0.0971025,0.0811009,0.0945373,0.0858358,0.0716613,0.0737833,
0.0829259,0.0869761,0.0701758,0.0973264,0.0812788,0.095369,0.0865151,0.0718756,0.0738905,
0.0835256,0.087684,0.0707783,0.0987394,0.081985,0.096275,0.0868971,0.0719432,0.0739025,
0.0837046,0.0877403,0.0709562,0.0990942,0.0820132,0.0967439,0.0869536,0.0720092,0.0741264,
0.083938,0.0877801,0.0710562,0.0995409,0.0824898,0.0970069,0.0869891,0.0722331,0.0744082,
0.0845097,0.0881431,0.0715143,0.0999674,0.0827898,0.0984199,0.0878209,0.0729427,0.074479,
0.0848861,0.0888192,0.071624,0.100285,0.0829483,0.0988564,0.0879527,0.0737352,0.074868,
0.0859717,0.0911155,0.071926,0.100889,0.0846353,0.100639,0.0887655,0.0739347,0.075868,
0.0865392,0.0915622,0.0727771,0.101336,0.0855266,0.101141,0.0894416,0.0740198,0.0765094,
0.0876784,0.0923565,0.0730791,0.103264,0.089725,0.102349,0.0898132,0.0742603,0.0765802,
0.0878915,0.0925703,0.0735057,0.103488,0.0900201,0.102434,0.0899898,0.0743344,0.0767892,
0.0883174,0.0927565,0.0739524,0.103784,0.0906856,0.102582,0.0902528,0.0749951,0.0775305,
0.0889297,0.0935923,0.0740284,0.105197,0.0911879,0.102845,0.090522,0.0754628,0.078602,
0.0896979,0.0945473,0.0754414,0.105466,0.0918992,0.103243,0.091477,0.0762757,0.0792329,
0.0900357,0.0948164,0.0756193,0.106127,0.0920114,0.104075,0.0918166,0.0762833,0.0795364,
0.0902634,0.0948338,0.0756539,0.106998,0.0920153,0.10425,0.0919263,0.076457,0.0799729,
0.0906044,0.0948423,0.0763224,0.108075,0.0923727,0.104469,0.0919939,0.0765635,0.0801968,
0.0916851,0.0949836,0.0791484,0.10831,0.0932639,0.105882,0.0920872,0.0795763,0.08023,
0.091851,0.0951185,0.0793834,0.108441,0.0933814,0.105987,0.0922639,0.0797337,0.0804992,
0.0921274,0.0951892,0.0794371,0.109709,0.0934231,0.106651,0.0923176,0.0797619,0.0805306,
0.0923047,0.0954711,0.0795546,0.109794,0.0936929,0.106758,0.092487,0.0800781,0.0806014,
0.092478,0.0955562,0.0797131,0.110008,0.0938696,0.106893,0.09275,0.0803126,0.0807216,
0.0935682,0.0962153,0.080045,0.111421,0.0939696,0.108306,0.0939249,0.0836396,0.0810243,
0.095135,0.0974456,0.0829837,0.112834,0.0944112,0.108441,0.0945138,0.0892916,0.0811596,
0.0955022,0.0978171,0.0831096,0.112865,0.0945371,0.109854,0.0949837,0.0895428,0.0813078,
0.096755,0.100206,0.0839039,0.114278,0.0946493,0.112047,0.0952788,0.0909558,0.0827208,
0.0976097,0.100508,0.0852561,0.115691,0.0948488,0.112938,0.0966914,0.0914247,0.0835189,
0.09835,0.100524,0.0895037,0.115887,0.0951307,0.11322,0.0973993,0.0915424,0.0835931,
0.0989677,0.10114,0.0895971,0.116019,0.0965499,0.114794,0.0981884,0.0917663,0.0836864,
0.0990854,0.101176,0.0897289,0.116044,0.0966758,0.114884,0.0982283,0.0922162,0.083731,
0.0995436,0.101622,0.0897997,0.118883,0.0966917,0.114963,0.0982566,0.0923783,0.0837545,
0.100239,0.102646,0.0898396,0.119445,0.0967272,0.114974,0.0983141,0.0956525,0.0843144,
0.100739,0.103497,0.0899571,0.119731,0.0976435,0.115094,0.098731,0.0962835,0.0849767,
0.100965,0.103592,0.0901809,0.119901,0.0979984,0.115607,0.0988104,0.0963189,0.0853141,
0.101432,0.103917,0.0906938,0.12125,0.098817,0.116119,0.0988735,0.0963852,0.0853992,
0.101673,0.103961,0.0909027,0.121436,0.0990414,0.116185,0.0990873,0.0969891,0.0857794,
0.102492,0.10419,0.0910541,0.123207,0.101014,0.11654,0.0994588,0.0972776,0.0871924,
0.103212,0.104985,0.0914089,0.12384,0.101577,0.117953,0.100459,0.0982285,0.0872486,
0.103975,0.105743,0.0921675,0.126346,0.102701,0.118131,0.10053,0.0983028,0.0878754,
0.104321,0.106614,0.0927058,0.126375,0.102785,0.118366,0.100825,0.0988916,0.0880076,
0.104554,0.106696,0.0927525,0.127263,0.103102,0.118553,0.100942,0.0989505,0.0881735,
0.105752,0.109522,0.0928572,0.128676,0.103423,0.119486,0.102355,0.100758,0.0889357,
0.106024,0.109532,0.0928835,0.130089,0.103473,0.119588,0.102473,0.100925,0.0892275,
0.106144,0.109741,0.0929629,0.130141,0.103699,0.119646,0.102604,0.101029,0.0893325,
0.106326,0.109858,0.0931214,0.130286,0.10384,0.119915,0.102867,0.101331,0.0893929,
0.107027,0.110504,0.0934165,0.131042,0.103966,0.121727,0.103009,0.101747,0.0908059,
0.107698,0.111063,0.0939189,0.131374,0.10472,0.122559,0.104422,0.102086,0.0914383,
0.10852,0.111394,0.0945355,0.132325,0.106308,0.123317,0.105774,0.102623,0.091885,
0.109096,0.111956,0.0959485,0.132956,0.106543,0.124169,0.106405,0.102768,0.0920234,
0.10954,0.112681,0.0963033,0.133343,0.107939,0.124283,0.106464,0.102958,0.0923478,
0.109793,0.112932,0.0963741,0.13357,0.107977,0.124664,0.106626,0.103561,0.0926362,
0.111135,0.113037,0.0992922,0.133987,0.108068,0.130594,0.106744,0.103892,0.0934679,
0.112033,0.114325,0.100918,0.1354,0.108193,0.132007,0.107039,0.10429,0.0940947,
0.112355,0.114649,0.101118,0.1355,0.108278,0.132668,0.107302,0.105101,0.0942235,
0.112979,0.114655,0.102537,0.135735,0.10849,0.134081,0.107461,0.106148,0.0947247,
0.113841,0.114925,0.103278,0.136214,0.108845,0.13543,0.108237,0.106458,0.0973438,
0.114466,0.115006,0.104427,0.136329,0.108868,0.135487,0.109496,0.10736,0.0987568,
0.114742,0.115038,0.105724,0.13639,0.109231,0.135602,0.109678,0.107389,0.0988856,
0.115329,0.115064,0.105953,0.136693,0.111022,0.135891,0.109877,0.107517,0.100616,
0.11553,0.11523,0.106308,0.137091,0.111274,0.136003,0.110077,0.107541,0.100718,
0.115871,0.115321,0.106449,0.138504,0.1114,0.136112,0.110206,0.107613,0.101364,
0.116463,0.115897,0.106804,0.139416,0.111679,0.136637,0.110932,0.108426,0.101914,
0.117028,0.116148,0.107121,0.140538,0.11171,0.13805,0.11111,0.108515,0.103033,
0.117526,0.116306,0.107333,0.141039,0.11221,0.138228,0.111818,0.109347,0.103924,
0.118107,0.116355,0.108206,0.141239,0.112351,0.139059,0.112319,0.10963,0.105698,
0.118391,0.11651,0.10843,0.141635,0.112603,0.139414,0.112402,0.109648,0.106489,
0.118666,0.116642,0.108477,0.141797,0.112807,0.140821,0.112514,0.109701,0.106572,
0.118919,0.116871,0.108711,0.142079,0.113123,0.141266,0.112635,0.109833,0.106835,
0.119302,0.117372,0.108898,0.142138,0.113969,0.141857,0.113295,0.109966,0.106919,
0.119923,0.118393,0.109898,0.142605,0.114801,0.142229,0.114021,0.110239,0.1072,
0.120998,0.11885,0.110365,0.144269,0.116426,0.142433,0.114652,0.111256,0.10973,
0.121697,0.120025,0.11116,0.144771,0.117491,0.143388,0.115079,0.111538,0.110128,
0.122379,0.120199,0.111617,0.145447,0.118565,0.143889,0.115374,0.11204,0.111902,
0.122996,0.120571,0.111956,0.146047,0.12082,0.143967,0.115476,0.112702,0.112427,
0.12327,0.121123,0.112354,0.146434,0.120856,0.144153,0.115913,0.11278,0.11255,
0.123512,0.121347,0.112757,0.146549,0.121138,0.144255,0.116064,0.113009,0.112977,
0.124434,0.121635,0.113203,0.147019,0.123477,0.145671,0.116695,0.11433,0.113445,
0.124914,0.122114,0.11365,0.147706,0.1238,0.14626,0.117403,0.114612,0.11377,
0.125164,0.122615,0.113735,0.147963,0.123902,0.146331,0.11763,0.114863,0.114271,
0.125484,0.12276,0.113818,0.148067,0.1251,0.14672,0.117854,0.115087,0.11447,
0.126059,0.123645,0.113877,0.14948,0.125309,0.148132,0.118053,0.115368,0.114605,
0.126624,0.123793,0.114728,0.150739,0.125871,0.148695,0.118686,0.115664,0.11482,
0.12716,0.125206,0.115067,0.151009,0.126631,0.148788,0.119405,0.11573,0.115446,
0.127588,0.125365,0.115656,0.151119,0.127798,0.148974,0.119435,0.116199,0.116156,
0.127711,0.12544,0.115722,0.151131,0.127993,0.149256,0.119492,0.11629,0.11636,
0.127943,0.125567,0.116967,0.151175,0.128216,0.149288,0.119549,0.116297,0.116486,
0.128174,0.126014,0.117111,0.151188,0.128721,0.149574,0.119711,0.116442,0.116634,
0.128521,0.126143,0.117393,0.151234,0.129672,0.150219,0.119762,0.116889,0.116858,
0.129299,0.126789,0.118806,0.151378,0.131091,0.151632,0.12047,0.117141,0.117087,
0.129924,0.127701,0.119382,0.152791,0.131196,0.153045,0.120752,0.117405,0.117124,
0.130169,0.127738,0.119423,0.153123,0.131328,0.153119,0.121675,0.11751,0.11744,
0.130536,0.127904,0.120309,0.153713,0.131411,0.153415,0.121733,0.117733,0.118073,
0.130865,0.128612,0.120513,0.153975,0.131543,0.153769,0.122132,0.118233,0.118147,
0.131235,0.128875,0.12056,0.154019,0.133234,0.153778,0.12214,0.118333,0.118943,
0.131438,0.128955,0.121061,0.154077,0.133375,0.153804,0.122729,0.118519,0.118988,
0.131954,0.128984,0.121574,0.15558,0.13349,0.153897,0.123778,0.118542,0.119784,
0.132793,0.130397,0.122176,0.157032,0.133772,0.154026,0.125191,0.119186,0.12056,
0.133072,0.130442,0.122265,0.157048,0.134769,0.154062,0.125306,0.119874,0.120805,
0.133209,0.13051,0.122269,0.157073,0.134904,0.154174,0.125476,0.120082,0.121183,
0.133571,0.130651,0.122374,0.157925,0.135055,0.154764,0.126075,0.120491,0.121234,
0.133707,0.130727,0.122614,0.158527,0.13509,0.154783,0.126122,0.12051,0.12128,
0.134027,0.131022,0.12363,0.158625,0.135491,0.155029,0.126233,0.12082,0.121367,
0.134706,0.13112,0.124193,0.158934,0.135692,0.156442,0.127329,0.121942,0.121998,
0.13582,0.132533,0.126317,0.159216,0.136194,0.157855,0.128742,0.122296,0.123411,
0.136244,0.132969,0.126707,0.159552,0.136684,0.158291,0.129017,0.123278,0.123449,
0.136732,0.133121,0.126816,0.159882,0.137131,0.158876,0.130768,0.123626,0.123636,
0.137265,0.133346,0.127067,0.160023,0.138727,0.159493,0.130992,0.124334,0.124138,
0.137752,0.133446,0.127226,0.161436,0.13915,0.160906,0.131187,0.124451,0.124214,
0.138302,0.133801,0.127297,0.162849,0.139418,0.162255,0.13125,0.125081,0.124465,
0.138805,0.134118,0.127438,0.164262,0.139775,0.162702,0.131751,0.125774,0.12462,
0.139457,0.134534,0.128851,0.164825,0.139825,0.164115,0.132002,0.126551,0.124952,
0.139891,0.134712,0.12901,0.165326,0.140108,0.165289,0.132211,0.127396,0.125078,
0.140329,0.13472,0.129365,0.165535,0.140742,0.166354,0.132842,0.127678,0.125394,
0.141111,0.135309,0.129812,0.166844,0.141869,0.166512,0.134191,0.127807,0.126545,
0.141414,0.135985,0.130259,0.166873,0.142047,0.166712,0.134822,0.128008,0.126608,
0.141874,0.136223,0.130315,0.166923,0.143315,0.167834,0.134869,0.128454,0.127055,
0.142198,0.136274,0.130474,0.168098,0.143378,0.168189,0.135267,0.128771,0.127134,
0.142611,0.136363,0.131593,0.168892,0.143578,0.16869,0.135347,0.128975,0.12745,
0.143126,0.137139,0.132573,0.170305,0.143719,0.168753,0.135884,0.129143,0.127495,
0.143488,0.137614,0.132973,0.170529,0.143751,0.169069,0.13624,0.129601,0.128126,
0.144485,0.138061,0.133373,0.170589,0.144051,0.170482,0.137362,0.132426,0.129539,
0.144996,0.139012,0.133385,0.17073,0.144303,0.171604,0.138624,0.13265,0.129662,
0.146618,0.139513,0.134362,0.174969,0.146307,0.173017,0.139972,0.133908,0.130892,
0.1471,0.139911,0.134433,0.1756,0.147102,0.173088,0.141385,0.134307,0.130977,
0.14785,0.139944,0.13447,0.175612,0.152765,0.1731,0.141397,0.134433,0.131077,
0.147866,0.139946,0.134478,0.175615,0.152767,0.173107,0.141419,0.134491,0.131104,
0.147992,0.139949,0.134481,0.175622,0.153567,0.173159,0.141559,0.134494,0.131107,
0.14819,0.14002,0.135352,0.176029,0.153627,0.173233,0.141573,0.134525,0.131158,
0.148345,0.140202,0.135417,0.176174,0.153673,0.173291,0.142281,0.134554,0.131169,
0.148938,0.140214,0.135757,0.176631,0.153729,0.174123,0.142708,0.135759,0.132582,
0.149801,0.140922,0.136552,0.177425,0.153849,0.175441,0.144121,0.137172,0.132927,
0.150033,0.141048,0.136583,0.177465,0.153956,0.176563,0.144241,0.13745,0.132959,
0.150426,0.141403,0.136774,0.177781,0.155853,0.176878,0.144271,0.13747,0.132976,
0.15064,0.142034,0.137014,0.17794,0.155864,0.176891,0.144282,0.13767,0.133422,
0.150763,0.142117,0.137023,0.177947,0.156161,0.176978,0.144699,0.137723,0.133456,
0.151175,0.14215,0.137089,0.179296,0.156178,0.17711,0.144751,0.13814,0.134686,
0.151628,0.143563,0.13742,0.180127,0.156249,0.177324,0.14509,0.138188,0.135065,
0.151976,0.144738,0.13847,0.180279,0.156375,0.177515,0.145126,0.138236,0.135069,
0.152055,0.144797,0.13857,0.180364,0.156526,0.177519,0.145318,0.13825,0.135096,
0.152256,0.144863,0.138578,0.180385,0.157793,0.177561,0.145413,0.138316,0.135143,
0.152417,0.144895,0.138941,0.180397,0.158063,0.177727,0.145518,0.138448,0.135347,
0.153152,0.145174,0.139348,0.18181,0.15818,0.17928,0.146331,0.138771,0.136318,
0.154566,0.14523,0.14055,0.182074,0.158769,0.180693,0.146992,0.138838,0.143383,
0.155065,0.146643,0.14126,0.182179,0.158874,0.18088,0.14831,0.1389,0.143476,
0.155265,0.147052,0.141263,0.182316,0.159674,0.181043,0.148329,0.138908,0.143534,
0.155441,0.147109,0.141373,0.182362,0.159697,0.181063,0.14842,0.139122,0.144385,
0.155805,0.147366,0.141469,0.183081,0.159733,0.181395,0.149833,0.139152,0.144408,
0.156288,0.147553,0.141704,0.184036,0.160111,0.182808,0.149968,0.139259,0.144863,
0.1568,0.147822,0.141724,0.184391,0.160615,0.183146,0.150901,0.14064,0.145165,
0.157593,0.149235,0.142848,0.184526,0.161563,0.184146,0.152023,0.140897,0.145503,
0.157844,0.149653,0.143164,0.184674,0.16188,0.184214,0.152625,0.140925,0.145615,
0.158301,0.150121,0.143481,0.185193,0.163671,0.184356,0.152921,0.14095,0.145715,
0.158457,0.150215,0.143763,0.185235,0.163734,0.184388,0.153197,0.141213,0.14591,
0.15956,0.152598,0.145886,0.185552,0.164979,0.185146,0.153551,0.142335,0.146435,
0.160078,0.152739,0.146045,0.186212,0.165018,0.186559,0.15487,0.142615,0.146567,
0.160654,0.153055,0.146145,0.187104,0.165585,0.187391,0.155432,0.143323,0.147198,
0.161562,0.153427,0.146441,0.188517,0.166008,0.189257,0.156845,0.143547,0.148457,
0.161885,0.153539,0.1466,0.188614,0.166457,0.189416,0.158258,0.143558,0.148635,
0.162083,0.153584,0.146777,0.188782,0.166471,0.189431,0.159265,0.143595,0.148762,
0.162678,0.154475,0.146877,0.189318,0.168685,0.189476,0.159365,0.144022,0.149208,
0.162844,0.154715,0.147146,0.189329,0.16874,0.18969,0.159616,0.144044,0.149471,
0.163109,0.154955,0.147176,0.189379,0.169691,0.189889,0.159816,0.144144,0.149818,
0.163737,0.155751,0.147205,0.190792,0.170256,0.189951,0.160035,0.144384,0.15152,
0.163967,0.156382,0.147522,0.19087,0.170345,0.190441,0.160085,0.144416,0.15168,
0.164358,0.15653,0.147684,0.192282,0.170787,0.190887,0.160129,0.144436,0.152128,
0.165168,0.15653,0.147862,0.193695,0.171282,0.191046,0.161542,0.145849,0.153541,
0.1662,0.156825,0.148605,0.19449,0.171345,0.192459,0.162955,0.148093,0.15483,
0.167254,0.158238,0.148731,0.195023,0.172755,0.193872,0.164368,0.149506,0.155538,
0.168689,0.160238,0.149731,0.198389,0.173755,0.195285,0.165687,0.149569,0.156859,
0.169029,0.161285,0.14993,0.198641,0.17388,0.195998,0.166003,0.1496,0.156891,
0.169329,0.161411,0.149975,0.19865,0.175671,0.196004,0.166241,0.149759,0.156919,
0.169598,0.161462,0.150887,0.198661,0.175712,0.197004,0.166255,0.149813,0.156991,
0.169799,0.161478,0.15089,0.199783,0.175869,0.197033,0.166373,0.149903,0.157062,
0.17005,0.161541,0.15104,0.199928,0.175982,0.19744,0.166668,0.150107,0.157693,
0.170136,0.161582,0.151142,0.19996,0.176039,0.197804,0.166697,0.150127,0.157739,
0.170246,0.161752,0.151231,0.199987,0.176322,0.198045,0.166724,0.150135,0.157775,
0.170438,0.16182,0.151501,0.200018,0.176573,0.198597,0.166932,0.150149,0.157913,
0.170871,0.162102,0.1517,0.201212,0.176889,0.198804,0.167495,0.150303,0.158462,
0.171324,0.162993,0.152127,0.201585,0.17714,0.199251,0.168097,0.150513,0.158889,
0.171833,0.163461,0.152225,0.201685,0.178038,0.200083,0.168249,0.150691,0.160229,
0.172183,0.163548,0.15232,0.202427,0.178302,0.200164,0.168695,0.151352,0.160655,
0.17298,0.164778,0.153704,0.202884,0.178337,0.201097,0.169245,0.152044,0.161749,
0.173558,0.164969,0.153913,0.204297,0.178408,0.202416,0.169547,0.152996,0.161919,
0.174154,0.166382,0.154957,0.204599,0.178745,0.203269,0.169817,0.153206,0.162258,
0.174543,0.166432,0.155851,0.204665,0.179124,0.2042,0.170243,0.153236,0.16259,
0.175114,0.167021,0.156206,0.205314,0.179479,0.204922,0.171075,0.153493,0.163403,
0.17591,0.168023,0.156851,0.207088,0.179795,0.205599,0.171888,0.153745,0.164294,
0.177503,0.169046,0.158264,0.20775,0.180802,0.206393,0.173301,0.157984,0.166487,
0.178081,0.169473,0.158581,0.208582,0.180943,0.207805,0.173452,0.1586,0.167212,
0.179002,0.170408,0.158898,0.209995,0.181244,0.208739,0.174711,0.159395,0.168625,
0.179499,0.170806,0.159098,0.211408,0.18128,0.20948,0.174962,0.159536,0.169423,
0.179943,0.171178,0.160276,0.21169,0.181563,0.209679,0.175186,0.159662,0.170312,
0.180388,0.171402,0.160693,0.211723,0.182673,0.210628,0.175437,0.159788,0.170759,
0.180854,0.17165,0.161487,0.21178,0.182744,0.211129,0.176232,0.160419,0.17139,
0.181532,0.171792,0.161767,0.213024,0.183538,0.212418,0.1767,0.161214,0.171806,
0.182269,0.172354,0.16318,0.213526,0.184167,0.212749,0.177633,0.1627,0.17184,
0.182684,0.173529,0.163811,0.214088,0.184484,0.213044,0.177675,0.162886,0.171957,
0.183175,0.173644,0.163815,0.215501,0.184588,0.213135,0.178055,0.163294,0.17337,
0.183471,0.173746,0.163864,0.216413,0.184836,0.213781,0.178184,0.163456,0.173485,
0.183746,0.173814,0.163996,0.217561,0.184845,0.214259,0.178259,0.16366,0.17357,
0.184051,0.174065,0.164034,0.218027,0.185481,0.214967,0.178307,0.163923,0.173605,
0.184363,0.174473,0.164151,0.218184,0.186192,0.215394,0.178378,0.164449,0.17368,
0.184721,0.174682,0.164549,0.218302,0.186856,0.21607,0.178544,0.164999,0.173765,
0.185155,0.174873,0.164922,0.21924,0.187596,0.216746,0.17862,0.16537,0.173872,
0.185499,0.175262,0.165108,0.21961,0.188224,0.217077,0.17874,0.165634,0.17434,
0.185945,0.175678,0.16594,0.220037,0.188585,0.217328,0.179371,0.165824,0.174798,
0.186513,0.176058,0.166661,0.220527,0.188762,0.218089,0.179726,0.166758,0.175522,
0.187344,0.176929,0.166819,0.22194,0.189046,0.219502,0.180194,0.168332,0.17599,
0.18774,0.177518,0.167029,0.22257,0.189269,0.220704,0.180311,0.16849,0.176027,
0.187979,0.177704,0.1671,0.222737,0.189582,0.221076,0.180395,0.168648,0.176591,
0.188395,0.177711,0.167547,0.222885,0.190589,0.221241,0.181103,0.169161,0.176922,
0.189143,0.178209,0.168289,0.223548,0.190905,0.222313,0.182516,0.170073,0.177293,
0.189504,0.178221,0.168591,0.223579,0.190955,0.223461,0.183078,0.170354,0.177795,
0.189786,0.178411,0.168703,0.223916,0.191271,0.223639,0.183786,0.170726,0.177836,
0.190234,0.179344,0.168912,0.224363,0.191584,0.224731,0.184284,0.170776,0.177881,
0.190381,0.179384,0.169018,0.22482,0.191632,0.224812,0.184396,0.171029,0.177957,
0.191622,0.180797,0.170221,0.22673,0.191745,0.226225,0.185446,0.172441,0.17937,
0.192193,0.18221,0.170256,0.228143,0.191776,0.227116,0.186106,0.172504,0.179436,
0.192488,0.182773,0.170415,0.228161,0.192095,0.227716,0.186224,0.172804,0.179718,
0.192562,0.18284,0.170416,0.228173,0.19232,0.227777,0.186242,0.172902,0.179828,
0.192677,0.183045,0.170505,0.228182,0.192371,0.228087,0.186404,0.172925,0.1799,
0.192783,0.183051,0.170687,0.228194,0.192474,0.228095,0.186917,0.172941,0.179906,
0.193306,0.184464,0.170745,0.228252,0.194483,0.228346,0.187237,0.172969,0.179949,
0.193545,0.185877,0.170828,0.22828,0.194609,0.228375,0.18733,0.17302,0.180043,
0.193728,0.186039,0.170969,0.228393,0.195192,0.228489,0.187429,0.173104,0.180209,
0.194301,0.18711,0.171272,0.228871,0.195332,0.229231,0.187847,0.174422,0.180323,
0.195218,0.187373,0.172612,0.230284,0.195444,0.230644,0.188918,0.175148,0.181323,
0.195743,0.187564,0.17304,0.231697,0.19557,0.231051,0.189713,0.175751,0.181558,
0.196077,0.187614,0.173322,0.232069,0.195819,0.23164,0.189776,0.175929,0.182451,
0.196682,0.187622,0.173572,0.232481,0.197828,0.231891,0.190709,0.176689,0.18266,
0.196994,0.18774,0.174008,0.233174,0.198074,0.232416,0.190972,0.176752,0.182819,
0.197406,0.188229,0.174355,0.233208,0.198097,0.232487,0.191138,0.178856,0.182878,
0.19757,0.188428,0.174427,0.233264,0.198378,0.232607,0.191204,0.179119,0.183135,
0.19794,0.188521,0.175061,0.233398,0.19909,0.233024,0.191467,0.179609,0.183347,
0.198282,0.188699,0.175179,0.234811,0.199216,0.233287,0.19155,0.179795,0.18372,
0.19859,0.188988,0.175294,0.235258,0.199672,0.233517,0.191698,0.180127,0.184167,
0.198947,0.189435,0.175476,0.236258,0.199728,0.233703,0.192199,0.18049,0.184287,
0.199221,0.189491,0.176041,0.236667,0.199897,0.234216,0.19232,0.180742,0.184394,
0.199478,0.189527,0.176358,0.236768,0.200096,0.234765,0.192533,0.18087,0.184908,
0.200071,0.190189,0.176805,0.237003,0.200768,0.23512,0.193946,0.181434,0.185307,
0.2007,0.191364,0.177465,0.237527,0.201084,0.235914,0.19417,0.182372,0.185707,
0.201452,0.19179,0.178319,0.238725,0.201884,0.237173,0.19437,0.182752,0.1866,
0.201929,0.192041,0.178733,0.23885,0.201973,0.238109,0.195783,0.183123,0.186819,
0.202709,0.193454,0.178883,0.240263,0.202073,0.239522,0.195973,0.184078,0.187422,
0.203515,0.193945,0.179555,0.241676,0.202199,0.240935,0.196951,0.185119,0.187738,
0.204213,0.195358,0.17991,0.243089,0.202288,0.242348,0.197051,0.185169,0.188493,
0.20463,0.195429,0.180012,0.243536,0.203001,0.242443,0.197406,0.185659,0.189558,
0.204842,0.195481,0.180336,0.243787,0.203029,0.243059,0.197688,0.185748,0.189608,
0.205297,0.195531,0.180837,0.244025,0.204274,0.24313,0.198584,0.186338,0.18966,
0.205706,0.195735,0.181749,0.244157,0.204838,0.243195,0.198677,0.186612,0.190684,
0.206339,0.195959,0.182871,0.244744,0.205725,0.243518,0.199677,0.186662,0.191555,
0.206704,0.19611,0.183289,0.245083,0.205838,0.243687,0.200773,0.186925,0.191926,
0.207165,0.196261,0.183321,0.245284,0.206638,0.244042,0.201605,0.187818,0.192353,
0.207468,0.196388,0.183361,0.24572,0.206862,0.244783,0.201757,0.188053,0.192822,
0.208012,0.196688,0.1837,0.247133,0.206962,0.245155,0.202073,0.188616,0.193773,
0.208751,0.197042,0.184016,0.248546,0.207244,0.246568,0.202575,0.188661,0.195354,
0.209214,0.198139,0.184463,0.249177,0.207324,0.247274,0.203076,0.18883,0.195431,
0.209368,0.198157,0.184965,0.249191,0.207607,0.247374,0.203221,0.18887,0.195557,
0.209499,0.198377,0.184987,0.249233,0.207617,0.247552,0.203496,0.189011,0.195716,
0.210156,0.199908,0.185025,0.24938,0.207869,0.248552,0.204618,0.18956,0.196332,
0.210942,0.200685,0.18582,0.249778,0.208093,0.249101,0.206031,0.190433,0.197597,
0.211763,0.201618,0.186266,0.250409,0.208205,0.250514,0.207444,0.191692,0.197952,
0.212117,0.202342,0.187022,0.250855,0.208453,0.250765,0.207559,0.191756,0.198186,
0.212293,0.202359,0.187687,0.251202,0.208495,0.25106,0.207579,0.191774,0.198189,
0.212668,0.202379,0.188155,0.251778,0.208779,0.251423,0.207853,0.192588,0.198388,
0.213075,0.202545,0.188303,0.252502,0.208891,0.252836,0.2083,0.19263,0.198593,
0.21374,0.203958,0.188383,0.252599,0.209175,0.254249,0.208529,0.193642,0.199387,
0.214286,0.204549,0.188678,0.253075,0.209428,0.254824,0.209118,0.193747,0.20087,
0.214983,0.20505,0.189311,0.253326,0.209652,0.255241,0.210531,0.19516,0.201596,
0.215979,0.205758,0.189535,0.255197,0.211343,0.256654,0.210948,0.195226,0.20317,
0.216324,0.206089,0.189759,0.25546,0.211625,0.257072,0.211426,0.195313,0.203848,
0.216979,0.206847,0.19004,0.256574,0.211876,0.258778,0.21226,0.195398,0.204062,
0.217576,0.206863,0.190464,0.257987,0.212002,0.259384,0.212849,0.196678,0.204379,
0.218662,0.208276,0.191175,0.2594,0.21216,0.260797,0.215367,0.197385,0.204733,
0.218993,0.208402,0.191302,0.259901,0.212188,0.26221,0.215467,0.197544,0.204933,
0.219572,0.208757,0.191934,0.260301,0.212441,0.263004,0.216,0.198957,0.205184,
0.220255,0.208785,0.192333,0.261425,0.212547,0.264051,0.217413,0.199036,0.206446,
0.221133,0.210198,0.193271,0.261869,0.213536,0.264123,0.218826,0.199383,0.207859,
0.221357,0.21057,0.19336,0.26201,0.213662,0.26474,0.218952,0.199622,0.207938,
0.221891,0.210769,0.193538,0.26313,0.215671,0.264796,0.219055,0.199666,0.208502,
0.22218,0.210947,0.193733,0.26318,0.215751,0.264974,0.220177,0.199848,0.208827,
0.223191,0.21123,0.194247,0.263811,0.216451,0.265262,0.225054,0.200246,0.209225,
0.223587,0.211719,0.194493,0.264165,0.216486,0.266437,0.225521,0.200424,0.209449,
0.223963,0.212108,0.19453,0.265484,0.216739,0.266661,0.225745,0.200741,0.209695,
0.224416,0.21239,0.194708,0.2669,0.21679,0.266861,0.226021,0.200893,0.210769,
0.224868,0.213649,0.194898,0.266949,0.217108,0.267232,0.226419,0.201826,0.210862,
0.225171,0.214099,0.195039,0.267075,0.217174,0.267863,0.226545,0.201898,0.211677,
0.225912,0.215208,0.19537,0.267636,0.217456,0.268235,0.227958,0.203311,0.212124,
0.22689,0.215771,0.196783,0.268638,0.217707,0.269648,0.229371,0.203666,0.213537,
0.227771,0.217184,0.197476,0.269432,0.217757,0.271061,0.230784,0.20446,0.214015,
0.228525,0.217192,0.198732,0.270432,0.218357,0.272474,0.230961,0.205813,0.214239,
0.229064,0.217301,0.198928,0.271845,0.218556,0.273215,0.231465,0.206609,0.214594,
0.229272,0.217351,0.19904,0.273163,0.218588,0.273229,0.231515,0.206687,0.2146,
0.229368,0.217443,0.19924,0.273258,0.218729,0.273325,0.231546,0.20675,0.21465,
0.229687,0.217578,0.199381,0.273265,0.219135,0.273476,0.231944,0.207642,0.215078,
0.229965,0.217629,0.199392,0.273418,0.219386,0.273542,0.232776,0.207871,0.215709,
0.230924,0.217791,0.19979,0.275924,0.21961,0.27425,0.234189,0.208372,0.217467,
0.231418,0.21914,0.200466,0.275938,0.219731,0.274942,0.234805,0.208432,0.217889,
0.231639,0.21989,0.200542,0.276108,0.220181,0.275027,0.23489,0.2085,0.217974,
0.231927,0.220271,0.200569,0.277179,0.22038,0.275326,0.23506,0.208521,0.218109,
0.233079,0.222181,0.201277,0.278592,0.221053,0.277372,0.235785,0.209934,0.21844,
0.233689,0.223228,0.201429,0.280005,0.221278,0.278785,0.236165,0.210069,0.218554,
0.234036,0.223398,0.201477,0.281207,0.221783,0.279232,0.236285,0.210283,0.218622,
0.23449,0.223448,0.20223,0.281219,0.222283,0.280303,0.236616,0.210741,0.219079,
0.234879,0.22417,0.202404,0.281283,0.222482,0.280573,0.237818,0.21108,0.219224,
0.235619,0.227021,0.202966,0.281488,0.223044,0.281424,0.238142,0.211239,0.219631,
0.236461,0.227836,0.204379,0.281827,0.223314,0.282315,0.238803,0.211841,0.221373,
0.237372,0.229249,0.205174,0.281944,0.22367,0.283147,0.240216,0.21316,0.22242,
0.238077,0.230321,0.205968,0.282275,0.224094,0.283722,0.240485,0.215142,0.222606,
0.238551,0.230329,0.20622,0.283323,0.224283,0.284149,0.24184,0.215444,0.22282,
0.239156,0.230455,0.206597,0.284736,0.224583,0.28478,0.24243,0.216703,0.222968,
0.239458,0.231072,0.206944,0.285832,0.224608,0.284807,0.242585,0.216813,0.223007,
0.239611,0.231111,0.206989,0.28593,0.225243,0.284846,0.242634,0.217095,0.223042,
0.239887,0.231141,0.207163,0.286395,0.225293,0.285293,0.243295,0.217126,0.223389,
0.240358,0.231558,0.20829,0.286634,0.225471,0.285343,0.244166,0.217515,0.22389,
0.240998,0.231782,0.208468,0.286989,0.226032,0.286756,0.244592,0.218938,0.224429,
0.242168,0.232137,0.208682,0.289549,0.227599,0.288169,0.245268,0.221288,0.224653,
0.242512,0.232439,0.20884,0.290549,0.22774,0.288567,0.245446,0.221687,0.22483,
0.243266,0.233439,0.209287,0.291808,0.228098,0.28913,0.246009,0.222783,0.225572,
0.243989,0.233502,0.209763,0.293221,0.228297,0.290021,0.247268,0.223007,0.226834,
0.244848,0.234915,0.210264,0.294601,0.228858,0.290162,0.24818,0.224266,0.227542,
0.245157,0.235254,0.210504,0.294742,0.228914,0.29145,0.248305,0.224455,0.227631,
0.245498,0.235395,0.210584,0.294947,0.229138,0.291828,0.248408,0.225163,0.228522,
0.246014,0.235484,0.210851,0.295945,0.229893,0.292296,0.249116,0.225403,0.229126,
0.246831,0.236192,0.211352,0.296739,0.230601,0.293273,0.24932,0.225461,0.231709,
0.24733,0.237367,0.212399,0.297156,0.230863,0.293382,0.249966,0.225666,0.231837,
0.247539,0.237576,0.212609,0.297601,0.230879,0.2934,0.250165,0.225875,0.232209,
0.248209,0.238989,0.212742,0.298068,0.231592,0.294813,0.250435,0.226144,0.232885,
0.248573,0.239313,0.212947,0.299481,0.231672,0.294955,0.25073,0.22621,0.23328,
0.248992,0.239417,0.21331,0.299681,0.231751,0.295615,0.251392,0.226445,0.234325,
0.24999,0.239641,0.213758,0.300855,0.231893,0.298981,0.251809,0.227241,0.235738,
0.250537,0.241054,0.21493,0.30138,0.231956,0.29957,0.25214,0.227398,0.235869,
0.251045,0.242467,0.215129,0.302171,0.233201,0.299711,0.252282,0.227473,0.235926,
0.251371,0.242524,0.215329,0.302394,0.233231,0.299757,0.252361,0.228886,0.236488,
0.251987,0.242701,0.215438,0.303972,0.233513,0.300879,0.252886,0.229293,0.237213,
0.25236,0.2431,0.21685,0.304098,0.233796,0.301381,0.253027,0.229413,0.237218,
0.252546,0.243204,0.217036,0.304322,0.23386,0.301515,0.253047,0.229431,0.237958,
0.252901,0.243486,0.217093,0.304952,0.234059,0.302017,0.253609,0.22947,0.23852,
0.25339,0.243737,0.217234,0.305198,0.234159,0.302117,0.254784,0.230285,0.239609,
0.253865,0.244429,0.21748,0.305307,0.234516,0.30353,0.255147,0.230775,0.239735,
0.254361,0.245227,0.217492,0.305706,0.234834,0.304943,0.255681,0.230868,0.240134,
0.254937,0.245255,0.217503,0.305884,0.235011,0.304953,0.257093,0.232281,0.241515,
0.255101,0.245268,0.21761,0.30596,0.235027,0.305352,0.257432,0.232598,0.241565,
0.255316,0.245284,0.217638,0.305987,0.235057,0.305654,0.257475,0.233842,0.241588,
0.255762,0.246697,0.217852,0.3074,0.235102,0.305689,0.257509,0.234242,0.241603,
0.255935,0.246786,0.218076,0.307652,0.235517,0.305725,0.257609,0.234442,0.24167,
0.256336,0.247389,0.218556,0.307915,0.235659,0.305863,0.257702,0.235564,0.242041,
0.256907,0.247684,0.218836,0.308269,0.235688,0.306775,0.259115,0.235998,0.242892,
0.257222,0.248082,0.219192,0.308526,0.235971,0.307419,0.259439,0.236164,0.242984,
0.25745,0.248161,0.219855,0.308621,0.236113,0.307751,0.259503,0.236398,0.243193,
0.258186,0.248273,0.219987,0.309731,0.236226,0.309131,0.261727,0.236923,0.243489,
0.258583,0.248524,0.220139,0.309889,0.236858,0.310544,0.262144,0.237041,0.243522,
0.258814,0.24865,0.220222,0.31014,0.237419,0.310813,0.262408,0.237211,0.243648,
0.259165,0.248925,0.220561,0.311095,0.237451,0.311135,0.262724,0.237487,0.243944,
0.259811,0.249139,0.220828,0.312508,0.238439,0.311811,0.26325,0.237933,0.244576,
0.260324,0.250552,0.22094,0.313097,0.238546,0.312257,0.263552,0.23847,0.24518,
0.261009,0.250847,0.221934,0.31451,0.238743,0.31367,0.263718,0.239061,0.245588,
0.261329,0.251071,0.222092,0.314908,0.238838,0.313952,0.264135,0.239195,0.246441,
0.261731,0.251903,0.222149,0.314948,0.239156,0.314176,0.264893,0.239642,0.246978,
0.261981,0.252399,0.222172,0.314964,0.239256,0.3144,0.265145,0.239723,0.247792,
0.262742,0.253032,0.223043,0.315141,0.239758,0.315124,0.266558,0.240982,0.248294,
0.263436,0.253924,0.223256,0.315423,0.240156,0.316537,0.267971,0.241571,0.248648,
0.264533,0.254857,0.224141,0.316428,0.240437,0.31795,0.268712,0.242263,0.251473,
0.265029,0.255246,0.224319,0.317136,0.240587,0.318475,0.270125,0.242559,0.251787,
0.265504,0.256137,0.224461,0.318549,0.240903,0.319139,0.27042,0.242601,0.251827,
0.265712,0.256783,0.22466,0.318844,0.240992,0.319322,0.270476,0.242665,0.251956,
0.266263,0.258196,0.224911,0.319132,0.24124,0.319729,0.270952,0.24346,0.25248,
0.266942,0.258382,0.225121,0.320066,0.241353,0.321142,0.272023,0.244023,0.253429,
0.267672,0.258611,0.225575,0.320668,0.241953,0.322555,0.272978,0.244914,0.254121,
0.268032,0.25866,0.226066,0.320794,0.242094,0.323023,0.273446,0.244998,0.255173,
0.268339,0.258685,0.226198,0.321077,0.242294,0.324378,0.273826,0.245058,0.255197,
0.268543,0.258692,0.226479,0.321455,0.242493,0.324807,0.273858,0.245205,0.255352,
0.268884,0.260105,0.226569,0.32154,0.242812,0.32493,0.274304,0.245261,0.255551,
0.269325,0.260168,0.226658,0.322172,0.242912,0.326343,0.274935,0.245362,0.256053,
0.270108,0.260945,0.227353,0.323585,0.243135,0.327234,0.275425,0.246775,0.256416,
0.270644,0.261144,0.227553,0.324998,0.243373,0.328647,0.276001,0.246916,0.256518,
0.271173,0.262078,0.227668,0.326257,0.244085,0.328979,0.276118,0.247064,0.257136,
0.271404,0.262195,0.228066,0.326332,0.244353,0.329214,0.27642,0.24738,0.257274,
0.271569,0.262509,0.228075,0.326357,0.244603,0.32966,0.276532,0.247433,0.257381,
0.271742,0.262663,0.228274,0.326393,0.244661,0.329814,0.276913,0.247729,0.257488,
0.272303,0.263294,0.228673,0.326469,0.24565,0.330339,0.277251,0.248196,0.258555,
0.272732,0.263453,0.229519,0.32672,0.245808,0.331752,0.277533,0.248233,0.258837,
0.273994,0.263842,0.230151,0.328613,0.246407,0.332685,0.280359,0.249646,0.26025,
0.275115,0.264054,0.235801,0.328993,0.246584,0.333807,0.28125,0.249824,0.260605,
0.275541,0.264202,0.236036,0.330406,0.246785,0.333969,0.281942,0.2499,0.261085,
0.275696,0.264426,0.236044,0.330429,0.246984,0.334053,0.282029,0.250398,0.261202,
0.275933,0.264477,0.236222,0.330773,0.24711,0.334642,0.282269,0.2505,0.261471,
0.276142,0.264668,0.236279,0.331056,0.247155,0.335166,0.282381,0.250518,0.261913,
0.276516,0.264919,0.236988,0.331295,0.247955,0.335256,0.283012,0.250647,0.262058,
0.276653,0.265034,0.237111,0.331384,0.248096,0.335358,0.283336,0.250736,0.26217,
0.276964,0.265134,0.237224,0.331931,0.248124,0.33637,0.283421,0.250981,0.262525,
0.277576,0.265214,0.23756,0.33319,0.248348,0.337241,0.283901,0.251116,0.264042,
0.278122,0.265264,0.237738,0.334603,0.248474,0.337949,0.285314,0.251399,0.264232,
0.278642,0.26594,0.237962,0.334866,0.249035,0.338347,0.285465,0.251856,0.265668,
0.278825,0.26613,0.238279,0.335367,0.249154,0.338447,0.285575,0.251919,0.265733,
0.278959,0.266175,0.238595,0.335471,0.249367,0.338547,0.285607,0.252078,0.265833,
0.279237,0.266188,0.238736,0.335916,0.249646,0.339342,0.285793,0.25219,0.266084,
0.279498,0.266354,0.238974,0.336168,0.249823,0.33982,0.286283,0.252414,0.266147,
0.279688,0.266513,0.239174,0.336194,0.250721,0.339867,0.286363,0.252464,0.266206,
0.279783,0.266536,0.239269,0.336241,0.250766,0.339888,0.286422,0.252836,0.266308,
0.280438,0.267062,0.240062,0.336499,0.251049,0.341301,0.28671,0.25377,0.267051,
0.280825,0.267128,0.24021,0.337912,0.251086,0.342025,0.287034,0.254132,0.267077,
0.281116,0.267391,0.240303,0.338653,0.251283,0.342191,0.287178,0.254456,0.267475,
0.28149,0.267626,0.240393,0.339071,0.251507,0.343394,0.287474,0.254719,0.267738,
0.281949,0.267997,0.240995,0.339403,0.251587,0.343872,0.287812,0.25579,0.268134,
0.282507,0.268068,0.242122,0.339544,0.251787,0.345074,0.287971,0.255905,0.269582,
0.283176,0.268439,0.242511,0.340433,0.252038,0.346032,0.289384,0.256056,0.270516,
0.283604,0.268886,0.243061,0.341064,0.252745,0.346164,0.289532,0.25672,0.270657,
0.283857,0.269202,0.24322,0.341242,0.252922,0.346372,0.289931,0.257015,0.270952,
0.284414,0.269213,0.24401,0.341984,0.252985,0.347264,0.290521,0.258015,0.271324,
0.285382,0.270475,0.244856,0.343397,0.253097,0.348677,0.291643,0.259087,0.271825,
0.285836,0.270582,0.245007,0.34481,0.253239,0.349528,0.29207,0.259127,0.272326,
0.286077,0.270752,0.24505,0.344863,0.254369,0.349709,0.292379,0.259135,0.272356,
0.28615,0.270903,0.245135,0.344913,0.254439,0.34975,0.292442,0.259154,0.272461,
0.28626,0.270932,0.245172,0.345188,0.254565,0.349774,0.29259,0.259324,0.272535,
0.286467,0.270948,0.245396,0.345389,0.254654,0.349974,0.292921,0.259619,0.272837,
0.286819,0.270998,0.245751,0.34564,0.255502,0.350536,0.293483,0.259753,0.27289,
0.287123,0.272257,0.24634,0.345864,0.255558,0.350576,0.29365,0.259838,0.272905,
0.287476,0.272268,0.24649,0.346864,0.256565,0.350688,0.293888,0.259996,0.273047,
0.287918,0.273527,0.246649,0.346999,0.256665,0.350912,0.294088,0.260627,0.273878,
0.288291,0.273647,0.246709,0.348412,0.256716,0.351984,0.294142,0.260756,0.273968,
0.288708,0.274045,0.247503,0.349089,0.257165,0.352099,0.294346,0.260819,0.2746,
0.289047,0.274108,0.248102,0.349196,0.257197,0.352322,0.295548,0.261059,0.27484,
0.289682,0.274535,0.248326,0.349645,0.257554,0.352541,0.296419,0.262472,0.275962,
0.289964,0.274591,0.248509,0.349845,0.257753,0.352792,0.297232,0.262827,0.276161,
0.290274,0.274732,0.248686,0.350366,0.258001,0.353016,0.297483,0.263503,0.276401,
0.290519,0.274881,0.248863,0.351074,0.258041,0.353142,0.297729,0.263859,0.276563,
0.290754,0.275279,0.249146,0.351356,0.258154,0.353205,0.298017,0.26411,0.276763,
0.290982,0.275634,0.249501,0.351445,0.258436,0.353418,0.298299,0.26432,0.276805,
0.291473,0.275666,0.250504,0.351563,0.258614,0.353789,0.298358,0.265442,0.277852,
0.291935,0.275712,0.250562,0.351703,0.258839,0.354836,0.298825,0.266102,0.278899,
0.292085,0.275805,0.250704,0.351783,0.258965,0.354881,0.298938,0.266702,0.278905,
0.292328,0.275917,0.251059,0.351836,0.259729,0.355228,0.298973,0.266794,0.279091,
0.292468,0.276007,0.251171,0.352386,0.259779,0.355372,0.299013,0.266838,0.279175,
0.292903,0.27742,0.252052,0.352702,0.259869,0.355572,0.299113,0.267195,0.279301,
0.29337,0.277957,0.253141,0.353139,0.259956,0.356085,0.299907,0.267336,0.279436,
0.293709,0.278118,0.25482,0.353312,0.259995,0.356135,0.299958,0.267837,0.279492,
0.293825,0.278141,0.2549,0.353392,0.260279,0.356198,0.300099,0.268037,0.279555,
0.29409,0.278408,0.254953,0.353542,0.260504,0.356596,0.300211,0.268157,0.28035,
0.294584,0.27869,0.255094,0.354807,0.260682,0.356836,0.301624,0.268473,0.280462,
0.294902,0.279366,0.255449,0.355162,0.260934,0.357167,0.301657,0.26849,0.280989,
0.295007,0.279548,0.255574,0.355199,0.261118,0.357226,0.301757,0.268531,0.281102,
0.295111,0.279563,0.255634,0.35525,0.261319,0.357324,0.301966,0.268649,0.281183,
0.295273,0.279633,0.255656,0.355285,0.261351,0.357563,0.302148,0.269047,0.281499,
0.295665,0.279696,0.255756,0.355407,0.261476,0.357668,0.303561,0.269442,0.282316,
0.295803,0.279799,0.255819,0.355702,0.261508,0.35795,0.303597,0.269454,0.282599,
0.296062,0.28043,0.25589,0.355952,0.261761,0.358555,0.303745,0.269521,0.282642,
0.29617,0.280465,0.256049,0.355982,0.261832,0.358742,0.30386,0.269594,0.282841,
0.296438,0.280581,0.256086,0.356073,0.262071,0.35889,0.304215,0.270617,0.282973,
0.296619,0.280672,0.256286,0.356231,0.262171,0.359206,0.304531,0.270783,0.283075,
0.296895,0.280871,0.256409,0.35634,0.262241,0.360635,0.304595,0.270978,0.283094,
0.297077,0.28108,0.256618,0.356558,0.262635,0.360824,0.304761,0.270981,0.283157,
0.297094,0.281092,0.256627,0.356581,0.262654,0.360871,0.304771,0.270983,0.283172,
0.297166,0.281108,0.256634,0.356628,0.263055,0.360877,0.304785,0.271032,0.283207,
0.297237,0.281249,0.256677,0.356653,0.263096,0.361072,0.304852,0.27105,0.283242,
0.297516,0.281266,0.25731,0.356747,0.263209,0.361082,0.304914,0.271093,0.284507,
0.297611,0.281414,0.257399,0.356774,0.26328,0.361127,0.305253,0.271096,0.284549,
0.297748,0.281499,0.257422,0.356816,0.264177,0.361161,0.305254,0.271096,0.284558,
