0.00159225,0.002826,0.001413,0.002826,0.001413,2.81838e-05,0.000223872,0.004,7.96214e-06,
0.00210204,0.00358458,0.00226414,0.00286148,0.00338587,0.000117309,0.000585408,0.00400501,1.25028e-05,
0.00374792,0.00490283,0.00367714,0.00367624,0.00392418,0.000162824,0.00862248,0.00500501,1.26374e-05,
0.00473806,0.00631583,0.00376834,0.00613678,0.00533718,0.000244107,0.00883981,0.00583678,0.00142564,
0.00543329,0.00772883,0.00518134,0.00694049,0.00544189,0.000449251,0.0102528,0.005873,0.00159868,
0.0060299,0.00815541,0.00800734,0.00739975,0.00595475,0.000954017,0.010269,0.00587481,0.00162409,
0.00614586,0.00829996,0.00815188,0.00762884,0.00599106,0.00115965,0.0103624,0.00589778,0.00167538,
0.00694791,0.00861619,0.00819866,0.00766119,0.00610855,0.00125408,0.0104269,0.0115613,0.00175632,
0.00709257,0.0086663,0.00836848,0.00777552,0.00636559,0.00151112,0.0104872,0.0115952,0.00197113,
0.0086518,0.00989657,0.00934572,0.0085359,0.00638587,0.00151277,0.0104932,0.0125952,0.0104491,
0.00907238,0.0101104,0.00939955,0.00854457,0.00852891,0.00181477,0.0105312,0.0126864,0.0109632,
0.0100073,0.0102928,0.00940768,0.00995757,0.00967706,0.00641829,0.0105673,0.0126873,0.0110503,
0.0103524,0.0115517,0.00997002,0.0100091,0.0103487,0.00644733,0.0105679,0.0128736,0.0110506,
0.0106306,0.0116692,0.0101742,0.0101062,0.0112259,0.00647425,0.0107297,0.0128738,0.0117919,
0.011781,0.0144952,0.0113765,0.0129322,0.0126389,0.00676402,0.0108445,0.0133866,0.0118101,
0.012634,0.0159082,0.0127895,0.0130369,0.0127902,0.00679564,0.013283,0.0140946,0.0123738,
0.0133971,0.0160944,0.0135838,0.0158236,0.0131064,0.00797054,0.0137297,0.0141577,0.0127104,
0.0143167,0.0175074,0.0149968,0.0172366,0.0143654,0.00936723,0.013881,0.0141689,0.0130104,
0.0158846,0.0185789,0.0158479,0.0186496,0.0157784,0.0107258,0.0166483,0.0145482,0.0162998,
0.0170097,0.0197009,0.0169699,0.0187845,0.0171914,0.0109324,0.0168573,0.0190469,0.0165942,
0.0173263,0.0198268,0.0182289,0.0188208,0.0172576,0.0111668,0.0173762,0.0190764,0.0168566,
0.0179828,0.0206586,0.0182335,0.0191924,0.0172681,0.0111686,0.0173928,0.0230128,0.0169357,
0.0185929,0.0220716,0.0185033,0.0191931,0.0177347,0.0120561,0.017509,0.0244258,0.0172499,
0.0189547,0.0220935,0.0199163,0.0192166,0.0182024,0.0120599,0.0175588,0.0245305,0.0180593,
0.0215577,0.0235065,0.0205329,0.0192289,0.0223612,0.0205379,0.0189718,0.0255305,0.0217923,
0.0239181,0.0235419,0.0223994,0.0262939,0.0237742,0.0261899,0.0203848,0.0255556,0.0232053,
0.0256964,0.0241759,0.0235215,0.0277069,0.0247742,0.0262346,0.0241616,0.0265556,0.0284409,
0.0263354,0.0255889,0.0249345,0.0278484,0.0252754,0.0263393,0.0255746,0.026655,0.0284672,
0.0267371,0.0267722,0.0250578,0.0292614,0.025647,0.0263525,0.0255757,0.0266587,0.0285719,
0.027384,0.0281852,0.0265066,0.029319,0.0277033,0.0263545,0.0256588,0.0267722,0.0285722,
0.0279178,0.0282176,0.0265158,0.0306134,0.0279603,0.0281785,0.0257318,0.0270958,0.0290293,
0.028763,0.0284867,0.0267296,0.0314262,0.0282803,0.0283134,0.026048,0.0277267,0.0330934,
0.0294383,0.0298997,0.0268108,0.0328392,0.0296933,0.0283781,0.0268609,0.0279125,0.0331116,
0.0297647,0.0300992,0.0268221,0.0328917,0.0304346,0.028379,0.0284645,0.0279134,0.0331133,
0.0303053,0.0329252,0.027031,0.0329099,0.0307894,0.0283904,0.0293662,0.0279161,0.0331138,
0.0306815,0.0343382,0.0271222,0.033114,0.0313649,0.0283953,0.0297765,0.0282259,0.0331148,
0.0315627,0.0354602,0.0285352,0.0331232,0.0319417,0.0284234,0.0322602,0.0296389,0.0331188,
0.0321591,0.0354785,0.0299482,0.0334871,0.0322965,0.0288291,0.0339706,0.030096,0.0331667,
0.0342358,0.0357356,0.0308192,0.0340759,0.0331818,0.0298787,0.0340382,0.0345127,0.0416447,
0.0347603,0.0363812,0.0328192,0.0341123,0.0332479,0.0298811,0.0354512,0.0345447,0.0416447,
0.0348464,0.0363854,0.0328358,0.0341612,0.0334064,0.0298813,0.0359116,0.0345447,0.0416448,
0.0349719,0.0363905,0.033727,0.034248,0.0334246,0.0298825,0.035913,0.0345447,0.0416448,
0.0352831,0.0366196,0.0338559,0.0344022,0.033681,0.0298825,0.037326,0.0345635,0.0419339,
0.0354491,0.0369827,0.0340184,0.0344086,0.0341939,0.0299354,0.0375551,0.0345644,0.0419339,
0.0362397,0.0373063,0.0341333,0.0344189,0.0342101,0.0299355,0.0382023,0.0393304,0.0423806,
0.0368929,0.0387193,0.0355463,0.0350691,0.0356231,0.0301793,0.0382747,0.0393406,0.0423908,
0.0376514,0.0401323,0.0362239,0.0351171,0.0370361,0.0312585,0.0382987,0.0407536,0.0423908,
0.0382114,0.0404954,0.0365475,0.0365301,0.0383274,0.0312636,0.0383561,0.0417769,0.0423941,
0.0392183,0.0411715,0.0368864,0.0365982,0.0397633,0.0316729,0.0434726,0.0417807,0.0424008,
0.0411424,0.0439388,0.0373005,0.0394242,0.0410816,0.0383579,0.0440096,0.0424117,0.0426146,
0.0427948,0.0453518,0.0387135,0.0408372,0.0417576,0.0440099,0.0447509,0.042974,0.0439636,
0.0434707,0.045464,0.0401265,0.0422502,0.0431706,0.0440479,0.0448533,0.0430005,0.0448527,
0.0436172,0.0455038,0.0401712,0.0427323,0.043174,0.0440485,0.0448585,0.0435963,0.0448533,
0.0437646,0.0455059,0.040341,0.0428479,0.0436537,0.044389,0.0448672,0.0436026,0.0449096,
0.0446575,0.0461666,0.0409576,0.0429646,0.0439291,0.0483072,0.0462802,0.0436576,0.0449967,
0.0451218,0.046442,0.0412738,0.0443776,0.0453421,0.0483675,0.0463757,0.0437668,0.045029,
0.0453723,0.0469432,0.041775,0.0451416,0.0454027,0.0483703,0.046381,0.0438336,0.0451307,
0.0456108,0.0472124,0.0421561,0.0454675,0.0454155,0.0483838,0.0465672,0.0438788,0.0458051,
0.046232,0.0472532,0.0450279,0.0461436,0.0454155,0.0486409,0.0472916,0.0438883,0.0461951,
0.0472887,0.0486662,0.0464409,0.0475566,0.0454155,0.0487223,0.0479677,0.0445193,0.0490211,
0.0480986,0.0514922,0.0478539,0.0475643,0.0468285,0.0489794,0.04807,0.04475,0.0492502,
0.0493423,0.0514949,0.0492669,0.0481139,0.0481467,0.0497922,0.0480734,0.0500975,0.0497526,
0.050199,0.0515656,0.0506799,0.0481297,0.0481804,0.0500676,0.0494538,0.0536625,0.0498528,
0.0511745,0.0527679,0.0554548,0.0481342,0.0495934,0.0500802,0.0498474,0.0536652,0.0498531,
0.0517701,0.0530309,0.0556208,0.0495472,0.0507683,0.0500805,0.0514808,0.053667,0.0499653,
0.0538772,0.0544439,0.0570338,0.0514887,0.0578333,0.050096,0.0515425,0.054375,0.0542043,
0.0545851,0.0546627,0.0572288,0.0518806,0.0579204,0.0502822,0.0533922,0.055788,0.0555257,
0.0561017,0.0603147,0.0574238,0.0532936,0.0593334,0.0504235,0.0548052,0.0576809,0.0555383,
0.0570238,0.0617277,0.0588368,0.0538559,0.0607464,0.0510691,0.054956,0.0592695,0.0557288,
0.0589911,0.0629026,0.0589368,0.0623339,0.0631294,0.0510774,0.056078,0.0598319,0.0576388,
0.0599104,0.0643156,0.0603498,0.0623444,0.0645424,0.0512127,0.0567541,0.0620812,0.0576835,
0.0606152,0.064337,0.0617628,0.0626074,0.0656389,0.0526257,0.0571957,0.0621812,0.0585726,
0.0626769,0.0655393,0.0645888,0.0676431,0.0683126,0.052633,0.0573213,0.0666799,0.0586971,
0.0632776,0.0669523,0.0660018,0.0676446,0.0683834,0.0532098,0.057472,0.0672259,0.0593311,
0.0644811,0.0669551,0.0671767,0.0676844,0.0690144,0.0532852,0.05748,0.0678568,0.0663961,
0.0656685,0.0683681,0.0680887,0.0677242,0.069018,0.0569332,0.060306,0.0684878,0.0664218,
0.0659779,0.0697811,0.0681934,0.0677966,0.0691439,0.0569414,0.0609949,0.0684914,0.0664806,
0.06744,0.0700307,0.0701934,0.0687087,0.0705569,0.0632242,0.0610368,0.0692857,0.066484,
0.068093,0.0705204,0.0705824,0.0701217,0.0719699,0.0641574,0.0610615,0.0698353,0.0664956,
0.0683132,0.0707443,0.0708063,0.070273,0.0720106,0.0642426,0.0610639,0.0708659,0.066499,
0.0694647,0.0721573,0.0710518,0.0726775,0.0720164,0.0644754,0.0615014,0.0744056,0.0674323,
0.0699863,0.0722986,0.0710686,0.0727924,0.0734294,0.0654087,0.0624564,0.0746051,0.0678313,
0.0718262,0.0751246,0.0710812,0.0742054,0.0748424,0.0738867,0.0624618,0.0751675,0.0678402,
0.0718616,0.0752158,0.0710812,0.0743638,0.074846,0.0738902,0.0624836,0.0751677,0.0678448,
0.0720409,0.0758614,0.0714486,0.074397,0.0748461,0.0738902,0.0628709,0.0751679,0.0678451,
0.0723398,0.0758631,0.0715637,0.0744258,0.0748461,0.0738902,0.063445,0.0765809,0.0681034,
0.0737327,0.0760921,0.0715637,0.0758388,0.0762591,0.0750384,0.0641712,0.0771432,0.0737554,
0.0743791,0.0775051,0.0729767,0.0772518,0.0765827,0.0750863,0.0645343,0.0771469,0.0739491,
0.0746479,0.0781361,0.073128,0.0774032,0.0773071,0.0754122,0.0645381,0.0771469,0.0741117,
0.07567,0.0792842,0.0740401,0.0816422,0.077312,0.0754123,0.0649974,0.0785599,0.0741117,
0.076069,0.0794748,0.0740402,0.0816513,0.078725,0.0768253,0.064998,0.0785599,0.0742776,
0.0765512,0.0795662,0.0754532,0.0830643,0.0788274,0.0768254,0.0658298,0.0785645,0.0742785,
0.0767752,0.0809792,0.0756823,0.0830643,0.0788637,0.0768255,0.065939,0.0785646,0.0742831,
0.078129,0.0809792,0.0788237,0.0830772,0.0794391,0.0769167,0.0659753,0.0841249,0.0756961,
0.0794637,0.0823922,0.079565,0.083192,0.0833939,0.0783297,0.0673883,0.0844964,0.0769521,
0.0805177,0.0835945,0.0796798,0.084605,0.083394,0.0783735,0.0673941,0.0844964,0.0826041,
0.0807953,0.0835948,0.079884,0.084605,0.0833969,0.0783735,0.0685162,0.0853877,0.0826041,
0.0809278,0.0835949,0.079884,0.0846051,0.0833969,0.07881,0.0685162,0.0859631,0.0826519,
0.0814637,0.0835949,0.079884,0.0846051,0.083397,0.081636,0.0685641,0.0859636,0.0840649,
0.0822689,0.0850079,0.0799863,0.0852811,0.087636,0.081644,0.0685673,0.0859637,0.0840649,
0.0827745,0.0850084,0.0803494,0.0868991,0.0878548,0.0822208,0.0685674,0.0872256,0.0840706,
0.0843449,0.0863573,0.0819165,0.0868991,0.0878548,0.0836338,0.0756324,0.08829,0.0841753,
0.0848723,0.0863574,0.0821202,0.0883121,0.0892678,0.0837153,0.0767288,0.0883015,0.0841753,
0.0852112,0.0863574,0.0821202,0.0893121,0.0903899,0.0837153,0.076729,0.0883266,0.084739,
0.0858617,0.0877704,0.0837089,0.0893121,0.0905047,0.083884,0.0773599,0.0883295,0.0860242,
0.0871636,0.0877704,0.0851219,0.0896669,0.0919177,0.0840444,0.0801859,0.0890375,0.0895639,
0.0891938,0.0905312,0.0875604,0.0953189,0.0933307,0.084107,0.0810197,0.0912868,0.0903957,
0.0902078,0.0905312,0.0889734,0.0953418,0.0934048,0.0874875,0.0814151,0.0912868,0.0932217,
0.0909339,0.0947702,0.0898051,0.0953418,0.0939189,0.0874875,0.0814152,0.0915107,0.0932217,
0.0909607,0.0947702,0.0898067,0.0953419,0.0939209,0.0875157,0.0814152,0.0915158,0.0933995,
0.091699,0.0949993,0.0914938,0.0953419,0.0939217,0.0913014,0.0814152,0.0916747,0.0934442,
0.0918839,0.0964123,0.0914981,0.0953994,0.0939217,0.0913014,0.0814193,0.0916747,0.0934442,
0.0926453,0.0967366,0.0929111,0.095514,0.0953347,0.0913014,0.0814193,0.0930877,0.0948572,
0.0931294,0.0972495,0.0929294,0.0957313,0.0955389,0.0913014,0.0828323,0.093979,0.0954738,
0.0942104,0.0975446,0.0957554,0.0961387,0.0969519,0.0913289,0.0847252,0.0951353,0.0961032,
0.09475,0.0989576,0.0971684,0.0961711,0.097181,0.0913426,0.0849496,0.0961172,0.0961124,
0.094955,0.0989678,0.0985814,0.0961769,0.0972486,0.0913785,0.0850226,0.0961298,0.0961343,
0.0962506,0.0996923,0.101407,0.0975899,0.0972715,0.092274,0.0850493,0.100546,0.0961741,
0.0974387,0.101105,0.10143,0.0990029,0.101511,0.0930683,0.0852483,0.100557,0.0975871,
0.0991206,0.102308,0.101589,0.100416,0.102924,0.0930688,0.0854068,0.101188,0.106065,
0.0992449,0.10233,0.101598,0.100418,0.103123,0.0930779,0.085498,0.101819,0.106094,
0.100003,0.102493,0.103011,0.100676,0.103128,0.0930818,0.0854985,0.104631,0.107507,
0.100246,0.102493,0.103011,0.100676,0.103535,0.0944948,0.0854985,0.104746,0.107511,
0.100997,0.103906,0.104424,0.101699,0.104948,0.0947234,0.0859589,0.104781,0.107537,
0.103033,0.105319,0.105837,0.108764,0.105461,0.0985881,0.0859997,0.105343,0.10895,
0.103986,0.106732,0.106529,0.110177,0.105526,0.10029,0.0863628,0.105905,0.110363,
0.105135,0.108145,0.106612,0.111557,0.106438,0.10049,0.0877758,0.109691,0.110369,
0.105725,0.109293,0.108025,0.112004,0.107851,0.100562,0.0878487,0.10982,0.110399,
0.107239,0.110706,0.109438,0.113417,0.109264,0.104801,0.087856,0.110615,0.111812,
0.108598,0.110915,0.109733,0.113459,0.115138,0.106214,0.0885973,0.111506,0.113225,
0.110562,0.111333,0.112533,0.114872,0.116551,0.106352,0.0913646,0.116853,0.114638,
0.111451,0.112592,0.113792,0.114915,0.117964,0.107904,0.0920565,0.117039,0.115348,
0.112477,0.113377,0.115205,0.119056,0.119377,0.107914,0.092126,0.117411,0.115348,
0.11336,0.117616,0.115234,0.119059,0.119402,0.107956,0.0929407,0.119304,0.115371,
0.114632,0.117623,0.116125,0.120472,0.120815,0.111821,0.0932997,0.120117,0.116784,
0.115642,0.119036,0.117273,0.121885,0.123641,0.111827,0.0938126,0.120679,0.116978,
0.117058,0.120449,0.117525,0.12189,0.123988,0.112588,0.102291,0.120686,0.117047,
0.11789,0.120513,0.118015,0.124716,0.125401,0.113373,0.102997,0.120689,0.117421,
0.119098,0.123339,0.119428,0.125529,0.126814,0.114023,0.103183,0.123039,0.117427,
0.119591,0.123852,0.120841,0.125643,0.126866,0.115436,0.103585,0.123071,0.117436,
0.120527,0.12427,0.122212,0.127056,0.128279,0.116102,0.104308,0.123137,0.118849,
0.122618,0.125683,0.123625,0.127815,0.129428,0.12458,0.105721,0.123768,0.120324,
0.124467,0.12673,0.125038,0.129228,0.130841,0.12558,0.111281,0.124031,0.123004,
0.125511,0.128143,0.126451,0.12934,0.131027,0.125587,0.111344,0.128987,0.123205,
0.125663,0.128523,0.126649,0.129347,0.131043,0.125705,0.111623,0.129011,0.123404,
0.12677,0.128832,0.127211,0.129488,0.131155,0.132868,0.111624,0.129573,0.123405,
0.127362,0.129465,0.127442,0.130901,0.131201,0.132875,0.111653,0.129594,0.125766,
0.127795,0.129716,0.129172,0.130941,0.131804,0.133004,0.112329,0.129597,0.125798,
0.128529,0.130278,0.129913,0.132089,0.13225,0.133136,0.11233,0.132277,0.125961,
0.130263,0.131691,0.130638,0.133502,0.132279,0.134424,0.112547,0.132586,0.134439,
0.130947,0.131796,0.130769,0.134244,0.132372,0.134871,0.114641,0.133033,0.135852,
0.131685,0.132322,0.130771,0.135657,0.132711,0.134878,0.114807,0.136218,0.136115,
0.132847,0.133735,0.132184,0.135766,0.134124,0.134895,0.115187,0.136532,0.140354,
0.133272,0.134004,0.132184,0.136029,0.134785,0.13519,0.116389,0.137242,0.140354,
0.133468,0.134233,0.132642,0.136037,0.135202,0.13519,0.116394,0.137244,0.140801,
0.13414,0.135269,0.132819,0.136166,0.135447,0.135766,0.117394,0.139437,0.140823,
0.136683,0.135961,0.137058,0.141818,0.13686,0.137179,0.121642,0.139615,0.143329,
0.137915,0.137374,0.138471,0.143231,0.138273,0.138682,0.122577,0.141018,0.143693,
0.138848,0.138786,0.139883,0.143781,0.139686,0.139259,0.12441,0.141031,0.14395,
0.139713,0.140199,0.139883,0.144672,0.139721,0.139262,0.125822,0.144186,0.143955,
0.140875,0.14107,0.140185,0.144676,0.141134,0.140286,0.125852,0.145599,0.148194,
0.141132,0.141189,0.140246,0.144811,0.142547,0.140286,0.125864,0.145901,0.148217,
0.142961,0.145428,0.141659,0.146224,0.142547,0.140286,0.131516,0.146402,0.14963,
0.143532,0.146841,0.143072,0.147637,0.142547,0.140286,0.131755,0.146478,0.149643,
0.144054,0.147268,0.144485,0.148488,0.142547,0.140286,0.133195,0.146512,0.149648,
0.145524,0.149411,0.145898,0.149247,0.142547,0.140286,0.138591,0.147308,0.150907,
0.146775,0.150458,0.147311,0.15066,0.142547,0.140286,0.140004,0.147787,0.155146,
0.147622,0.151871,0.148724,0.152073,0.142547,0.140286,0.141417,0.148911,0.155152,
0.14794,0.152049,0.149724,0.152089,0.142547,0.140286,0.14276,0.148911,0.155154,
0.14832,0.152113,0.149815,0.152217,0.142547,0.140286,0.145502,0.148927,0.155155,
0.148489,0.152268,0.149864,0.152607,0.142547,0.140286,0.14624,0.148941,0.155156,
0.149023,0.1524,0.149897,0.15287,0.142547,0.140286,0.146299,0.152727,0.155158,
0.149329,0.153045,0.150221,0.154283,0.142547,0.140286,0.146308,0.152778,0.155164,
0.150389,0.154458,0.150945,0.158522,0.142547,0.140286,0.146366,0.153409,0.156577,
0.151395,0.157284,0.152358,0.159935,0.142547,0.140286,0.147779,0.153971,0.157004,
0.152471,0.158697,0.153771,0.161348,0.142547,0.140286,0.148316,0.154974,0.15983,
0.15348,0.16011,0.155184,0.162761,0.142547,0.140286,0.151142,0.155421,0.160392,
0.154375,0.161523,0.156597,0.164174,0.142547,0.140286,0.152555,0.156924,0.160397,
0.154439,0.161675,0.156767,0.164325,0.142547,0.140286,0.152583,0.156932,0.160399,
0.154945,0.161963,0.156971,0.164332,0.142547,0.140286,0.152592,0.159061,0.161812,
0.155574,0.162163,0.158384,0.165745,0.142547,0.140286,0.154005,0.159226,0.162239,
0.156507,0.163576,0.159797,0.167158,0.142547,0.140286,0.155418,0.159625,0.163652,
0.157093,0.164989,0.159837,0.168571,0.142547,0.140286,0.155457,0.159994,0.165065,
0.158047,0.166402,0.16125,0.169984,0.142547,0.140286,0.15687,0.160556,0.166478,
0.158673,0.167815,0.162663,0.171397,0.142547,0.140286,0.15688,0.161187,0.166605,
0.16,0.169228,0.164075,0.17281,0.142547,0.140286,0.162532,0.161895,0.166622,
0.160726,0.170641,0.164088,0.174223,0.142547,0.140286,0.163791,0.163582,0.166648,
0.161819,0.173467,0.165501,0.175636,0.142547,0.140286,0.164913,0.164144,0.168061,
0.162605,0.176293,0.166914,0.177049,0.142547,0.140286,0.165013,0.164645,0.168092,
0.163249,0.177706,0.167361,0.178462,0.142547,0.140286,0.165103,0.166432,0.168097,
0.164069,0.179119,0.168483,0.179875,0.142547,0.140286,0.165107,0.167627,0.16951,
0.164909,0.180532,0.169896,0.181288,0.142547,0.140286,0.166519,0.167981,0.170218,
0.165837,0.181945,0.171309,0.182701,0.142547,0.140286,0.166528,0.168336,0.173044,
0.16677,0.183358,0.172722,0.184114,0.142547,0.140286,0.167941,0.168734,0.174457,
0.167326,0.184771,0.172739,0.185527,0.142547,0.140286,0.167946,0.170327,0.174468,
0.167593,0.18517,0.174152,0.185778,0.142547,0.140286,0.167993,0.170344,0.174471,
0.16871,0.186583,0.174334,0.187191,0.142547,0.140286,0.170819,0.172032,0.175884,
0.169628,0.187996,0.175747,0.188604,0.142547,0.140286,0.172232,0.172313,0.177297,
0.17045,0.189409,0.175753,0.190017,0.142547,0.140286,0.173645,0.174437,0.177501,
0.171425,0.192235,0.177166,0.19143,0.142547,0.140286,0.173823,0.175,0.178914,
0.172132,0.193648,0.177564,0.192843,0.142547,0.140286,0.175236,0.176002,0.178932,
0.172903,0.195061,0.178977,0.194256,0.142547,0.140286,0.175245,0.176503,0.180345,
0.173791,0.196474,0.18039,0.195669,0.142547,0.140286,0.176658,0.177299,0.181005,
0.174621,0.197887,0.181803,0.197082,0.142547,0.140286,0.177247,0.177697,0.182418,
0.175462,0.1993,0.181815,0.198495,0.142547,0.140286,0.17866,0.178762,0.183831,
0.176566,0.202126,0.183228,0.199908,0.142547,0.140286,0.180073,0.179117,0.185244,
0.177376,0.203539,0.184641,0.201321,0.142547,0.140286,0.181486,0.179913,0.185273,
0.177997,0.204952,0.186054,0.202734,0.142547,0.140286,0.181502,0.180622,0.185278,
0.17883,0.206365,0.187467,0.204147,0.142547,0.140286,0.181509,0.181625,0.186691,
0.179783,0.207778,0.18888,0.20556,0.142547,0.140286,0.182922,0.182187,0.188104,
0.180595,0.209191,0.188886,0.206973,0.142547,0.140286,0.184335,0.184437,0.188109,
0.181235,0.209494,0.190299,0.208386,0.142547,0.140286,0.184351,0.184999,0.189522,
0.181957,0.210907,0.190697,0.209799,0.142547,0.140286,0.185764,0.186124,0.189536,
0.182686,0.21232,0.19211,0.211212,0.142547,0.140286,0.185772,0.18629,0.190949,
0.183569,0.213733,0.193523,0.212625,0.142547,0.140286,0.187185,0.187183,0.191474,
0.184416,0.215146,0.194936,0.214038,0.142547,0.140286,0.187861,0.18763,0.192887,
0.185274,0.216559,0.194952,0.215451,0.142547,0.140286,0.189274,0.188824,0.1943,
0.186283,0.219385,0.196365,0.216864,0.142547,0.140286,0.190686,0.189826,0.194305,
0.186831,0.220798,0.197256,0.218277,0.142547,0.140286,0.190938,0.190224,0.194321,
0.18768,0.222211,0.198669,0.21969,0.142547,0.140286,0.192351,0.191349,0.194337,
0.188542,0.223624,0.200082,0.221103,0.142547,0.140286,0.193059,0.192608,0.195029,
0.189262,0.225037,0.201495,0.222516,0.142547,0.140286,0.193994,0.193173,0.195045,
0.190042,0.22645,0.202908,0.223929,0.142547,0.140286,0.194019,0.193737,0.196458,
0.19073,0.227863,0.204321,0.225342,0.142547,0.140286,0.194178,0.194371,0.196933,
0.191459,0.229276,0.204321,0.226755,0.142547,0.140286,0.194974,0.195167,0.198346,
0.192085,0.230689,0.204321,0.227318,0.142547,0.140286,0.195086,0.19667,0.199759,
0.192766,0.230903,0.205734,0.228112,0.142547,0.140286,0.196348,0.197025,0.201172,
0.19362,0.232316,0.207147,0.229525,0.142547,0.140286,0.197056,0.197501,0.202585,
0.194184,0.233729,0.207371,0.230938,0.142547,0.140286,0.197093,0.19892,0.202587,
0.194357,0.234011,0.207443,0.231226,0.142547,0.140286,0.19713,0.199628,0.202587,
0.195038,0.234047,0.208856,0.231243,0.142547,0.140286,0.198283,0.202454,0.202587,
0.195404,0.234504,0.210269,0.231243,0.142547,0.140286,0.198283,0.20325,0.20285,
0.195997,0.234533,0.210287,0.231384,0.142547,0.140286,0.202522,0.203546,0.202867,
0.196882,0.235946,0.2117,0.231408,0.142547,0.140286,0.203878,0.206372,0.202917,
0.197778,0.237359,0.211736,0.23143,0.142547,0.140286,0.205291,0.206418,0.207156,
0.198971,0.23825,0.213149,0.231589,0.142547,0.140286,0.205308,0.213483,0.20716,
0.199509,0.238316,0.214467,0.233002,0.142547,0.140286,0.205328,0.214896,0.207234,
0.201317,0.239729,0.217293,0.234415,0.142547,0.140286,0.20566,0.223374,0.207236,
0.202218,0.241142,0.218706,0.235828,0.142547,0.140286,0.205665,0.223505,0.210062,
0.203367,0.242555,0.21871,0.236183,0.142547,0.140286,0.20602,0.23057,0.210069,
0.203494,0.24256,0.21871,0.237116,0.142547,0.140286,0.206057,0.230589,0.210085,
0.204747,0.24256,0.220123,0.238529,0.142547,0.140286,0.206183,0.237654,0.210098,
0.205122,0.243973,0.220123,0.239942,0.142547,0.140286,0.206283,0.237675,0.210151,
0.206287,0.24502,0.220123,0.241064,0.142547,0.140286,0.206366,0.24474,0.210155,
0.206493,0.246433,0.220123,0.241234,0.142547,0.140286,0.20642,0.244745,0.21016,
0.206805,0.246528,0.221536,0.241354,0.142717,0.140893,0.20642,0.244799,0.210195,
0.208106,0.24683,0.221536,0.241563,0.142717,0.140896,0.213485,0.246212,0.211608,
0.20915,0.248243,0.221536,0.241612,0.142717,0.145135,0.214485,0.246452,0.213021,
0.210569,0.249656,0.222949,0.241632,0.142717,0.1522,0.214505,0.247865,0.213028,
0.211283,0.250548,0.224362,0.243045,0.142717,0.1522,0.214687,0.249278,0.213427,
0.212905,0.251961,0.225775,0.243452,0.142717,0.159265,0.215319,0.250691,0.214059,
0.214991,0.253374,0.227188,0.244865,0.142717,0.161179,0.222384,0.251336,0.216885,
0.216308,0.253551,0.228601,0.245842,0.142717,0.167621,0.222396,0.252336,0.217398,
0.217268,0.254648,0.228657,0.2459,0.142717,0.172656,0.223154,0.252967,0.217448,
0.218429,0.255372,0.229548,0.247313,0.142717,0.17309,0.223785,0.253126,0.222484,
0.218846,0.256785,0.230112,0.247495,0.142717,0.174088,0.22388,0.253135,0.222555,
0.219064,0.257348,0.230311,0.247566,0.142717,0.174969,0.223881,0.253135,0.222586,
0.219415,0.257373,0.231724,0.247568,0.142717,0.17507,0.22514,0.253135,0.222589,
0.21979,0.257923,0.23173,0.247578,0.142717,0.177497,0.225151,0.253137,0.22259,
0.220066,0.257995,0.233143,0.247782,0.142717,0.177949,0.225154,0.25316,0.222627,
0.221595,0.259408,0.234556,0.247812,0.142717,0.178046,0.225164,0.253954,0.231105,
0.223076,0.259471,0.235969,0.248184,0.142717,0.185111,0.226577,0.254059,0.232518,
0.224471,0.259637,0.2366,0.249117,0.142717,0.192161,0.227208,0.255181,0.233149,
0.226526,0.26105,0.238013,0.250292,0.142717,0.195685,0.227562,0.25526,0.241627,
0.227529,0.261285,0.238295,0.250474,0.142717,0.202848,0.22762,0.255279,0.241718,
0.227793,0.261289,0.238331,0.250499,0.142717,0.204867,0.227623,0.255279,0.241738,
0.228015,0.26192,0.238339,0.2505,0.142717,0.204981,0.228646,0.255279,0.241739,
0.228473,0.261946,0.239752,0.251146,0.142717,0.206254,0.228669,0.25533,0.241973,
0.230526,0.263359,0.242578,0.252559,0.142717,0.213319,0.230258,0.256124,0.243292,
0.231867,0.264772,0.243991,0.253972,0.142717,0.214732,0.233084,0.256136,0.245536,
0.232556,0.265199,0.245404,0.253979,0.142717,0.217955,0.233151,0.256491,0.245555,
0.233647,0.265322,0.246817,0.254007,0.142717,0.217986,0.238803,0.256845,0.246677,
0.23463,0.266098,0.246817,0.255129,0.142717,0.219399,0.240216,0.257162,0.249503,
0.235589,0.267511,0.24823,0.256542,0.142717,0.220812,0.241629,0.257269,0.250004,
0.236921,0.268924,0.249643,0.257955,0.142717,0.221172,0.24175,0.257551,0.255656,
0.237683,0.270337,0.251056,0.257979,0.142717,0.223561,0.242148,0.257867,0.255797,
0.23883,0.2707,0.252315,0.258072,0.142717,0.226387,0.244974,0.258265,0.25721,
0.240045,0.272113,0.253728,0.258444,0.142717,0.230093,0.246387,0.25862,0.258257,
0.241363,0.273526,0.255141,0.258525,0.142717,0.236535,0.246844,0.258849,0.25877,
0.241963,0.27385,0.256554,0.258637,0.142717,0.238321,0.247406,0.259048,0.259168,
0.243356,0.275263,0.257967,0.258693,0.142717,0.245875,0.247688,0.259226,0.25942,
0.243899,0.275375,0.25938,0.258871,0.142717,0.246507,0.248124,0.259385,0.260833,
0.245259,0.276788,0.260793,0.260284,0.142717,0.252158,0.248757,0.259543,0.261032,
0.246088,0.278201,0.262206,0.261697,0.142717,0.252409,0.249389,0.259639,0.262445,
0.247108,0.279614,0.263619,0.261721,0.142717,0.256016,0.249541,0.25978,0.263858,
0.247893,0.279703,0.265032,0.263134,0.142717,0.256414,0.250954,0.259921,0.265271,
0.24888,0.281116,0.266445,0.264547,0.142717,0.258196,0.25127,0.260062,0.266684,
0.249846,0.282529,0.267858,0.26596,0.142717,0.258758,0.252683,0.260165,0.268097,
0.250901,0.283942,0.269271,0.267373,0.142717,0.260171,0.253805,0.260417,0.26951,
0.252153,0.285355,0.270684,0.268786,0.142717,0.261584,0.256631,0.260542,0.270923,
0.253269,0.286768,0.272097,0.270199,0.142717,0.262997,0.258044,0.26099,0.272336,
0.254348,0.288181,0.27351,0.271612,0.142717,0.26441,0.259457,0.261149,0.273749,
0.255317,0.289594,0.274923,0.273025,0.142717,0.265118,0.260348,0.261651,0.275162,
0.256322,0.291007,0.276336,0.274438,0.142717,0.266531,0.261142,0.261829,0.276575,
0.257312,0.29242,0.277749,0.275851,0.142717,0.267162,0.262555,0.262053,0.277988,
0.258247,0.293833,0.279162,0.276497,0.142717,0.268234,0.263968,0.262166,0.279401,
0.259223,0.295246,0.280575,0.277846,0.142717,0.268836,0.265381,0.262366,0.280814,
0.260141,0.296659,0.281988,0.278507,0.142717,0.269814,0.266794,0.262422,0.282227,
0.260862,0.298072,0.283401,0.279603,0.142717,0.270168,0.268053,0.262647,0.282232,
0.26141,0.299485,0.284814,0.28004,0.142717,0.271168,0.26806,0.262759,0.282238,
0.262046,0.300834,0.286227,0.281453,0.142717,0.271567,0.26807,0.262984,0.28252,
0.262619,0.302247,0.28764,0.282113,0.142717,0.271598,0.268517,0.263284,0.282836,
0.2632,0.30366,0.289053,0.282145,0.142717,0.271696,0.26993,0.263536,0.282864,
0.263482,0.303772,0.290466,0.282283,0.142717,0.271785,0.270071,0.263873,0.282892,
0.26406,0.305185,0.291879,0.282385,0.142717,0.272165,0.27047,0.264503,0.283174,
0.264499,0.30529,0.293292,0.28334,0.142717,0.272467,0.270751,0.264951,0.283185,
0.264983,0.306703,0.294705,0.283622,0.142717,0.272587,0.270965,0.265351,0.283216,
0.265337,0.307497,0.296118,0.283792,0.142717,0.272742,0.271005,0.265604,0.283222,
0.265946,0.30891,0.297531,0.2845,0.142717,0.272868,0.271542,0.266104,0.2834,
0.26643,0.310323,0.298944,0.284724,0.142717,0.273006,0.271793,0.266386,0.283547,
0.267091,0.311214,0.300357,0.28504,0.142717,0.274419,0.272382,0.267016,0.283579,
0.267757,0.312627,0.30177,0.286453,0.142717,0.27505,0.272427,0.267393,0.283615,
0.268389,0.31404,0.303183,0.287866,0.142717,0.27509,0.272464,0.2681,0.283653,
0.268831,0.315453,0.304596,0.287916,0.142717,0.275216,0.272513,0.268523,0.283717,
0.269496,0.316345,0.306009,0.288094,0.142717,0.276338,0.273307,0.269371,0.283787,
0.270008,0.316569,0.307422,0.289507,0.142717,0.276839,0.27339,0.269795,0.283823,
0.270639,0.317982,0.308835,0.29092,0.142717,0.276939,0.273423,0.270424,0.283872,
0.271083,0.319395,0.310248,0.29103,0.142717,0.277117,0.273472,0.270802,0.283883,
0.271459,0.319515,0.31145,0.291207,0.142717,0.277472,0.273952,0.271402,0.283954,
0.271925,0.320928,0.312863,0.29157,0.142717,0.277581,0.274035,0.271669,0.284033,
0.27248,0.321573,0.314276,0.292773,0.142717,0.277639,0.274947,0.271868,0.284044,
0.272918,0.322986,0.315689,0.293002,0.142717,0.277689,0.275117,0.272028,0.284115,
0.27336,0.324399,0.317102,0.293065,0.142717,0.277858,0.275235,0.272249,0.284259,
0.273701,0.324577,0.318515,0.293566,0.142717,0.277908,0.275439,0.272448,0.284437,
0.2743,0.325957,0.319928,0.294979,0.142717,0.277971,0.275721,0.272638,0.284487,
0.274883,0.32737,0.321341,0.29526,0.142717,0.278034,0.27698,0.272837,0.284527,
0.275323,0.328164,0.322754,0.29535,0.142717,0.278097,0.277611,0.273085,0.284809,
0.275793,0.328422,0.324167,0.295851,0.142717,0.278156,0.278611,0.273298,0.285125,
0.276458,0.329835,0.32558,0.296898,0.142717,0.278288,0.279682,0.273511,0.285153,
0.276892,0.331248,0.326993,0.297161,0.142717,0.278455,0.279714,0.273669,0.285178,
0.277281,0.332006,0.328406,0.297306,0.142717,0.278567,0.279754,0.273917,0.285577,
0.278176,0.33221,0.329819,0.297752,0.145543,0.278733,0.281167,0.274107,0.286078,
0.278993,0.333623,0.331232,0.298041,0.146956,0.279087,0.28258,0.274328,0.286095,
0.279555,0.334623,0.332645,0.298304,0.148369,0.279266,0.282605,0.274518,0.286111,
0.279981,0.335578,0.334058,0.298462,0.148608,0.279623,0.28263,0.274771,0.286119,
0.280444,0.336286,0.334852,0.298869,0.149308,0.280252,0.282829,0.275024,0.286127,
0.281743,0.337699,0.336265,0.300282,0.15214,0.283064,0.282858,0.275273,0.286367,
0.282719,0.339112,0.337678,0.303108,0.152644,0.283164,0.283835,0.275834,0.286378,
0.282877,0.339428,0.337691,0.303303,0.152818,0.283221,0.283844,0.276275,0.286432,
0.283908,0.340841,0.339104,0.303693,0.152954,0.284343,0.285361,0.277464,0.287504,
0.284915,0.342016,0.339125,0.304648,0.154367,0.287028,0.286774,0.277843,0.287515,
0.285482,0.343429,0.339193,0.306061,0.154367,0.28714,0.286808,0.278345,0.288515,
0.286053,0.343784,0.340606,0.306136,0.15578,0.287325,0.287163,0.2791,0.288529,
0.286664,0.343877,0.342019,0.306234,0.157973,0.287549,0.287179,0.279948,0.28853,
0.287343,0.346703,0.343368,0.306258,0.158048,0.287557,0.2872,0.281078,0.288531,
0.288357,0.348116,0.345612,0.306272,0.158337,0.287667,0.287206,0.283702,0.289944,
0.289486,0.348533,0.348438,0.306288,0.158424,0.291452,0.287914,0.284832,0.290007,
0.289805,0.348552,0.348533,0.307701,0.158424,0.29163,0.287994,0.285585,0.290019,
0.289946,0.348652,0.348583,0.307813,0.158424,0.29164,0.287999,0.286433,0.290021,
0.290053,0.348834,0.348841,0.307921,0.158424,0.291645,0.28805,0.286593,0.290117,
0.290582,0.350247,0.350254,0.307951,0.158424,0.2917,0.288653,0.2873,0.290125,
0.290896,0.350286,0.351667,0.308086,0.158424,0.291722,0.288665,0.288055,0.29026,
0.290962,0.350293,0.35173,0.308099,0.158424,0.291733,0.288868,0.288118,0.290429,
0.291344,0.351706,0.352438,0.3081,0.158424,0.291766,0.288872,0.288999,0.290445,
0.291604,0.351706,0.35262,0.309513,0.158424,0.291949,0.289017,0.289048,0.290557,
0.292396,0.351769,0.352683,0.310926,0.159837,0.292201,0.290139,0.290178,0.291438,
0.292993,0.353182,0.353232,0.311015,0.16125,0.293092,0.290539,0.290188,0.291444,
0.293364,0.353195,0.354645,0.311153,0.161322,0.293094,0.291866,0.290189,0.291445,
0.294108,0.354608,0.355578,0.311158,0.162735,0.293104,0.292596,0.290225,0.292858,
0.295659,0.356021,0.356115,0.311427,0.164148,0.293584,0.295422,0.29313,0.295423,
0.296736,0.356156,0.356823,0.31155,0.164856,0.294397,0.296518,0.293928,0.299662,
0.29729,0.356219,0.357155,0.311881,0.165709,0.294411,0.297931,0.295351,0.299664,
0.297534,0.356381,0.357493,0.311885,0.167122,0.294413,0.29796,0.295351,0.299667,
0.297704,0.356381,0.357493,0.311885,0.168481,0.294413,0.29796,0.295352,0.299667,
0.298303,0.356381,0.358906,0.311885,0.169119,0.295226,0.29796,0.296326,0.300622,
0.298678,0.357794,0.358927,0.311931,0.170255,0.295237,0.298217,0.296441,0.300622,
0.299148,0.357809,0.36034,0.311937,0.170295,0.29605,0.29825,0.29647,0.302035,
0.299728,0.35788,0.360354,0.31335,0.170486,0.297039,0.299663,0.297003,0.30205,
0.30074,0.359293,0.360354,0.314763,0.171899,0.298301,0.300618,0.29857,0.302125,
0.301336,0.360706,0.361613,0.315325,0.173104,0.298467,0.300706,0.298629,0.302139,
0.301954,0.362119,0.363026,0.315466,0.173112,0.298592,0.300942,0.300225,0.302147,
0.302874,0.363531,0.363035,0.315874,0.174525,0.301168,0.30125,0.301335,0.302276,
0.30426,0.364944,0.365861,0.317287,0.175938,0.303652,0.302672,0.301435,0.302292,
0.304613,0.365299,0.366362,0.317374,0.175938,0.303655,0.302673,0.302832,0.302768,
0.30515,0.365513,0.367775,0.317461,0.176182,0.304156,0.303081,0.304229,0.302805,
0.307487,0.366926,0.369188,0.318874,0.177672,0.304376,0.310146,0.309881,0.302832,
0.309569,0.368339,0.370601,0.3217,0.177849,0.305641,0.311058,0.310058,0.311307,
0.311203,0.369752,0.372014,0.323113,0.177849,0.311293,0.312471,0.310414,0.31272,
0.31201,0.371165,0.372014,0.324526,0.177849,0.312796,0.313884,0.31112,0.312726,
0.312116,0.371228,0.372014,0.324565,0.177849,0.312809,0.313891,0.311827,0.312743,
0.312387,0.372641,0.372014,0.324569,0.177849,0.31284,0.313891,0.312533,0.312754,
0.312506,0.372647,0.372014,0.324571,0.177849,0.312847,0.314428,0.31293,0.312764,
0.312764,0.372648,0.372014,0.325984,0.177849,0.313421,0.314432,0.312993,0.312771,
0.313013,0.372648,0.372014,0.327397,0.177849,0.31343,0.314432,0.313558,0.312774,
0.31313,0.373539,0.372014,0.327406,0.177849,0.313454,0.314439,0.313562,0.312774,
0.313306,0.373828,0.372014,0.327506,0.177849,0.314192,0.314502,0.313787,0.312774,
0.313693,0.375241,0.372014,0.328919,0.177849,0.314249,0.314515,0.313976,0.312785,
0.313968,0.376654,0.372014,0.328982,0.177849,0.314783,0.314527,0.314134,0.312804,
0.314319,0.378067,0.372014,0.329345,0.177849,0.314984,0.314709,0.314764,0.312818,
0.314648,0.378524,0.372014,0.329416,0.177849,0.31534,0.315222,0.31547,0.313351,
0.314774,0.378641,0.372014,0.329461,0.177849,0.315353,0.315504,0.315826,0.313541,
0.314856,0.378645,0.372014,0.329469,0.177849,0.315927,0.315515,0.315871,0.313557,
0.315162,0.380058,0.372014,0.32948,0.177849,0.315932,0.316364,0.31603,0.313571,
0.315259,0.380485,0.372014,0.329615,0.177849,0.316109,0.316367,0.316054,0.313582,
0.315472,0.380801,0.372014,0.330013,0.177849,0.316715,0.316537,0.316231,0.313614,
0.316683,0.382214,0.372014,0.330385,0.180675,0.318134,0.316941,0.317341,0.315757,
0.317981,0.382423,0.372014,0.331179,0.181556,0.319547,0.318354,0.317365,0.321409,
0.318282,0.382555,0.372014,0.331187,0.182004,0.319572,0.319767,0.317743,0.321416,
0.318689,0.382733,0.372014,0.331219,0.184248,0.319617,0.319777,0.318304,0.321602,
0.318924,0.384146,0.372014,0.331233,0.184323,0.319655,0.319968,0.318446,0.321604,
0.319425,0.384198,0.372014,0.332646,0.184645,0.320011,0.321381,0.318887,0.321618,
0.320151,0.385611,0.372014,0.333103,0.187471,0.32017,0.321399,0.319112,0.322326,
0.320498,0.387024,0.372014,0.333185,0.187533,0.320224,0.32223,0.319439,0.322335,
0.320878,0.388437,0.372014,0.333213,0.188708,0.320349,0.322242,0.319664,0.322393,
0.321122,0.388473,0.372014,0.33326,0.188718,0.320391,0.322316,0.320002,0.323803,
0.321913,0.388525,0.372014,0.334673,0.191544,0.320745,0.323635,0.320352,0.323813,
0.322346,0.389938,0.372014,0.334968,0.192957,0.320787,0.323677,0.320605,0.32382,
0.322628,0.391351,0.372014,0.335034,0.193012,0.320819,0.323684,0.321278,0.323833,
0.323018,0.392183,0.372014,0.335067,0.193074,0.321493,0.324345,0.321703,0.324261,
0.324224,0.392202,0.372014,0.335245,0.193446,0.328558,0.32445,0.322497,0.325383,
0.325193,0.393615,0.372014,0.336658,0.194282,0.329971,0.32445,0.32391,0.326642,
0.326046,0.393615,0.372014,0.338071,0.194506,0.331384,0.32445,0.32391,0.330419,
0.327989,0.395028,0.372014,0.339484,0.200158,0.335623,0.325863,0.32391,0.331832,
0.330305,0.396441,0.372014,0.34231,0.204396,0.335782,0.327282,0.32391,0.34031,
0.331029,0.397854,0.372014,0.342534,0.207624,0.335818,0.32754,0.32391,0.34094,
0.332249,0.398012,0.372014,0.342552,0.214689,0.33671,0.327752,0.32391,0.342353,
0.332916,0.398384,0.372014,0.342587,0.218848,0.336725,0.327802,0.32391,0.343061,
0.334092,0.399431,0.372014,0.343542,0.223087,0.337356,0.329215,0.32391,0.344183,
0.335805,0.400033,0.372014,0.344955,0.224774,0.337468,0.330628,0.32391,0.352659,
0.337905,0.401446,0.372014,0.346368,0.225779,0.33772,0.334867,0.32391,0.361137,
0.338965,0.401446,0.372014,0.346368,0.227192,0.341959,0.33628,0.32391,0.362549,
0.339839,0.401446,0.372014,0.346368,0.231431,0.342182,0.337693,0.32391,0.363671,
0.340947,0.402859,0.372014,0.347317,0.232689,0.345008,0.339106,0.32391,0.364671,
0.343001,0.404272,0.372014,0.352969,0.236928,0.346421,0.341932,0.32391,0.365562,
0.344554,0.405685,0.372014,0.354382,0.239754,0.347834,0.346171,0.32391,0.366684,
0.346144,0.407098,0.372014,0.355795,0.241167,0.353486,0.347584,0.32391,0.368097,
0.347532,0.408511,0.372014,0.356917,0.241875,0.359138,0.348379,0.32391,0.36951,
0.348732,0.409924,0.372014,0.35833,0.243288,0.360551,0.351205,0.32391,0.370632,
0.349841,0.411337,0.372014,0.359743,0.243687,0.361964,0.352618,0.32391,0.373457,
0.351005,0.41275,0.372014,0.362569,0.244085,0.363223,0.354031,0.32391,0.375457,
0.352381,0.414163,0.372014,0.363982,0.245498,0.367462,0.355444,0.32391,0.376579,
0.354303,0.415576,0.372014,0.366808,0.253973,0.368354,0.356857,0.32391,0.376934,
0.355552,0.416989,0.372014,0.367059,0.255389,0.369767,0.361096,0.32391,0.378193,
0.356877,0.418402,0.372014,0.368472,0.256805,0.37118,0.365335,0.32391,0.378901,
0.357796,0.419815,0.372014,0.369885,0.258218,0.372593,0.366748,0.32391,0.379183,
0.358778,0.421228,0.372014,0.371298,0.259631,0.374006,0.368161,0.32391,0.379977,
0.360034,0.422641,0.372014,0.372711,0.261044,0.378245,0.369336,0.32391,0.380375,
0.361185,0.424054,0.372014,0.374124,0.262362,0.382484,0.369803,0.32391,0.38073,
0.363128,0.425467,0.372014,0.37695,0.269427,0.383897,0.371216,0.32391,0.382143,
0.364796,0.42688,0.372014,0.379776,0.275079,0.38531,0.372629,0.32391,0.382774,
0.366667,0.428293,0.372014,0.382602,0.280731,0.386723,0.374042,0.32391,0.385018,
0.367919,0.429706,0.372014,0.384015,0.281731,0.388136,0.375455,0.32391,0.388384,
0.368788,0.430828,0.372014,0.384809,0.283144,0.389549,0.376868,0.32391,0.389178,
0.369926,0.4312,0.372014,0.386222,0.285668,0.390962,0.379694,0.32391,0.389741,
0.371167,0.432613,0.372014,0.386669,0.287081,0.392375,0.383933,0.32391,0.390743,
0.372009,0.434026,0.372014,0.387231,0.28747,0.393788,0.386694,0.32391,0.390943,
0.37282,0.435439,0.372014,0.388644,0.288883,0.395201,0.387325,0.32391,0.391142,
0.373845,0.436439,0.372014,0.388844,0.290296,0.396614,0.391102,0.32391,0.391541,
0.375186,0.43669,0.372014,0.39167,0.295948,0.397762,0.391733,0.32391,0.391765,
0.376039,0.438103,0.372014,0.393083,0.296672,0.399175,0.393146,0.32391,0.392213,
0.377015,0.439103,0.372014,0.395601,0.298085,0.400588,0.394408,0.32391,0.392412,
0.378315,0.440516,0.372014,0.397014,0.300962,0.40087,0.398647,0.32391,0.39259,
0.378982,0.441929,0.372014,0.397064,0.302375,0.402283,0.399093,0.32391,0.393189,
0.379512,0.442376,0.372014,0.397315,0.303788,0.403696,0.399271,0.32391,0.393722,
0.38039,0.443789,0.372014,0.398728,0.304786,0.403895,0.402097,0.32391,0.3939,
0.381379,0.445202,0.372014,0.398979,0.309025,0.405308,0.402495,0.32391,0.394099,
0.382264,0.445751,0.372014,0.399261,0.310438,0.406721,0.405321,0.32391,0.394698,
0.383186,0.447164,0.372014,0.400674,0.311851,0.408134,0.406443,0.32391,0.395297,
0.384016,0.448286,0.372014,0.401796,0.313264,0.409547,0.407856,0.32391,0.395455,
0.384871,0.449699,0.372014,0.403209,0.313972,0.41096,0.409269,0.32391,0.395931,
0.386418,0.451112,0.372014,0.406035,0.321037,0.411523,0.409624,0.32391,0.396089,
0.387083,0.452525,0.372014,0.40612,0.32245,0.411804,0.411037,0.32391,0.3968,
0.387648,0.45261,0.372014,0.406402,0.323863,0.412599,0.41245,0.32391,0.397334,
0.389457,0.454023,0.372014,0.410641,0.330158,0.413917,0.413497,0.32391,0.397492,
0.390576,0.455436,0.372014,0.412054,0.331571,0.416742,0.41491,0.32391,0.397968,
0.391578,0.456695,0.372014,0.413313,0.332984,0.41926,0.416323,0.32391,0.398126,
0.392192,0.458108,0.372014,0.414601,0.334397,0.419418,0.416394,0.32391,0.398691,
0.39285,0.459521,0.372014,0.416014,0.334957,0.420831,0.416812,0.32391,0.398741,
0.393726,0.460934,0.372014,0.416265,0.337756,0.422244,0.41699,0.32391,0.399692,
0.394357,0.46121,0.372014,0.417678,0.339169,0.423657,0.417168,0.32391,0.400048,
0.395553,0.462623,0.372014,0.418569,0.340058,0.42422,0.42282,0.32391,0.400207,
0.396086,0.464036,0.372014,0.418704,0.341471,0.424575,0.422978,0.32391,0.400999,
0.396704,0.465449,0.372014,0.418866,0.342884,0.425697,0.423018,0.32391,0.401791,
0.397597,0.465611,0.372014,0.420041,0.34571,0.427109,0.424431,0.32391,0.40195,
0.399305,0.467024,0.372014,0.421454,0.351361,0.427903,0.42867,0.32391,0.402108,
0.399831,0.468437,0.372014,0.421688,0.352774,0.42822,0.428705,0.32391,0.402901,
0.400153,0.468682,0.372014,0.421773,0.353008,0.429632,0.428737,0.32391,0.403466,
0.402434,0.468817,0.377575,0.423186,0.355514,0.431045,0.434389,0.325323,0.403624,
0.403758,0.47023,0.379655,0.424599,0.356927,0.432458,0.434588,0.326736,0.404869,
0.404962,0.471643,0.381645,0.427425,0.358434,0.433871,0.43487,0.326736,0.405069,
0.405849,0.473056,0.382815,0.427872,0.360208,0.434269,0.435371,0.326736,0.406465,
0.406592,0.474178,0.384361,0.429105,0.361079,0.434819,0.435595,0.326736,0.406864,
0.407202,0.474541,0.38499,0.429345,0.361927,0.43571,0.43639,0.326736,0.407974,
0.408229,0.475954,0.386109,0.430758,0.364753,0.43591,0.436567,0.326736,0.409041,
0.408788,0.477367,0.386817,0.430982,0.365704,0.436068,0.437461,0.326736,0.409167,
0.409285,0.477814,0.387882,0.431002,0.366412,0.436385,0.437777,0.326736,0.410276,
0.409991,0.477872,0.389864,0.431304,0.36689,0.438734,0.437877,0.326736,0.410654,
0.410669,0.478503,0.391277,0.431794,0.368845,0.439171,0.437948,0.326736,0.411079,
0.411377,0.479916,0.394103,0.432096,0.36924,0.439526,0.438065,0.326736,0.411331,
0.412447,0.480139,0.399755,0.432347,0.369751,0.439546,0.439478,0.326736,0.411827,
0.412732,0.480164,0.399862,0.432363,0.371164,0.439687,0.439486,0.326736,0.412392,
0.413296,0.480186,0.399949,0.432489,0.374453,0.439712,0.439502,0.326736,0.413342,
0.414924,0.481599,0.402775,0.435315,0.374593,0.43987,0.439506,0.326736,0.418994,
0.415187,0.483012,0.402793,0.435346,0.375047,0.439898,0.439532,0.326736,0.41913,
0.415692,0.48372,0.402819,0.435979,0.375079,0.441311,0.439863,0.326736,0.420025,
0.416074,0.483777,0.402978,0.437392,0.376492,0.441316,0.439867,0.326736,0.420031,
0.416646,0.484951,0.40331,0.437398,0.377905,0.441448,0.440049,0.326736,0.421374,
0.417753,0.484959,0.407549,0.437472,0.379318,0.444274,0.4403,0.326736,0.421414,
0.419403,0.485193,0.413201,0.438885,0.383199,0.445687,0.440656,0.326736,0.421665,
0.420701,0.486606,0.416342,0.440298,0.386025,0.445865,0.440875,0.326736,0.422862,
0.421672,0.488019,0.421378,0.440457,0.386144,0.446573,0.441052,0.326736,0.423021,
0.422195,0.48827,0.421873,0.44139,0.387557,0.447281,0.441334,0.326736,0.423116,
0.422996,0.489182,0.422719,0.442803,0.38897,0.448172,0.441476,0.326736,0.423914,
0.42431,0.490595,0.425545,0.443598,0.389818,0.448488,0.445715,0.326736,0.423988,
0.425232,0.492008,0.426958,0.445011,0.391231,0.448843,0.446546,0.326736,0.424523,
0.426102,0.493421,0.428371,0.445925,0.392406,0.449965,0.446579,0.326736,0.425412,
0.427133,0.494596,0.431197,0.447338,0.392605,0.451378,0.446737,0.326736,0.426479,
0.42793,0.496009,0.431309,0.448751,0.393106,0.452791,0.447628,0.326736,0.427113,
0.429065,0.497422,0.432722,0.450164,0.394519,0.454204,0.44788,0.326736,0.428871,
0.430101,0.498835,0.434135,0.451577,0.397696,0.45452,0.447943,0.326736,0.429367,
0.431035,0.500248,0.435548,0.452114,0.399093,0.454698,0.448091,0.326736,0.43175,
0.432435,0.501661,0.436961,0.452469,0.403048,0.455589,0.449138,0.326736,0.433879,
0.433499,0.502278,0.438374,0.453849,0.404461,0.457002,0.450289,0.326736,0.435001,
0.435371,0.503691,0.439787,0.455262,0.408134,0.458415,0.451702,0.326736,0.43924,
0.437802,0.505104,0.442613,0.456675,0.412373,0.459828,0.453115,0.326736,0.445972,
0.439366,0.506517,0.444026,0.458088,0.412474,0.461241,0.457354,0.326736,0.448489,
0.441767,0.50793,0.445026,0.4595,0.420949,0.4625,0.458767,0.326736,0.452728,
0.443986,0.509343,0.446439,0.460913,0.429427,0.463913,0.461593,0.326736,0.453523,
0.445668,0.510756,0.450678,0.462326,0.432253,0.465172,0.463006,0.326736,0.454414,
0.447276,0.512169,0.450734,0.463739,0.435079,0.466585,0.464294,0.326736,0.45887,
0.448702,0.513582,0.4541,0.465152,0.436492,0.467707,0.46539,0.326736,0.460459,
0.450266,0.514995,0.455419,0.466565,0.437905,0.468966,0.471042,0.326736,0.460504,
0.451461,0.516408,0.456832,0.467978,0.439318,0.470379,0.471155,0.326736,0.462887,
0.452626,0.517821,0.459658,0.469391,0.439914,0.471792,0.472568,0.326736,0.463127,
0.454106,0.519234,0.461007,0.470804,0.441327,0.473205,0.472957,0.326736,0.467583,
0.455571,0.520647,0.465244,0.472217,0.442262,0.474618,0.47437,0.326736,0.468474,
0.457785,0.522059,0.466657,0.47363,0.449325,0.476031,0.47575,0.329562,0.469268,
0.4605,0.523472,0.46807,0.476456,0.453564,0.477444,0.476683,0.33804,0.470268,
0.462759,0.524885,0.470896,0.477869,0.457803,0.478857,0.478096,0.342279,0.47139,
0.46541,0.526298,0.472309,0.480695,0.462042,0.479488,0.479509,0.350757,0.472185,
0.467162,0.527711,0.473722,0.482108,0.466281,0.479989,0.480922,0.353583,0.472979,
0.469508,0.529124,0.47624,0.483521,0.467694,0.481402,0.482335,0.362061,0.473687,
0.471455,0.530537,0.476741,0.484412,0.469107,0.484402,0.483382,0.365435,0.477623,
0.472389,0.531768,0.478154,0.484975,0.469107,0.48516,0.484587,0.366848,0.478515,
0.473434,0.532619,0.479567,0.484975,0.469107,0.485334,0.486,0.369177,0.480697,
0.474734,0.534032,0.480362,0.484975,0.469107,0.486512,0.486563,0.374829,0.481492,
0.475166,0.535445,0.480474,0.484975,0.469107,0.486858,0.487304,0.375657,0.481507,
0.475699,0.536858,0.481887,0.484975,0.469107,0.486861,0.487323,0.377066,0.481513,
0.47627,0.539684,0.4833,0.484975,0.469107,0.486924,0.487326,0.377291,0.481555,
0.47698,0.541097,0.484713,0.484975,0.469107,0.486927,0.48942,0.377768,0.481838,
0.477846,0.54251,0.486126,0.484975,0.469107,0.488186,0.490833,0.378303,0.482729,
0.478465,0.543923,0.487715,0.484975,0.469107,0.488231,0.491269,0.379058,0.483439,
0.478873,0.545336,0.488277,0.484975,0.469107,0.488235,0.491432,0.380125,0.483502,
0.479402,0.546749,0.488724,0.484975,0.469107,0.489648,0.491467,0.380917,0.483634,
0.480173,0.549575,0.490137,0.484975,0.469107,0.489806,0.491533,0.381551,0.484698,
0.480757,0.550988,0.49155,0.484975,0.469107,0.489965,0.491678,0.382344,0.485452,
0.481466,0.552401,0.492963,0.484975,0.469107,0.490597,0.493091,0.383099,0.485497,
0.481691,0.552457,0.493013,0.484975,0.469107,0.490775,0.493154,0.384508,0.485541,
0.482196,0.55387,0.494426,0.484975,0.469107,0.491091,0.493182,0.385215,0.4857,
0.482578,0.554761,0.495839,0.484975,0.469107,0.491343,0.493382,0.385515,0.485703,
0.482873,0.556174,0.495997,0.484975,0.469107,0.491414,0.493397,0.385964,0.485954,
0.483409,0.556882,0.49741,0.484975,0.469107,0.491628,0.494028,0.386564,0.486681,
0.483763,0.55728,0.497857,0.484975,0.469107,0.491715,0.494352,0.387761,0.487058,
0.484381,0.558171,0.498212,0.484975,0.469107,0.491771,0.494464,0.388467,0.489884,
0.484574,0.558423,0.498353,0.484975,0.469107,0.491834,0.49459,0.389315,0.489996,
0.484745,0.558435,0.498531,0.484975,0.469107,0.492054,0.49459,0.390266,0.489999,
0.485119,0.55879,0.499944,0.484975,0.469107,0.49233,0.494601,0.391155,0.490049,
0.485442,0.55979,0.501356,0.484975,0.469107,0.49234,0.49468,0.391209,0.49008,
0.485884,0.560681,0.502769,0.484975,0.469107,0.492363,0.495242,0.391743,0.490189,
0.486871,0.562094,0.504182,0.484975,0.469107,0.493485,0.495326,0.392243,0.493555,
0.487538,0.563507,0.504499,0.484975,0.469107,0.494898,0.496281,0.393091,0.493945,
0.487852,0.563525,0.504516,0.484975,0.469107,0.495122,0.496283,0.395324,0.493963,
0.488096,0.563749,0.504716,0.484975,0.469107,0.4953,0.496372,0.396452,0.494098,
0.488263,0.564104,0.505071,0.484975,0.469107,0.495325,0.496934,0.396494,0.494099,
0.488459,0.564995,0.505171,0.484975,0.469107,0.49534,0.496944,0.396994,0.494149,
0.489098,0.566408,0.506584,0.484975,0.469107,0.49632,0.496972,0.397494,0.494925,
0.489897,0.569234,0.507997,0.484975,0.469107,0.496475,0.498385,0.39797,0.495035,
0.490117,0.569485,0.508705,0.484975,0.469107,0.496546,0.49852,0.398535,0.495066,
0.490216,0.569574,0.508956,0.484975,0.469107,0.496687,0.498527,0.398747,0.495156,
0.490339,0.569687,0.509019,0.484975,0.469107,0.496739,0.498653,0.399347,0.495189,
0.49047,0.570041,0.509374,0.484975,0.469107,0.496862,0.498661,0.399506,0.495234,
0.490871,0.571454,0.510786,0.484975,0.469107,0.496975,0.498752,0.399675,0.495248,
0.49132,0.572345,0.511677,0.484975,0.469107,0.49701,0.500165,0.399888,0.495392,
0.491936,0.573053,0.512385,0.484975,0.469107,0.497063,0.501313,0.400077,0.497516,
0.492297,0.573684,0.513798,0.484975,0.469107,0.497345,0.501645,0.400212,0.497614,
0.492406,0.574315,0.513811,0.484975,0.469107,0.49739,0.501694,0.400331,0.497627,
0.492657,0.574631,0.51507,0.484975,0.469107,0.497408,0.501705,0.40042,0.497944,
0.493211,0.576044,0.516483,0.484975,0.469107,0.497436,0.503118,0.40054,0.497984,
0.493415,0.576072,0.517896,0.484975,0.469107,0.497499,0.503123,0.40064,0.498009,
0.493893,0.577485,0.519018,0.484975,0.469107,0.497534,0.503134,0.400759,0.499131,
0.494363,0.578744,0.520431,0.484975,0.469107,0.497563,0.504026,0.400879,0.499182,
0.494829,0.580157,0.52169,0.484975,0.469107,0.497598,0.504917,0.400999,0.499193,
0.495291,0.58157,0.523103,0.484975,0.469107,0.497643,0.504927,0.401099,0.499901,
0.495873,0.582983,0.524516,0.484975,0.469107,0.497682,0.505344,0.401218,0.50116,
0.496296,0.584396,0.525929,0.484975,0.469107,0.497753,0.505699,0.401338,0.501171,
0.496667,0.585809,0.527342,0.484975,0.469107,0.497782,0.505711,0.401433,0.501178,
0.497181,0.587222,0.528755,0.484975,0.469107,0.497813,0.505814,0.402555,0.501209,
0.497944,0.588635,0.530168,0.484975,0.469107,0.499226,0.506168,0.40265,0.502622,
0.498442,0.589894,0.531581,0.484975,0.469107,0.499306,0.50729,0.402745,0.502635,
0.498899,0.591307,0.53178,0.485477,0.47052,0.49931,0.507302,0.402856,0.502641,
0.49911,0.591449,0.533193,0.485491,0.47052,0.499399,0.507304,0.402859,0.502669,
0.499312,0.591506,0.534606,0.485522,0.47052,0.499403,0.507313,0.402958,0.502669,
0.500098,0.592919,0.536019,0.485535,0.47052,0.502229,0.507314,0.403577,0.50267,
0.500681,0.592921,0.537432,0.486948,0.47052,0.503642,0.507424,0.403697,0.502864,
0.501998,0.594334,0.537477,0.487106,0.47052,0.510707,0.507712,0.403854,0.504277,
0.502054,0.594374,0.537676,0.487284,0.47052,0.510707,0.507719,0.403871,0.504278,
0.502341,0.594698,0.538307,0.487324,0.47052,0.510889,0.507774,0.403872,0.505342,
0.502816,0.594705,0.53972,0.488737,0.47052,0.510962,0.50835,0.403991,0.505547,
0.504602,0.594719,0.541133,0.495802,0.47052,0.512375,0.511176,0.404131,0.50696,
0.505257,0.596132,0.542546,0.496694,0.47052,0.512406,0.512589,0.40421,0.506963,
0.505633,0.597545,0.543959,0.496765,0.47052,0.512407,0.512595,0.404305,0.50697,
0.505859,0.597876,0.545372,0.49677,0.47052,0.512446,0.512611,0.40431,0.506971,
0.506349,0.597883,0.546263,0.496795,0.47052,0.512646,0.512619,0.404421,0.509644,
0.507132,0.598883,0.547676,0.497686,0.47052,0.512681,0.514032,0.40452,0.511057,
0.50763,0.599529,0.548568,0.497686,0.47052,0.514094,0.514923,0.404616,0.511102,
0.507932,0.599529,0.549568,0.498686,0.470739,0.514182,0.514937,0.404701,0.511112,
0.508289,0.600651,0.550981,0.498822,0.470814,0.514182,0.514943,0.4048,0.511122,
0.508654,0.601153,0.552394,0.498828,0.470846,0.514184,0.515898,0.404804,0.511123,
0.509089,0.601154,0.553188,0.499374,0.471135,0.514531,0.515907,0.404889,0.512536,
0.510594,0.602567,0.554476,0.5022,0.476252,0.515422,0.516131,0.405002,0.512698,
0.511685,0.60398,0.555289,0.503613,0.477068,0.51543,0.52037,0.405031,0.5127,
0.51295,0.606806,0.556702,0.503702,0.479894,0.516843,0.520384,0.405155,0.514113,
0.513633,0.606869,0.558115,0.505115,0.481881,0.516927,0.520562,0.405298,0.5143,
0.514654,0.608157,0.559528,0.507941,0.483294,0.516939,0.521609,0.405457,0.514306,
0.515357,0.60957,0.560941,0.508057,0.485538,0.517029,0.521622,0.405773,0.514326,
0.516288,0.609585,0.562354,0.513057,0.485587,0.51712,0.521703,0.406473,0.514427,
0.517444,0.610844,0.562483,0.513301,0.487313,0.518738,0.521731,0.407886,0.517253,
0.518231,0.612257,0.563896,0.514818,0.487337,0.51899,0.523144,0.408139,0.517267,
0.519994,0.61367,0.563908,0.519057,0.488232,0.51919,0.523157,0.408407,0.524332,
0.521042,0.615083,0.565167,0.520791,0.488558,0.519465,0.52457,0.410366,0.524339,
0.52144,0.61606,0.56619,0.520792,0.488564,0.519722,0.524603,0.411247,0.524339,
0.522475,0.616061,0.566637,0.521239,0.488664,0.519946,0.524603,0.416899,0.525752,
0.523912,0.617474,0.566678,0.521271,0.488826,0.524363,0.525728,0.421138,0.525822,
0.524144,0.617546,0.566823,0.52132,0.489738,0.524363,0.526373,0.421156,0.525834,
0.524482,0.617546,0.568236,0.521323,0.490766,0.524385,0.526411,0.42135,0.525836,
0.525038,0.617611,0.569649,0.522736,0.490985,0.524614,0.527002,0.421529,0.52618,
0.525477,0.61785,0.572475,0.522736,0.490985,0.525061,0.527002,0.421529,0.52618,
0.526016,0.617852,0.572475,0.524149,0.490985,0.525061,0.527074,0.422942,0.527593,
0.526901,0.617852,0.573888,0.524149,0.492398,0.526474,0.527074,0.422956,0.530419,
0.527304,0.617853,0.574177,0.525562,0.492401,0.526474,0.528487,0.423063,0.530419,
0.527848,0.617853,0.574232,0.52808,0.493814,0.526474,0.528487,0.423067,0.530774,
0.528086,0.617853,0.574263,0.52808,0.494279,0.526474,0.5299,0.423067,0.530774,
0.528272,0.617853,0.574321,0.528087,0.494279,0.526474,0.52991,0.42448,0.530774,
0.530141,0.619266,0.577147,0.528087,0.495564,0.526474,0.533687,0.42448,0.536426,
0.53062,0.620679,0.577147,0.528087,0.496977,0.526474,0.534687,0.42448,0.536426,
0.530988,0.620679,0.57856,0.528087,0.496977,0.526475,0.534687,0.4246,0.537839,
0.531174,0.620679,0.57856,0.528087,0.496977,0.526475,0.5361,0.42468,0.537839,
0.531529,0.622092,0.57856,0.528087,0.49839,0.526475,0.536102,0.42468,0.537844,
0.531885,0.622093,0.578914,0.528093,0.500729,0.526475,0.536254,0.42468,0.537844,
0.532242,0.622182,0.580327,0.528093,0.501755,0.52662,0.536272,0.424836,0.537847,
0.532673,0.622545,0.58174,0.528093,0.501984,0.528033,0.536282,0.424845,0.537862,
0.533535,0.622652,0.584566,0.528697,0.502307,0.529446,0.537695,0.425005,0.537913,
0.534495,0.624065,0.584736,0.53011,0.505133,0.52945,0.539108,0.425164,0.538196,
0.534873,0.624096,0.585736,0.530121,0.506546,0.529452,0.539134,0.425613,0.538285,
0.535663,0.624225,0.587149,0.530466,0.506557,0.530865,0.54196,0.425795,0.538288,
0.536208,0.624429,0.587606,0.531879,0.50797,0.531538,0.54197,0.425937,0.538332,
0.538563,0.625631,0.589019,0.533292,0.508077,0.535777,0.542331,0.430393,0.543984,
0.539494,0.627044,0.589029,0.534728,0.508291,0.538603,0.543744,0.430518,0.543996,
0.540213,0.628457,0.589161,0.536141,0.509704,0.539801,0.543782,0.43066,0.544,
0.540611,0.628545,0.589508,0.536241,0.511117,0.539896,0.544787,0.430784,0.544015,
0.541069,0.628608,0.590921,0.536276,0.511893,0.540146,0.545742,0.430944,0.544024,
0.541531,0.628629,0.592334,0.536559,0.513306,0.540464,0.545777,0.431101,0.544078,
0.542146,0.628984,0.593747,0.538062,0.514047,0.540615,0.546158,0.43128,0.544277,
0.543332,0.630397,0.594488,0.538175,0.518286,0.540617,0.548984,0.431414,0.544291,
0.543706,0.631656,0.595901,0.538181,0.51829,0.540759,0.549004,0.431564,0.544291,
0.543773,0.631661,0.595903,0.538285,0.51829,0.541012,0.549004,0.431704,0.544322,
0.544359,0.634487,0.595904,0.538787,0.518371,0.541181,0.549139,0.431883,0.54512,
0.545116,0.6359,0.597317,0.539038,0.518371,0.541266,0.551965,0.431904,0.545167,
0.545734,0.637313,0.59873,0.539277,0.519784,0.541272,0.552267,0.432063,0.545167,
0.546187,0.638662,0.59973,0.539293,0.520676,0.54143,0.552267,0.432074,0.545368,
0.546483,0.638669,0.601143,0.539924,0.5208,0.541435,0.552347,0.432177,0.545371,
0.547272,0.640082,0.601569,0.539936,0.521073,0.544664,0.552359,0.432307,0.546186,
0.548021,0.640092,0.602982,0.541349,0.522577,0.544678,0.553772,0.432528,0.546187,
0.548687,0.641092,0.604395,0.541489,0.523,0.545015,0.553775,0.432546,0.548187,
0.548972,0.641101,0.604647,0.541546,0.523046,0.545315,0.555188,0.432725,0.548208,
0.549705,0.641151,0.60606,0.542959,0.523046,0.546728,0.555197,0.432875,0.549621,
0.550397,0.642381,0.607473,0.544372,0.523663,0.54742,0.555309,0.432931,0.549628,
0.550787,0.643012,0.607707,0.544962,0.525076,0.547421,0.555411,0.433058,0.549649,
0.551881,0.644012,0.60912,0.544972,0.525906,0.550247,0.555441,0.4357,0.549653,
0.5525,0.64402,0.609133,0.546385,0.525934,0.550908,0.555564,0.435876,0.552177,
0.554502,0.645433,0.609496,0.547798,0.534028,0.552614,0.556977,0.436077,0.55359,
0.554985,0.645516,0.610909,0.548011,0.535441,0.552648,0.557608,0.436157,0.55359,
0.555129,0.645599,0.611472,0.54802,0.535698,0.552695,0.55761,0.436333,0.553608,
0.555403,0.645938,0.612702,0.548062,0.536006,0.552791,0.557615,0.436493,0.55362,
0.556323,0.646541,0.614115,0.550888,0.536082,0.554915,0.55763,0.436661,0.55375,
0.557413,0.647954,0.614127,0.552301,0.536135,0.556328,0.560456,0.436817,0.555189,
0.559379,0.649367,0.614133,0.553714,0.538961,0.563393,0.561869,0.436996,0.556602,
0.559926,0.65078,0.615546,0.553743,0.538989,0.563393,0.563285,0.436998,0.556673,
0.560008,0.650861,0.615564,0.553744,0.539206,0.563538,0.563296,0.437177,0.556673,
0.560113,0.650862,0.615658,0.553953,0.539254,0.563629,0.563296,0.437297,0.556955,
0.560384,0.650993,0.617071,0.554204,0.539254,0.563689,0.563455,0.437297,0.557109,
0.560451,0.651085,0.617071,0.554382,0.539354,0.563701,0.563465,0.437437,0.557112,
0.561517,0.652498,0.618484,0.554449,0.539422,0.56794,0.563466,0.437509,0.558368,
0.562761,0.653911,0.619897,0.555676,0.539426,0.572179,0.564879,0.437688,0.558432,
0.563147,0.653916,0.619897,0.557089,0.540839,0.57218,0.564899,0.437864,0.558488,
0.563528,0.655329,0.62131,0.557094,0.540875,0.572182,0.564924,0.438009,0.558499,
0.563668,0.65533,0.621402,0.557097,0.541099,0.572843,0.565011,0.438062,0.558501,
0.564775,0.655332,0.622815,0.55851,0.542512,0.575669,0.565027,0.438241,0.560094,
0.565599,0.656745,0.624228,0.559923,0.543426,0.575674,0.56644,0.438257,0.5601,
0.565776,0.656803,0.624509,0.559923,0.544317,0.575676,0.56644,0.438436,0.560104,
0.566166,0.656804,0.624601,0.562749,0.544322,0.575679,0.566443,0.438615,0.560118,
0.566483,0.658217,0.625413,0.562764,0.544349,0.575704,0.566482,0.438808,0.560129,
0.566934,0.659566,0.625436,0.563016,0.544883,0.577117,0.56649,0.438826,0.560134,
0.567493,0.660979,0.625595,0.564642,0.545269,0.577122,0.566975,0.438986,0.560381,
0.568517,0.662392,0.627008,0.564676,0.547912,0.577193,0.568388,0.440131,0.56044,
0.569104,0.662394,0.628421,0.564816,0.549325,0.578606,0.568398,0.440291,0.56058,
0.569628,0.663713,0.629543,0.564916,0.549378,0.578629,0.569811,0.440451,0.560581,
0.570297,0.663759,0.630956,0.566329,0.550791,0.578642,0.569818,0.440705,0.561375,
0.571847,0.663897,0.632369,0.573394,0.5508,0.579259,0.57015,0.44171,0.563199,
0.572598,0.666723,0.63238,0.574807,0.5508,0.579445,0.571563,0.44186,0.563209,
0.573977,0.667678,0.633793,0.57622,0.556452,0.579458,0.571603,0.441986,0.564622,
0.574536,0.669091,0.635206,0.576226,0.556512,0.579469,0.573016,0.44204,0.56473,
0.574866,0.669113,0.635279,0.57625,0.557143,0.579517,0.573396,0.442219,0.56601,
0.575296,0.669136,0.635854,0.577101,0.557474,0.579537,0.574349,0.442398,0.566519,
0.575444,0.669685,0.636068,0.577114,0.557594,0.579537,0.574456,0.442577,0.566524,
0.575486,0.669708,0.636128,0.577115,0.557662,0.579551,0.574466,0.442734,0.566526,
0.575807,0.669736,0.636869,0.577155,0.55792,0.579554,0.574472,0.442811,0.567939,
0.576054,0.66991,0.637073,0.577704,0.557923,0.579559,0.575266,0.44297,0.568027,
0.576729,0.671323,0.637096,0.577895,0.559336,0.579718,0.576682,0.443149,0.56863,
0.577702,0.671398,0.638509,0.580721,0.560749,0.579758,0.578085,0.443328,0.569069,
0.578549,0.672193,0.639922,0.580732,0.563687,0.57978,0.578145,0.443488,0.570446,
0.578625,0.672193,0.640198,0.580734,0.563706,0.579791,0.578297,0.443496,0.570581,
0.578811,0.67223,0.641049,0.581003,0.563839,0.579819,0.578297,0.443656,0.570598,
0.578905,0.672236,0.641574,0.581169,0.563873,0.57982,0.578299,0.443668,0.570604,
0.579127,0.67234,0.642987,0.581179,0.563909,0.579824,0.578357,0.443808,0.570613,
0.579694,0.673753,0.6444,0.581194,0.565322,0.579875,0.578398,0.443903,0.570704,
0.580654,0.673764,0.645813,0.582607,0.56543,0.579944,0.578798,0.448142,0.570734,
0.582054,0.674835,0.646571,0.5848,0.566843,0.581357,0.581459,0.448322,0.572244,
0.583658,0.676248,0.647108,0.586213,0.566865,0.585596,0.586495,0.448493,0.572244,
0.584029,0.67714,0.647109,0.587104,0.567777,0.58562,0.586495,0.448693,0.572297,
0.584388,0.677756,0.647754,0.58712,0.567781,0.585638,0.587171,0.449585,0.572299,
0.584631,0.677847,0.647771,0.587408,0.569194,0.58564,0.587171,0.449719,0.5723,
0.584935,0.677912,0.649184,0.588342,0.5692,0.585645,0.587173,0.449728,0.572301,
0.585012,0.677925,0.649193,0.58835,0.569228,0.585747,0.58718,0.449848,0.572624,
0.587346,0.67817,0.650606,0.597368,0.569341,0.58631,0.591419,0.452674,0.572881,
0.588537,0.679583,0.652019,0.600194,0.570233,0.587723,0.592832,0.452833,0.572882,
0.589809,0.680996,0.653432,0.600394,0.570942,0.592609,0.592833,0.452973,0.574295,
0.590075,0.681122,0.653651,0.60101,0.571039,0.592621,0.593724,0.453133,0.574298,
0.59022,0.681494,0.65366,0.601011,0.571655,0.592623,0.593725,0.453272,0.574316,
0.590443,0.681495,0.655073,0.60104,0.571676,0.592668,0.593729,0.45354,0.574322,
0.590651,0.681513,0.655074,0.602453,0.571704,0.592725,0.59373,0.453679,0.574331,
0.590857,0.682926,0.655075,0.602458,0.571725,0.592734,0.593767,0.453842,0.574331,
0.59139,0.684218,0.655168,0.602474,0.573138,0.594147,0.593767,0.453867,0.574341,
0.59182,0.684221,0.655981,0.602656,0.573164,0.594147,0.593768,0.454068,0.576555,
0.592247,0.684584,0.657394,0.602658,0.573168,0.594248,0.594246,0.455118,0.576561,
0.592523,0.684908,0.657394,0.602659,0.573387,0.594675,0.595477,0.45512,0.576567,
0.592927,0.685127,0.657396,0.604072,0.5748,0.594678,0.595481,0.455277,0.576585,
0.593814,0.687953,0.658809,0.606482,0.574907,0.595015,0.595483,0.455277,0.576585,
0.594792,0.688466,0.659172,0.609308,0.57632,0.595015,0.595483,0.45669,0.57788,
0.595877,0.689879,0.659223,0.609615,0.57632,0.597689,0.596896,0.45669,0.580706,
0.596433,0.68993,0.659223,0.610592,0.577733,0.599504,0.596901,0.456847,0.580736,
0.596839,0.690467,0.660636,0.610624,0.578022,0.600398,0.596977,0.45685,0.580737,
0.596917,0.690474,0.660694,0.610987,0.578052,0.600398,0.596978,0.45701,0.580743,
0.597231,0.691887,0.661325,0.610988,0.578052,0.6004,0.597196,0.457129,0.580874,
0.597656,0.691888,0.661752,0.610991,0.579465,0.600426,0.598609,0.45722,0.580899,
0.598066,0.691903,0.662643,0.611035,0.580878,0.600683,0.598652,0.457399,0.581332,
0.598492,0.692044,0.663765,0.611161,0.582291,0.600803,0.599109,0.457422,0.581341,
0.598788,0.693067,0.664656,0.611174,0.582573,0.600803,0.599227,0.457422,0.581378,
0.599029,0.693103,0.666069,0.611175,0.582691,0.600805,0.599301,0.457601,0.581484,
0.599772,0.693105,0.667482,0.612463,0.582803,0.601136,0.600623,0.457758,0.582808,
0.600183,0.693918,0.667489,0.613876,0.58327,0.601165,0.600837,0.457959,0.582949,
0.601139,0.695331,0.668902,0.613885,0.583798,0.60118,0.605076,0.457982,0.582959,
0.601387,0.695976,0.669348,0.613891,0.584429,0.601236,0.605094,0.458139,0.582979,
0.601685,0.696009,0.670761,0.613929,0.584885,0.601382,0.60511,0.458298,0.583105,
0.602258,0.696942,0.67105,0.615342,0.585145,0.601419,0.606523,0.458477,0.583168,
0.6031,0.698355,0.672463,0.615359,0.587971,0.602217,0.606542,0.458617,0.583272,
0.603847,0.698426,0.673876,0.616772,0.588015,0.602402,0.606551,0.458777,0.585958,
0.604053,0.699426,0.673881,0.616811,0.588144,0.602452,0.60689,0.458809,0.586014,
0.604342,0.6996,0.673954,0.616854,0.588572,0.602453,0.608303,0.458968,0.586031,
0.604778,0.700921,0.674101,0.61686,0.589985,0.602881,0.608308,0.459108,0.586057,
0.605111,0.700925,0.674993,0.618273,0.590061,0.602894,0.608311,0.459354,0.586081,
0.605334,0.701816,0.675023,0.618281,0.590094,0.602915,0.608937,0.459514,0.586091,
0.605974,0.701842,0.676436,0.618282,0.591415,0.60492,0.609226,0.459582,0.586092,
0.606465,0.701845,0.677611,0.619695,0.591615,0.605105,0.609228,0.459741,0.586882,
0.606934,0.701845,0.679024,0.620257,0.591651,0.605195,0.610641,0.459819,0.58704,
0.607348,0.703258,0.679028,0.620273,0.592651,0.605222,0.611365,0.459926,0.587061,
0.60898,0.703329,0.680441,0.620355,0.594064,0.6137,0.611378,0.460102,0.588474,
0.609499,0.703737,0.681854,0.620762,0.594282,0.613894,0.612791,0.460177,0.588498,
0.609626,0.703923,0.681855,0.620764,0.594913,0.613894,0.612799,0.460353,0.588511,
0.610145,0.704381,0.683268,0.620764,0.594984,0.615307,0.6128,0.461096,0.588561,
0.610441,0.704788,0.684681,0.620764,0.594987,0.615671,0.61281,0.461253,0.588573,
0.611281,0.706201,0.684693,0.62079,0.5964,0.616565,0.612814,0.461387,0.591399,
0.611986,0.707614,0.686106,0.622203,0.596423,0.616582,0.613609,0.461487,0.591868,
0.612287,0.709027,0.686121,0.622208,0.59689,0.616594,0.613963,0.461627,0.591868,
0.613034,0.709037,0.686403,0.622242,0.598038,0.620833,0.613964,0.461746,0.592009,
0.613431,0.709058,0.687816,0.623655,0.598147,0.620858,0.614,0.461906,0.592012,
0.613908,0.710471,0.689229,0.624101,0.598472,0.620859,0.614,0.462042,0.592091,
0.614193,0.710562,0.689295,0.62593,0.598474,0.620863,0.614038,0.462202,0.592181,
0.614487,0.710917,0.689307,0.626268,0.599887,0.620879,0.614046,0.462358,0.592233,
0.61602,0.71233,0.69072,0.62716,0.59991,0.622138,0.621111,0.462531,0.592263,
0.616334,0.712879,0.690725,0.627972,0.600801,0.622174,0.621127,0.462682,0.592311,
0.616774,0.713251,0.691162,0.629385,0.600844,0.622199,0.621132,0.462907,0.593313,
0.616991,0.714045,0.691214,0.629391,0.600844,0.622378,0.621748,0.462935,0.593375,
0.617328,0.714045,0.691716,0.629392,0.601406,0.622378,0.623161,0.463136,0.59339,
0.617748,0.714046,0.693129,0.629473,0.602819,0.622442,0.623172,0.463293,0.593613,
0.618119,0.715459,0.693691,0.630149,0.603059,0.62245,0.623231,0.463299,0.593614,
0.618505,0.716872,0.693751,0.630154,0.603092,0.623863,0.623231,0.463463,0.593615,
0.618717,0.716925,0.693913,0.631567,0.603098,0.623865,0.623246,0.463476,0.593643,
0.618944,0.717817,0.693929,0.631658,0.603634,0.623873,0.623328,0.463655,0.593656,
0.619518,0.719299,0.695342,0.631664,0.605047,0.623908,0.623349,0.463814,0.593724,
0.620382,0.71931,0.696755,0.63449,0.605056,0.624863,0.624698,0.463954,0.593927,
0.620877,0.720201,0.696761,0.635093,0.606469,0.624866,0.624718,0.464094,0.594816,
0.621392,0.721614,0.697652,0.635098,0.607882,0.624866,0.624943,0.464233,0.594847,
0.621582,0.721626,0.699065,0.635098,0.607885,0.624868,0.624943,0.464234,0.594935,
0.621609,0.721627,0.699067,0.635099,0.607891,0.624868,0.624952,0.464435,0.594936,
0.62168,0.721631,0.699068,0.635214,0.60793,0.624953,0.624953,0.46456,0.595136,
0.621875,0.72187,0.699267,0.635845,0.607941,0.624992,0.625042,0.464908,0.595137,
0.622488,0.722338,0.70068,0.635907,0.609354,0.626405,0.62516,0.464921,0.595141,
0.622988,0.722969,0.702093,0.636085,0.610767,0.626412,0.625163,0.465122,0.595296,
0.623932,0.724382,0.703506,0.636113,0.610815,0.626512,0.625363,0.469361,0.595402,
0.624122,0.724393,0.703508,0.636144,0.611096,0.627143,0.62537,0.469562,0.595758,
0.624959,0.725348,0.70463,0.637432,0.611165,0.627173,0.625774,0.470975,0.597171,
0.625084,0.725861,0.704865,0.637438,0.611221,0.627224,0.625889,0.470977,0.597201,
0.625358,0.72721,0.705006,0.637583,0.611248,0.627226,0.626211,0.471156,0.597222,
0.625981,0.728623,0.705027,0.637585,0.611819,0.627237,0.626218,0.47129,0.600048,
0.627084,0.728627,0.705134,0.637591,0.611893,0.628284,0.629924,0.471606,0.603613,
0.627734,0.728734,0.705172,0.639004,0.61231,0.628474,0.630414,0.471766,0.606001,
0.628208,0.730147,0.706585,0.639255,0.612488,0.628562,0.630785,0.471839,0.606005,
0.628364,0.730723,0.70679,0.639255,0.612751,0.628608,0.630787,0.471995,0.606007,
0.628915,0.730724,0.708203,0.639271,0.612766,0.628633,0.630787,0.474821,0.606119,
0.629258,0.730732,0.708204,0.639292,0.612822,0.631016,0.630899,0.47498,0.60612,
0.629322,0.730744,0.708209,0.639394,0.613025,0.631027,0.631062,0.474994,0.606124,
0.629529,0.732157,0.708209,0.639396,0.613083,0.631028,0.63108,0.475128,0.606149,
0.629797,0.73216,0.709622,0.6394,0.613446,0.631062,0.631165,0.475289,0.606233,
0.630228,0.732169,0.711035,0.639925,0.614006,0.63113,0.631729,0.475469,0.606364,
0.631378,0.733582,0.712448,0.640719,0.614274,0.635586,0.632523,0.475527,0.606368,
0.631833,0.734995,0.712505,0.642132,0.614799,0.635599,0.632525,0.475702,0.606408,
0.632211,0.736408,0.713918,0.642219,0.614822,0.6356,0.632557,0.475736,0.606429,
0.632455,0.736571,0.713936,0.642221,0.614864,0.635605,0.634096,0.475912,0.606437,
0.633374,0.736581,0.714485,0.642945,0.616277,0.635843,0.636922,0.476091,0.60785,
0.634226,0.737994,0.715898,0.64327,0.61769,0.636047,0.638335,0.47627,0.608302,
0.634533,0.738096,0.716693,0.643286,0.619103,0.636059,0.638371,0.476347,0.608313,
0.634572,0.738096,0.716693,0.643287,0.619108,0.636061,0.638371,0.476466,0.60849,
0.635598,0.738099,0.716981,0.643371,0.61911,0.641713,0.639784,0.476606,0.609119,
0.635977,0.738101,0.717083,0.644784,0.61911,0.64175,0.640907,0.476763,0.609318,
0.636073,0.738101,0.717791,0.644784,0.61911,0.641752,0.640932,0.47679,0.609322,
0.636135,0.738105,0.717835,0.644922,0.619288,0.641753,0.640932,0.476918,0.609327,
0.636475,0.738291,0.719248,0.645858,0.619297,0.641753,0.640939,0.477074,0.609338,
0.636573,0.738291,0.719274,0.646326,0.61956,0.641753,0.640939,0.477097,0.609345,
0.637495,0.739704,0.720687,0.647739,0.620973,0.643202,0.640944,0.477254,0.609459,
0.6383,0.74253,0.7221,0.649152,0.621059,0.643209,0.640987,0.477832,0.609534,
0.638723,0.743943,0.722106,0.649152,0.621138,0.643221,0.6424,0.478011,0.609816,
0.639393,0.743944,0.724932,0.649162,0.621138,0.644634,0.643108,0.478209,0.610016,
0.639631,0.743944,0.726345,0.64956,0.621138,0.644634,0.643158,0.478213,0.610059,
0.639964,0.744178,0.727177,0.650973,0.621138,0.644652,0.64317,0.478364,0.61006,
0.640693,0.745591,0.72859,0.650996,0.622551,0.644654,0.64317,0.478515,0.611473,
0.641072,0.747004,0.729153,0.651012,0.622559,0.644724,0.643733,0.478527,0.611864,
0.641735,0.747483,0.729153,0.65216,0.6232,0.644726,0.646559,0.478706,0.611895,
0.642128,0.748896,0.729172,0.652161,0.624613,0.644748,0.646568,0.47884,0.612023,
0.642185,0.748896,0.729172,0.652225,0.624668,0.644803,0.646843,0.478845,0.612028,
0.643286,0.751722,0.72933,0.653638,0.628907,0.644806,0.646852,0.478985,0.612046,
0.644206,0.753135,0.730743,0.653643,0.629154,0.649045,0.646857,0.478996,0.612077,
0.644571,0.753149,0.732156,0.654534,0.629235,0.649047,0.647196,0.479156,0.612094,
0.645074,0.754562,0.732156,0.654535,0.630309,0.649048,0.647202,0.479275,0.613507,
0.64533,0.754565,0.733569,0.654536,0.630413,0.649133,0.647583,0.47931,0.613532,
0.645567,0.754565,0.73361,0.655949,0.630676,0.649133,0.647583,0.479489,0.613532,
0.645942,0.754565,0.73361,0.655953,0.630804,0.650546,0.647583,0.479527,0.614945,
0.647362,0.755978,0.735023,0.658779,0.630835,0.654785,0.648996,0.47955,0.614947,
0.647557,0.755983,0.735114,0.658782,0.632248,0.654786,0.649002,0.47955,0.614987,
0.649377,0.75644,0.735431,0.658783,0.632312,0.654786,0.651246,0.480963,0.625059,
0.650144,0.756442,0.736844,0.658783,0.633725,0.656199,0.652659,0.480986,0.625518,
0.65062,0.756442,0.738257,0.658783,0.635868,0.656284,0.652659,0.481143,0.625523,
0.650902,0.756442,0.73967,0.659615,0.635873,0.656284,0.652659,0.481143,0.625529,
0.651069,0.756899,0.740077,0.660072,0.635874,0.656286,0.652668,0.481143,0.625529,
0.651875,0.759143,0.740078,0.661247,0.637287,0.65635,0.652668,0.481283,0.626942,
0.653627,0.761969,0.741491,0.664073,0.6387,0.657472,0.654081,0.481462,0.629768,
0.65442,0.763382,0.742904,0.665486,0.640113,0.657585,0.654644,0.481462,0.629784,
0.654868,0.764274,0.744317,0.665518,0.640444,0.657585,0.654759,0.482256,0.629792,
0.655446,0.765687,0.74573,0.665518,0.640602,0.658998,0.65477,0.482413,0.62985,
0.656492,0.765687,0.747143,0.666931,0.640638,0.661824,0.656352,0.482801,0.63056,
0.657711,0.766579,0.747147,0.668344,0.641065,0.661905,0.657765,0.482976,0.635907,
0.658068,0.766752,0.74856,0.668548,0.641134,0.661906,0.657772,0.482985,0.636885,
0.658814,0.769578,0.749973,0.668548,0.641144,0.661907,0.658076,0.484398,0.636885,
0.659263,0.769597,0.750155,0.66864,0.642557,0.66332,0.658236,0.484706,0.636892,
0.659886,0.769854,0.751568,0.669531,0.64397,0.663822,0.658475,0.484885,0.636982,
0.660932,0.771267,0.752981,0.670944,0.645097,0.663981,0.659248,0.485064,0.638875,
0.662175,0.772679,0.754394,0.672357,0.645415,0.664006,0.663487,0.485224,0.639841,
0.66338,0.774092,0.755807,0.672535,0.648241,0.664062,0.663885,0.485403,0.643018,
0.663741,0.774204,0.75637,0.672557,0.648767,0.664067,0.665298,0.485562,0.643103,
0.664237,0.774217,0.756371,0.672695,0.648815,0.66408,0.665306,0.485741,0.646668,
0.665317,0.77563,0.756376,0.674108,0.648928,0.66415,0.669545,0.487097,0.646703,
0.665967,0.776277,0.757789,0.675521,0.650341,0.664399,0.669577,0.48711,0.646723,
0.667118,0.77769,0.759202,0.675726,0.651754,0.668959,0.669583,0.487269,0.646764,
0.667556,0.777856,0.760615,0.677139,0.65185,0.669043,0.669605,0.487375,0.646964,
0.66779,0.779269,0.760624,0.677157,0.651969,0.669065,0.669674,0.487554,0.647009,
0.668818,0.779271,0.760678,0.67857,0.652203,0.669157,0.675326,0.487733,0.647609,
0.670293,0.780684,0.761678,0.678711,0.652203,0.669356,0.675715,0.487909,0.656087,
0.670745,0.780684,0.763091,0.678837,0.653616,0.669436,0.676277,0.487923,0.656093,
0.671205,0.782097,0.763722,0.67885,0.655029,0.669436,0.676291,0.488121,0.656098,
0.671819,0.78351,0.765135,0.67885,0.655176,0.669752,0.6763,0.488322,0.657511,
0.672933,0.78351,0.765625,0.680263,0.655253,0.672578,0.677713,0.490828,0.657696,
0.673433,0.784923,0.765629,0.681676,0.655815,0.672968,0.677738,0.490987,0.657727,
0.673967,0.786336,0.767042,0.681676,0.655815,0.672968,0.677773,0.490987,0.65914,
0.674084,0.786336,0.767042,0.681676,0.655836,0.672968,0.677773,0.491878,0.659161,
0.67491,0.786336,0.767954,0.681676,0.655837,0.672968,0.677805,0.491893,0.664813,
0.675105,0.786336,0.767954,0.681676,0.65725,0.673049,0.67787,0.491893,0.664813,
0.675531,0.786336,0.769367,0.682251,0.657254,0.673051,0.67787,0.491894,0.666226,
0.675888,0.787168,0.769942,0.682259,0.65727,0.673052,0.679283,0.491897,0.666229,
0.676182,0.787363,0.770087,0.682357,0.65727,0.674794,0.679303,0.492032,0.666249,
0.676511,0.787752,0.770327,0.682376,0.658683,0.675133,0.679312,0.492211,0.666296,
0.67693,0.787763,0.77174,0.683447,0.658706,0.67519,0.679875,0.49239,0.666327,
0.67752,0.789176,0.771742,0.683456,0.660119,0.675232,0.679878,0.492591,0.667968,
0.677801,0.789181,0.773155,0.683513,0.660156,0.675353,0.68044,0.492625,0.667985,
0.678331,0.789307,0.774568,0.684926,0.661228,0.675368,0.680441,0.492826,0.667985,
0.679201,0.789405,0.775981,0.685383,0.661236,0.675431,0.680442,0.497712,0.668017,
0.679287,0.789583,0.775981,0.685384,0.661313,0.67582,0.680445,0.497754,0.668018,
0.679516,0.789583,0.775981,0.685908,0.661456,0.675955,0.680568,0.49777,0.668909,
0.680094,0.789587,0.776046,0.685918,0.662869,0.675976,0.683394,0.498025,0.668938,
0.680249,0.789707,0.776559,0.685972,0.663193,0.675996,0.683436,0.498185,0.668945,
0.6812,0.79112,0.777972,0.685984,0.663488,0.676197,0.683438,0.498217,0.673183,
0.681407,0.791633,0.778497,0.686162,0.663602,0.67621,0.683583,0.498376,0.673191,
0.681579,0.791949,0.778515,0.686168,0.663859,0.6764,0.683812,0.498536,0.67339,
0.682891,0.791995,0.779928,0.688994,0.667399,0.676934,0.685225,0.498696,0.673955,
0.683887,0.794821,0.781341,0.689569,0.668812,0.676997,0.686565,0.498855,0.674135,
0.684498,0.796234,0.782754,0.689659,0.669624,0.677108,0.687382,0.499015,0.674211,
0.684732,0.796291,0.784167,0.689665,0.669756,0.67714,0.687391,0.499194,0.674248,
0.685004,0.797704,0.784256,0.689696,0.669826,0.677496,0.687447,0.49933,0.674277,
0.685292,0.797804,0.784278,0.691109,0.670143,0.677546,0.687455,0.499506,0.674495,
0.687653,0.798926,0.78484,0.691154,0.678621,0.67884,0.687572,0.499707,0.68156,
0.688194,0.799016,0.786253,0.691832,0.680034,0.678907,0.68797,0.499933,0.681604,
0.688642,0.799867,0.787666,0.691836,0.680967,0.678963,0.688028,0.500185,0.681622,
0.688857,0.799868,0.789079,0.691855,0.680977,0.679001,0.68806,0.500386,0.681627,
0.689949,0.801098,0.789261,0.693268,0.682419,0.681827,0.688071,0.500729,0.682921,
0.690548,0.802511,0.79052,0.694681,0.682428,0.68184,0.688747,0.500732,0.682925,
0.691042,0.802563,0.790635,0.694704,0.683841,0.682742,0.688762,0.500874,0.684213,
0.692658,0.802886,0.792048,0.698943,0.685254,0.684956,0.690175,0.501016,0.685987,
0.693091,0.803594,0.792756,0.699113,0.686667,0.685026,0.69037,0.501159,0.686047,
0.693575,0.804021,0.794169,0.699126,0.687146,0.685045,0.690464,0.50117,0.68746,
0.693844,0.804028,0.795582,0.699129,0.687169,0.685126,0.690944,0.501312,0.687467,
0.694739,0.804079,0.796995,0.700083,0.688582,0.687116,0.691036,0.501492,0.688531,
0.695586,0.806905,0.798408,0.701496,0.688618,0.687197,0.691851,0.501652,0.688558,
0.696856,0.808318,0.798484,0.702909,0.691444,0.689721,0.69291,0.501831,0.689232,
0.698343,0.809318,0.799897,0.705735,0.691863,0.690034,0.697149,0.50201,0.690739,
0.698739,0.810731,0.799963,0.705761,0.692754,0.690384,0.697304,0.502189,0.690824,
0.69893,0.810745,0.800739,0.705773,0.693201,0.690427,0.697339,0.502368,0.690845,
0.699213,0.810785,0.802152,0.706404,0.693217,0.69049,0.697386,0.502406,0.69086,
0.699808,0.812165,0.802158,0.706784,0.695978,0.690516,0.697393,0.502566,0.690908,
0.70044,0.813578,0.803571,0.706792,0.695993,0.690628,0.698517,0.503015,0.691427,
0.700856,0.814991,0.803576,0.70682,0.697406,0.690679,0.698726,0.503174,0.691472,
0.701335,0.815031,0.804989,0.70782,0.698406,0.690691,0.698837,0.50318,0.691723,
0.701819,0.815594,0.806402,0.708843,0.69844,0.690698,0.69953,0.503322,0.691726,
0.702654,0.817007,0.806648,0.708875,0.699853,0.692484,0.699556,0.505009,0.691798,
0.70307,0.817096,0.808061,0.710288,0.699862,0.692521,0.699675,0.505169,0.691889,
0.705469,0.818509,0.808574,0.711576,0.701568,0.695347,0.70674,0.505311,0.696128,
0.706825,0.819771,0.809987,0.712989,0.702981,0.698721,0.708153,0.505471,0.696531,
0.707811,0.821184,0.810781,0.713291,0.703262,0.699568,0.708173,0.50565,0.700577,
0.708142,0.821978,0.810821,0.713614,0.703456,0.699596,0.709173,0.505829,0.700673,
0.708419,0.823049,0.811025,0.713622,0.704087,0.699656,0.709183,0.505985,0.700743,
0.708664,0.823065,0.812438,0.713634,0.70422,0.699685,0.709192,0.506302,0.700779,
0.708914,0.823099,0.81249,0.715047,0.704243,0.69976,0.709396,0.506481,0.700798,
0.710759,0.824512,0.813903,0.71646,0.705656,0.701439,0.70945,0.511032,0.703624,
0.711394,0.825925,0.815316,0.716897,0.705677,0.701525,0.710863,0.511211,0.703736,
0.712859,0.827338,0.815586,0.718045,0.70709,0.701902,0.715562,0.511371,0.70598,
0.713788,0.827998,0.816999,0.719458,0.707751,0.702344,0.716975,0.511531,0.707245,
0.714129,0.82889,0.817415,0.719481,0.708642,0.702406,0.717189,0.51169,0.707321,
0.714257,0.828904,0.817965,0.719492,0.708774,0.702518,0.717203,0.511833,0.707371,
0.714604,0.828911,0.818759,0.720905,0.708913,0.702563,0.71722,0.512133,0.707424,
0.714649,0.828911,0.818816,0.720911,0.70894,0.702676,0.717225,0.512252,0.70746,
0.715982,0.828928,0.820229,0.720991,0.713179,0.704089,0.717789,0.512371,0.710286,
0.716696,0.828992,0.821642,0.721417,0.714592,0.704277,0.718911,0.512597,0.711141,
0.717283,0.830405,0.82204,0.721441,0.716005,0.704403,0.719958,0.512768,0.711247,
0.717872,0.831818,0.823453,0.721486,0.717418,0.704439,0.719964,0.512969,0.711427,
0.718213,0.831858,0.824712,0.722608,0.717494,0.704539,0.719982,0.513058,0.711457,
0.718432,0.833271,0.824716,0.722617,0.717535,0.704561,0.719984,0.513284,0.711489,
0.720196,0.833634,0.824733,0.722638,0.717564,0.705302,0.72281,0.521013,0.713872,
0.721006,0.833666,0.826146,0.723397,0.718977,0.70534,0.724223,0.522426,0.713873,
0.722019,0.833671,0.827559,0.723419,0.724094,0.706753,0.724224,0.522466,0.713966,
0.722772,0.835084,0.828972,0.72405,0.724098,0.707314,0.725637,0.522606,0.714414,
0.723575,0.836497,0.82898,0.725959,0.725511,0.707472,0.72705,0.522667,0.714461,
0.72397,0.837099,0.829871,0.725999,0.726924,0.707499,0.727054,0.522826,0.714486,
0.724176,0.837155,0.831284,0.726004,0.726929,0.707527,0.727063,0.52287,0.714572,
0.724537,0.837536,0.831352,0.727417,0.726964,0.708336,0.727079,0.523012,0.714602,
0.725062,0.838658,0.832765,0.72883,0.726977,0.708415,0.727087,0.523119,0.714644,
0.725443,0.840071,0.834178,0.728839,0.726982,0.708451,0.727095,0.523261,0.714664,
0.725663,0.840087,0.834187,0.728855,0.728395,0.70864,0.727112,0.523341,0.714684,
0.72608,0.840187,0.835078,0.728891,0.729808,0.709314,0.727124,0.523501,0.714741,
0.726648,0.840422,0.836491,0.730304,0.729812,0.709425,0.728249,0.523568,0.714912,
0.727042,0.841835,0.836494,0.730319,0.731225,0.709466,0.728278,0.523769,0.71495,
0.727348,0.841845,0.837907,0.730323,0.731234,0.709498,0.728287,0.523945,0.715744,
0.727651,0.841845,0.837911,0.731582,0.731248,0.710096,0.728789,0.523968,0.715769,
0.727947,0.842569,0.838213,0.73198,0.731893,0.710107,0.72887,0.524147,0.715799,
0.728483,0.843982,0.839626,0.731983,0.733042,0.710308,0.728878,0.5242,0.715846,
0.728721,0.84404,0.841039,0.732124,0.733046,0.710335,0.728953,0.52436,0.715869,
0.72895,0.844165,0.841047,0.733537,0.733068,0.710461,0.729014,0.524407,0.715901,
0.729459,0.845578,0.841692,0.733626,0.734481,0.710487,0.729103,0.52455,0.716155,
0.73161,0.846991,0.843105,0.733632,0.735894,0.71755,0.731929,0.527557,0.716225,
0.732301,0.846993,0.844518,0.735045,0.737307,0.718651,0.731944,0.527699,0.716252,
0.732828,0.848252,0.845931,0.736458,0.73731,0.718652,0.732003,0.527762,0.716252,
0.733055,0.848255,0.846024,0.736459,0.737555,0.718678,0.732008,0.527792,0.717665,
0.733761,0.848284,0.847437,0.736646,0.737628,0.719513,0.734834,0.527911,0.717831,
0.734683,0.849697,0.84885,0.738059,0.739041,0.719714,0.736247,0.527969,0.717888,
0.735249,0.85111,0.850263,0.738094,0.740454,0.719731,0.73627,0.528148,0.717918,
0.735649,0.852523,0.851676,0.738099,0.740462,0.719858,0.736281,0.528283,0.718013,
0.735801,0.852526,0.851693,0.738119,0.740484,0.720126,0.736301,0.529077,0.718084,
0.736917,0.853418,0.851722,0.739532,0.740985,0.721175,0.739456,0.529278,0.719771,
0.737831,0.854831,0.853135,0.740163,0.742398,0.722431,0.740456,0.529311,0.71992,
0.738263,0.855119,0.854548,0.740273,0.743811,0.722465,0.740465,0.52949,0.719931,
0.738502,0.85531,0.855961,0.740275,0.743827,0.722515,0.740468,0.52961,0.72005,
0.738639,0.855344,0.85597,0.740339,0.743863,0.722627,0.740512,0.52977,0.720684,
0.739464,0.856757,0.855994,0.740474,0.746689,0.723183,0.741925,0.529929,0.72076,
0.73986,0.856759,0.857407,0.740632,0.748102,0.723234,0.741926,0.529931,0.720889,
0.740071,0.856859,0.85882,0.740648,0.748103,0.723236,0.741936,0.530073,0.720891,
0.740312,0.858272,0.85882,0.740649,0.748254,0.723262,0.741937,0.530096,0.721207,
0.740837,0.858276,0.860233,0.742062,0.749125,0.723264,0.742127,0.530203,0.721403,
0.741828,0.859689,0.860298,0.743475,0.751951,0.723266,0.74354,0.530995,0.721408,
0.741941,0.859689,0.860522,0.743475,0.752408,0.723291,0.74354,0.530998,0.721607,
0.742588,0.859844,0.860979,0.744888,0.752416,0.723326,0.744953,0.53114,0.72316,
0.743391,0.861257,0.860986,0.744906,0.753829,0.723924,0.747779,0.53126,0.723188,
0.74409,0.86267,0.862399,0.745468,0.755242,0.723987,0.747794,0.531436,0.723723,
0.744649,0.864083,0.863812,0.746359,0.755252,0.724303,0.748082,0.531502,0.723801,
0.744932,0.865496,0.863813,0.746384,0.755365,0.724308,0.748562,0.531703,0.723822,
0.745162,0.865521,0.863909,0.746386,0.756778,0.724409,0.748567,0.531859,0.723867,
0.745631,0.865521,0.865322,0.747386,0.756788,0.72442,0.748607,0.533118,0.723883,
0.745973,0.865521,0.865328,0.748799,0.756811,0.725145,0.748931,0.533275,0.723978,
0.746609,0.866934,0.865829,0.750212,0.756812,0.725432,0.748981,0.53328,0.725391,
0.746938,0.867729,0.867242,0.750276,0.75684,0.725436,0.749151,0.53344,0.725393,
0.747418,0.868729,0.867524,0.750277,0.758253,0.725562,0.749152,0.533559,0.726289,
0.748042,0.86873,0.868937,0.750357,0.758254,0.725607,0.74986,0.533679,0.728913,
0.748511,0.868781,0.868939,0.75177,0.758722,0.72582,0.751273,0.533819,0.728963,
0.749215,0.870194,0.870198,0.751887,0.760135,0.725821,0.751273,0.533839,0.730376,
0.749668,0.87084,0.871611,0.751893,0.76014,0.725827,0.752686,0.533959,0.730386,
0.750095,0.871731,0.871622,0.752809,0.761553,0.72589,0.75269,0.534066,0.7304,
0.751592,0.873144,0.872513,0.754222,0.762966,0.730129,0.752692,0.534225,0.732844,
0.752431,0.874557,0.873926,0.754504,0.762971,0.730629,0.755518,0.534382,0.732959,
0.752621,0.874757,0.873935,0.754566,0.763971,0.730631,0.755532,0.534539,0.733038,
0.752916,0.874796,0.874566,0.754567,0.765384,0.730701,0.755541,0.534696,0.73308,
0.753223,0.874797,0.875979,0.754575,0.765402,0.730744,0.755857,0.535258,0.733171,
0.753528,0.874803,0.87599,0.755988,0.765641,0.731115,0.75588,0.535459,0.733343,
0.754399,0.874803,0.877403,0.757401,0.767054,0.73121,0.756381,0.535473,0.735467,
0.754672,0.876216,0.877585,0.757409,0.767249,0.731217,0.756572,0.535652,0.735471,
0.754939,0.876244,0.878262,0.757413,0.767925,0.731574,0.756574,0.535809,0.735709,
0.75581,0.876252,0.878633,0.758826,0.76793,0.7326,0.75662,0.535943,0.739681,
0.756152,0.877046,0.878641,0.759128,0.767981,0.732684,0.757908,0.536083,0.739744,
