0.000485625,0.000224404,0.000446684,0.000125594,3.98107e-05,7.07946e-05,0.001413,0.000562341,0.00100237,
0.000613961,0.0002315,0.000457904,0.000282305,4.26105e-05,7.31388e-05,0.00218925,0.000599495,0.00103549,
0.000646933,0.000232477,0.000460097,0.000376297,5.25444e-05,8.24714e-05,0.00223602,0.000658379,0.00107717,
0.00071681,0.000282596,0.00050687,0.000432531,0.000265432,0.000103364,0.00232935,0.000683332,0.00113101,
0.00077225,0.000394798,0.000595995,0.000446656,0.000274366,0.000119213,0.00246424,0.000707162,0.00117557,
0.000870641,0.000465592,0.000603758,0.000951422,0.000290215,0.000130433,0.00247837,0.000786595,0.00125874,
0.000894512,0.000483375,0.000621583,0.000956792,0.000296525,0.000162793,0.00251073,0.000829253,0.00129505,
0.00092354,0.000522739,0.000629711,0.00097918,0.000323568,0.000210656,0.00256321,0.000853241,0.00130602,
0.000974806,0.000602172,0.000651091,0.00105861,0.000423568,0.00028145,0.00258459,0.00087836,0.00131861,
0.00144883,0.00060346,0.00144542,0.00109409,0.000504658,0.000636264,0.00298269,0.00188073,0.00244329,
0.00178822,0.000604168,0.00146833,0.0013185,0.000527046,0.00141251,0.00439569,0.00208491,0.00249457,
0.00181674,0.000613123,0.00148027,0.00132972,0.000539635,0.00147858,0.00441229,0.00215939,0.00252088,
0.00183639,0.000631033,0.00150116,0.00133386,0.000546198,0.00148448,0.00441647,0.00223615,0.00254177,
0.00196843,0.000888683,0.00162999,0.00152315,0.000680203,0.00169828,0.00445721,0.00228743,0.00258251,
0.00201789,0.000959477,0.00168622,0.00157938,0.000700156,0.00180061,0.00450849,0.00229,0.00261882,
0.00207414,0.00100415,0.0016977,0.00158053,0.000856866,0.00181791,0.00452891,0.00231042,0.00279664,
0.00213478,0.00102048,0.00170059,0.00159142,0.000868321,0.00182248,0.00484514,0.00241275,0.00281706,
0.00219847,0.00110923,0.00180505,0.00164896,0.000979263,0.00188705,0.00484514,0.00247029,0.00284277,
0.00228023,0.00114471,0.00186815,0.001906,0.000999216,0.00214409,0.00484514,0.00248853,0.002846,
0.00255698,0.00118452,0.00211934,0.003319,0.00104399,0.00224117,0.00485159,0.00268806,0.00300818,
0.00268041,0.00122433,0.00219877,0.00363523,0.00115853,0.0024708,0.00490928,0.00274694,0.00309938,
0.0028233,0.00132457,0.00242786,0.00372035,0.00124309,0.00273445,0.00511345,0.00287313,0.0031495,
0.0030059,0.00142457,0.00260611,0.00407516,0.00129643,0.00313256,0.00533732,0.00292325,0.00325183,
0.00317802,0.00155076,0.00263123,0.00423365,0.00136756,0.00338434,0.00558685,0.00312278,0.00354695,
0.00335528,0.00160699,0.00268759,0.00454988,0.00142742,0.00363553,0.00569905,0.00343181,0.00380399,
0.00349712,0.00174825,0.00281349,0.00480166,0.00162471,0.00379041,0.00579905,0.0034949,0.00390447,
0.00356217,0.00190673,0.00284897,0.0048579,0.00166461,0.00386984,0.00583068,0.00357434,0.00394428,
0.00377516,0.00199586,0.00289909,0.00525506,0.00180428,0.00409893,0.0059198,0.00392915,0.00429909,
0.0041782,0.00209819,0.00296988,0.00550625,0.0018294,0.00538718,0.00658049,0.00449149,0.00456274,
0.00485613,0.00222408,0.00330649,0.00676219,0.0032424,0.00664611,0.00675832,0.00494858,0.00496085,
0.00514784,0.00250659,0.00385603,0.00701338,0.00330956,0.00700092,0.00728313,0.00506607,0.00514706,
0.00524327,0.00263248,0.00387191,0.00704726,0.00346627,0.00703894,0.00735074,0.0052656,0.00527295,
0.0054091,0.00267417,0.00390354,0.00706075,0.00361699,0.00743705,0.00739551,0.00571228,0.00547248,
0.00552212,0.00270437,0.00395977,0.00709238,0.00364211,0.00779186,0.00743099,0.00599412,0.00556139,
0.0056344,0.00279349,0.00403057,0.0071425,0.00379882,0.00800079,0.007565,0.00611189,0.00563219,
0.00575231,0.00284361,0.00410136,0.00728375,0.00388337,0.008187,0.00770625,0.00620309,0.00581001,
0.00601568,0.00288828,0.00427877,0.007425,0.00401769,0.00859438,0.00808393,0.00661047,0.00622688,
0.00629962,0.0029384,0.00434956,0.00764888,0.00406247,0.0097164,0.00837905,0.00692745,0.00637479,
0.00653245,0.0031767,0.00452739,0.0078484,0.00415201,0.0100879,0.00845318,0.00724367,0.00677027,
0.00672281,0.00325613,0.00455901,0.00799631,0.00423657,0.0107959,0.0085033,0.00736987,0.00706539,
0.00697502,0.00334526,0.00460368,0.00844406,0.0043493,0.0110777,0.00878514,0.00749869,0.00769635,
0.00707605,0.00342469,0.00465991,0.00850029,0.00437749,0.0112555,0.00886457,0.00766087,0.00786505,
0.00719138,0.00347481,0.00474904,0.00857972,0.00457477,0.011328,0.00895412,0.00794928,0.00792129,
0.00734563,0.00356393,0.00480527,0.00864282,0.00465932,0.0118903,0.00902491,0.00813125,0.00804718,
0.00756514,0.00364337,0.00516177,0.00878441,0.00483516,0.0123474,0.00910435,0.00830907,0.00833558,
0.00772759,0.00369348,0.00522487,0.0090356,0.00491971,0.0125986,0.00933343,0.00853816,0.00847684,
0.00798529,0.00379372,0.00536612,0.00948334,0.00498295,0.0130453,0.00961527,0.00886175,0.00873388,
0.00816154,0.00384384,0.00543692,0.00970721,0.00503932,0.0136762,0.0097355,0.00904,0.00881331,
0.00827619,0.00394408,0.00548159,0.00993109,0.00518024,0.0138582,0.00976434,0.0091659,0.0088841,
0.00840114,0.00398875,0.00555238,0.0100124,0.00527511,0.0141744,0.00985766,0.0092781,0.00907031,
0.00863194,0.0041391,0.00565238,0.010352,0.0054016,0.0144764,0.0102379,0.00950197,0.00929418,
0.00880561,0.00418377,0.00571548,0.0105759,0.00546484,0.0149231,0.0105197,0.00960197,0.00946014,
0.00895445,0.00428401,0.00584137,0.0107998,0.00562296,0.0149721,0.0105858,0.00976046,0.00976917,
0.00906583,0.00434024,0.0059208,0.0108489,0.00574945,0.0151671,0.0107556,0.00984959,0.00989506,
0.00924831,0.00445271,0.00597092,0.0111042,0.00590756,0.0153713,0.0110068,0.00996179,0.0102113,
0.00941383,0.00450894,0.00604172,0.0113281,0.00600243,0.0156733,0.0113088,0.010074,0.0103735,
0.0095352,0.00455906,0.00613084,0.0114403,0.00621532,0.0159131,0.0114,0.0101371,0.0104859,
0.0096495,0.00462216,0.00620497,0.0115633,0.00635724,0.016137,0.0114282,0.0102493,0.0106339,
0.00980529,0.00472216,0.0062791,0.0118157,0.00657013,0.0163276,0.0115282,0.0103615,0.010838,
0.0099689,0.00481128,0.00633799,0.0121184,0.00665468,0.0165674,0.0118444,0.0104615,0.0109555,
0.0100816,0.0048614,0.00641761,0.0121815,0.00682379,0.0167412,0.0119793,0.0105995,0.0110488,
0.0101929,0.00491152,0.00647384,0.0123045,0.00694938,0.0168412,0.0120627,0.0108037,0.0111968,
0.0103783,0.00503741,0.00653694,0.0125139,0.00704986,0.0173424,0.0121945,0.0110549,0.0112968,
0.0105638,0.00509365,0.00660003,0.0127135,0.00716259,0.0177405,0.0124399,0.0113374,0.0114226,
0.0107014,0.00514988,0.00663994,0.0128026,0.00726307,0.0180224,0.0125658,0.0116192,0.0115485,
0.0109307,0.0052,0.00670304,0.0131803,0.00738866,0.0187303,0.0126658,0.0118704,0.011707,
0.0110638,0.00524467,0.00678247,0.0133219,0.00744503,0.0189815,0.0127658,0.0120117,0.0119576,
0.0111683,0.00538626,0.00685326,0.0134997,0.00755777,0.0190937,0.0128366,0.0121117,0.0120077,
0.0112863,0.00542607,0.00689307,0.0137695,0.00758288,0.0192887,0.0129366,0.0122239,0.0121699,
0.0114608,0.00546588,0.00693774,0.014056,0.00775199,0.0195578,0.013225,0.0123557,0.0123359,
0.0115847,0.00553667,0.00699398,0.0142338,0.00783654,0.0198397,0.013434,0.0123873,0.0124153,
0.0116607,0.00557649,0.00709398,0.0143046,0.00800564,0.0198844,0.0135066,0.0124668,0.0124469,
0.0117399,0.00562115,0.00714409,0.0143495,0.00814656,0.0199639,0.0135697,0.0126147,0.01251,
0.0118744,0.00572881,0.00727207,0.0144126,0.00817168,0.020259,0.0137282,0.0126941,0.0127288,
0.0120774,0.00586282,0.0073515,0.0146638,0.00822805,0.0206221,0.0140444,0.0128936,0.0129527,
0.0122621,0.00595216,0.0074637,0.0148876,0.00828441,0.0209769,0.0142533,0.0129539,0.0133251,
0.0123914,0.00599197,0.0075345,0.0150831,0.00842533,0.0210971,0.0143136,0.0131317,0.0135542,
0.0125127,0.0060813,0.00757431,0.0151684,0.00853807,0.0212669,0.0144834,0.0132208,0.013768,
0.0126557,0.0061521,0.0076451,0.0153198,0.00867899,0.0214489,0.0147464,0.0134204,0.013834,
0.0127722,0.00619191,0.0077573,0.0154456,0.00879172,0.0217001,0.0147881,0.0135095,0.0139929,
0.0129014,0.00623172,0.0078204,0.0156323,0.00893264,0.0218821,0.0148528,0.0137184,0.0141408,
0.0130423,0.00627153,0.0078835,0.0157739,0.00909076,0.0222132,0.0149528,0.0137979,0.0143546,
0.0131578,0.00631134,0.00793973,0.0159151,0.00923168,0.0223577,0.015065,0.0139979,0.014444,
0.0132418,0.00635115,0.0079961,0.0159714,0.0093726,0.0224808,0.0151152,0.0140773,0.0145698,
0.0133534,0.00639096,0.00805233,0.0160836,0.00945715,0.0227378,0.015139,0.0142185,0.0147477,
0.0134378,0.00642644,0.00811543,0.0161903,0.00958394,0.0228086,0.0151579,0.0143598,0.0148599,
0.0135413,0.00646625,0.00819486,0.0162047,0.00972486,0.0228998,0.0151761,0.014522,0.0151417,
0.0136728,0.00653342,0.00829486,0.0162842,0.00978122,0.0232234,0.0152761,0.0145961,0.0153929,
0.0138631,0.00657808,0.00835109,0.0167319,0.00989396,0.0235185,0.0155216,0.0147546,0.0155551,
0.0139904,0.00669752,0.0085755,0.016795,0.00997851,0.023718,0.0156661,0.0147993,0.0156931,
0.0140709,0.00676831,0.00862562,0.0169366,0.0101194,0.0237975,0.0157163,0.0148884,0.0157155,
0.0141645,0.00683927,0.00866543,0.0169867,0.0102199,0.0239597,0.0157479,0.0149678,0.0159293,
0.0142546,0.00687909,0.00872166,0.0170577,0.0103608,0.0241416,0.0157834,0.015051,0.0160415,
0.0143559,0.0069189,0.00882166,0.0171624,0.0104864,0.0243236,0.0158881,0.0151251,0.0161209,
0.0144917,0.00698986,0.00888476,0.0172883,0.0105869,0.0245098,0.0160503,0.015303,0.0163209,
0.0146453,0.00706948,0.00899696,0.0174085,0.0106996,0.0249079,0.016148,0.0153921,0.0165397,
0.014778,0.00710929,0.00904708,0.0176597,0.010775,0.0250701,0.016248,0.0155239,0.0167909,
0.0149248,0.00718891,0.00908256,0.0178421,0.0109006,0.0252113,0.0164668,0.015613,0.0170929,
0.0150446,0.00722872,0.00912723,0.0179314,0.0110262,0.0253933,0.016718,0.015713,0.0172188,
0.0151422,0.00726853,0.00919032,0.0180248,0.0111671,0.0256388,0.0167742,0.0158022,0.0172714,
0.0152269,0.00733933,0.00924044,0.0180908,0.0112927,0.025843,0.0167929,0.0158653,0.0173508,
0.0153031,0.00737914,0.00929056,0.0181653,0.011418,0.0259138,0.0168164,0.0159653,0.0174767,
0.0154251,0.00744536,0.00932771,0.0182804,0.0115436,0.0261087,0.0168888,0.0161515,0.0176546,
0.015587,0.00748518,0.00959509,0.0183804,0.0116,0.0265874,0.017001,0.0162515,0.0177958,
0.0157025,0.00756461,0.00972098,0.0184636,0.0117691,0.0267611,0.0170943,0.0163765,0.0178699,
0.0158097,0.00761473,0.00977722,0.0185298,0.0118818,0.0269015,0.0172422,0.016456,0.0180741,
0.0159583,0.00774873,0.00994357,0.0187165,0.011907,0.0270637,0.017313,0.0166181,0.018356,
0.0161127,0.0077934,0.0100067,0.0190484,0.0120197,0.0273872,0.0174022,0.0166889,0.0185555,
0.0162592,0.0078642,0.0101067,0.0192479,0.0121888,0.027458,0.0176906,0.0167838,0.0187333,
0.0163303,0.00790886,0.0101629,0.019281,0.0123015,0.0274863,0.01777,0.0168729,0.0188592,
0.0163985,0.00795353,0.010226,0.0194219,0.0123579,0.0275004,0.0178016,0.0170389,0.0188874,
0.0165465,0.00801663,0.0103845,0.0195414,0.0124706,0.0276999,0.0178578,0.0172901,0.0191113,
0.0166681,0.00805644,0.010497,0.0196826,0.0126397,0.0278584,0.0179837,0.0173901,0.0192371,
0.0167981,0.00809625,0.0105532,0.0199065,0.0127525,0.0279815,0.0181422,0.017516,0.0194367,
0.0169345,0.00823025,0.0106654,0.0199916,0.0128473,0.0282633,0.0182544,0.0176745,0.0195489,
0.0170801,0.00827492,0.0107362,0.0201175,0.0130055,0.0286181,0.0184352,0.0177636,0.0196901,
0.0172127,0.00843379,0.0107809,0.0202524,0.0131464,0.0287469,0.0185554,0.0179048,0.0198807,
0.0173235,0.00847846,0.0108255,0.0203646,0.0132873,0.0289054,0.0187692,0.017994,0.0199639,
0.0174391,0.00852312,0.0108702,0.0204905,0.0134282,0.0290874,0.0188843,0.0181759,0.020053,
0.0175629,0.00856294,0.0109264,0.0206193,0.0135691,0.0294505,0.0189569,0.0182651,0.020153,
0.017664,0.00864256,0.0110386,0.0207126,0.0136819,0.0296324,0.0190401,0.0183213,0.0202421,
0.0177671,0.00872199,0.0110949,0.0208572,0.0137946,0.0297032,0.0192221,0.0184007,0.0203421,
0.0178797,0.00880161,0.0111347,0.0209749,0.0138951,0.0298654,0.0193092,0.0185007,0.0205559,
0.0180357,0.00888104,0.0111793,0.0212819,0.0140207,0.0300842,0.0194267,0.0187298,0.0206818,
0.018188,0.00896048,0.0112424,0.0216376,0.0141334,0.0304004,0.0195679,0.0187799,0.0207818,
0.0182774,0.00900515,0.0112987,0.0217635,0.0142743,0.030432,0.0196656,0.0189421,0.0208382,
0.0183645,0.00904981,0.0113618,0.0218427,0.0144716,0.0304719,0.0196856,0.0191241,0.020909,
0.0184674,0.0090853,0.011418,0.0218874,0.0145844,0.0307881,0.0197418,0.0192132,0.0210212,
0.018627,0.00926397,0.0115302,0.0220286,0.0146597,0.0309701,0.0199003,0.019391,0.0212723,
0.0187939,0.00930864,0.0115933,0.0222282,0.0147443,0.0312519,0.0203368,0.0194742,0.0214136,
0.0189456,0.00939797,0.0116331,0.0224277,0.014857,0.0314141,0.020426,0.0196155,0.0217938,
0.0190468,0.00943778,0.0117039,0.0225428,0.0149697,0.031596,0.0205001,0.0197046,0.0219197,
0.0191745,0.00948245,0.011793,0.0227365,0.0151388,0.031778,0.0206413,0.0198168,0.0220088,
0.0192798,0.00955325,0.0118493,0.0229143,0.0152142,0.0318982,0.0207562,0.0198962,0.0221567,
0.0193907,0.00964258,0.0119493,0.0230492,0.0153269,0.0321024,0.0208495,0.0199463,0.022259,
0.0195017,0.00968725,0.0120201,0.0231667,0.0154397,0.0322802,0.0209542,0.0200942,0.0223712,
0.0196763,0.00982126,0.0120702,0.023308,0.0155524,0.0325754,0.0211946,0.0202721,0.0226167,
0.019842,0.00986593,0.012141,0.0235075,0.015637,0.033022,0.0214134,0.0203843,0.0227646,
0.019964,0.00993672,0.0122301,0.0236853,0.0157877,0.0331919,0.0215452,0.0205255,0.0228093,
0.0200531,0.00998139,0.0122932,0.0237456,0.0158881,0.0333504,0.0215652,0.0206255,0.0229753,
0.0202112,0.0100522,0.012364,0.0238087,0.0160389,0.0335691,0.0217901,0.0208345,0.0232323,
0.0203774,0.0101316,0.0124271,0.0239865,0.0161234,0.0340939,0.0219486,0.0209345,0.0233735,
0.020502,0.0101763,0.0125067,0.0240756,0.0162741,0.0342677,0.0221725,0.021052,0.023491,
0.0206176,0.0103352,0.0125698,0.0241627,0.0163746,0.0343749,0.0222576,0.0212339,0.0236323,
0.0207858,0.0104146,0.0126145,0.0245184,0.0164873,0.034579,0.02247,0.0214117,0.0237908,
0.0209178,0.0104593,0.0126543,0.0246962,0.0165627,0.0348029,0.0226939,0.0215563,0.0239167,
0.0210211,0.0105039,0.0127174,0.0248221,0.0167134,0.0348675,0.0228934,0.0216711,0.0239798,
0.0211059,0.0105933,0.0128065,0.0248868,0.0168261,0.0349488,0.0229332,0.0217833,0.0240689,
0.0212316,0.0106379,0.0128773,0.0250805,0.0169671,0.0351626,0.0229907,0.0219092,0.0242274,
0.0213901,0.0107174,0.0129664,0.0252093,0.017108,0.0355174,0.0231949,0.0219983,0.0244094,
0.021505,0.010762,0.0130226,0.0253093,0.0172489,0.0356993,0.0233727,0.0221323,0.0244925,
0.0216176,0.0108514,0.0131349,0.0254382,0.0173616,0.0357556,0.0234303,0.0222945,0.0246745,
0.021765,0.0108912,0.0132056,0.0257382,0.0174119,0.036044,0.0236345,0.0223945,0.0248004,
0.0219293,0.0109805,0.0132373,0.0261372,0.0174682,0.036239,0.0239163,0.0224653,0.0249909,
0.0220354,0.0110698,0.0133081,0.026307,0.0176092,0.0363869,0.0240365,0.0225008,0.0250651,
0.0221081,0.0111145,0.0133789,0.0264006,0.0177096,0.036461,0.024066,0.0225899,0.0251445,
0.0222112,0.0112039,0.0134351,0.0264891,0.0178505,0.0365442,0.0241572,0.022679,0.0253307,
0.0223373,0.0112684,0.0135059,0.0266039,0.0179351,0.0367064,0.0244961,0.0227585,0.025424,
0.0224647,0.0113082,0.013595,0.0267818,0.0180607,0.0369355,0.0246279,0.0228844,0.025524,
0.0226021,0.0113529,0.0136512,0.026923,0.0181734,0.0372517,0.024677,0.0230289,0.0257585,
0.0227469,0.0114325,0.0137771,0.0270646,0.0183143,0.0375401,0.024777,0.0231289,0.0259404,
0.0228782,0.0114772,0.0138273,0.0272424,0.0184271,0.0376631,0.0250524,0.023218,0.0261183,
0.0230046,0.0115566,0.0138904,0.0273496,0.0185527,0.0378253,0.0251646,0.0232977,0.0264001,
0.0231064,0.0115964,0.0139534,0.0274945,0.0186783,0.0379665,0.0252646,0.0233977,0.0265001,
0.0232601,0.0116411,0.0140165,0.0277328,0.0187787,0.0381853,0.0254834,0.0236018,0.0266413,
0.0234335,0.0116858,0.0140728,0.0280884,0.0188541,0.0387101,0.0256612,0.023691,0.0267044,
0.0235129,0.0117304,0.0141291,0.0281515,0.0189797,0.0388249,0.0257059,0.0237356,0.0268457,
0.0235931,0.0117751,0.0141854,0.0281994,0.0191206,0.0388649,0.0258181,0.0238356,0.0269457,
0.0236884,0.0118252,0.0142562,0.0283413,0.0191457,0.0390029,0.0259919,0.0239478,0.0269958,
0.0238526,0.0119146,0.0143684,0.028697,0.0192021,0.0392167,0.026055,0.0241474,0.0272197,
0.0239779,0.0119592,0.0144577,0.0288748,0.0193277,0.0393579,0.0262135,0.0242268,0.0274059,
0.0240991,0.0120039,0.0145139,0.0289456,0.0194686,0.0394306,0.0265155,0.0243268,0.0275879,
0.0241918,0.0120747,0.0145847,0.029012,0.0196193,0.0394773,0.02666,0.024439,0.0276673,
0.0242947,0.012101,0.0146478,0.0291055,0.0197198,0.0397465,0.0266924,0.0245512,0.0277932,
0.0244501,0.0121804,0.0147273,0.0292644,0.0198889,0.0400156,0.0268046,0.0247601,0.0279592,
0.0245948,0.0122202,0.0147835,0.02962,0.0199391,0.0402501,0.0270997,0.0248069,0.0280386,
0.0247244,0.0122999,0.0148835,0.0297785,0.0200145,0.0403089,0.0271721,0.0250953,0.0282428,
0.0248144,0.0123793,0.0149282,0.0298671,0.0201401,0.040375,0.0272463,0.0251953,0.028384,
0.0249285,0.0124306,0.0149913,0.0299556,0.0203159,0.0404491,0.0274458,0.0253075,0.0285319,
0.0250616,0.0124713,0.0150475,0.0301141,0.0203662,0.0407183,0.027632,0.0255117,0.0286319,
0.0252742,0.012516,0.0152258,0.0302919,0.0205169,0.0412195,0.0278518,0.0257158,0.0288558,
0.0254039,0.0125868,0.015282,0.0304433,0.0206174,0.0415357,0.0279777,0.025807,0.0289817,
0.0255398,0.0126314,0.0154412,0.0305849,0.0208146,0.0416803,0.0280777,0.0258778,0.0292108,
0.0257008,0.0127022,0.0154975,0.0306661,0.0209402,0.0417977,0.0282772,0.0264026,0.029323,
0.0258861,0.0129528,0.0157648,0.030844,0.0209684,0.0421959,0.0283664,0.0265148,0.0294815,
0.0259986,0.0130323,0.0158211,0.0310025,0.0210438,0.0424097,0.0284664,0.0266196,0.0295937,
0.0261354,0.0132109,0.0158609,0.0310958,0.0211283,0.0425756,0.0286569,0.0267318,0.0298228,
0.0262874,0.0132556,0.0159317,0.0313182,0.0212692,0.042727,0.0289387,0.0269359,0.0299228,
0.0264386,0.0133449,0.0160208,0.0314229,0.0213538,0.0431438,0.0291337,0.0270251,0.030064,
0.0265351,0.0134157,0.016077,0.031512,0.0214794,0.043235,0.0291968,0.0271144,0.0302502,
0.0266465,0.0134556,0.0161272,0.0316146,0.0216137,0.0432913,0.0293171,0.0272144,0.0305386,
0.0268436,0.0134954,0.0162066,0.0320901,0.0216388,0.043638,0.0295409,0.0274006,0.0307381,
0.0270564,0.01354,0.0163015,0.0323726,0.0217393,0.0444323,0.0296822,0.0274453,0.0309377,
0.0271285,0.0135847,0.0163577,0.0323977,0.02189,0.0445326,0.0297713,0.027477,0.0310171,
0.0271946,0.0136294,0.0164208,0.0324686,0.0219905,0.0446035,0.0298275,0.027577,0.0310395,
0.0273208,0.0136692,0.016477,0.0328013,0.0220469,0.044849,0.0298527,0.0276892,0.0311807,
0.0274087,0.0137138,0.0165217,0.0328644,0.0221596,0.0450188,0.0299418,0.0277686,0.0312807,
0.0275046,0.0137933,0.0165779,0.0330229,0.0222601,0.0451001,0.0301368,0.0278084,0.031337,
0.0275895,0.0138379,0.016628,0.0332053,0.0223103,0.0451892,0.0301999,0.0279084,0.031437,
0.0276977,0.0138826,0.0166679,0.0333506,0.0224794,0.0452617,0.0302488,0.0281126,0.0315782,
0.0277804,0.0139534,0.0167078,0.033403,0.022605,0.0453015,0.0304037,0.0282017,0.0316674,
0.0278713,0.0139981,0.016764,0.0334593,0.0227741,0.045446,0.0305325,0.0282725,0.0317236,
0.027968,0.0140775,0.016864,0.0335387,0.0228587,0.0455779,0.0306122,0.0284204,0.0317946,
0.0280986,0.0141222,0.0169141,0.0338564,0.0230094,0.0458409,0.0306417,0.0285095,0.0318946,
0.0282276,0.0142016,0.0169703,0.0339715,0.023135,0.0459557,0.0307329,0.0287137,0.03214,
0.0283356,0.0142414,0.0170334,0.0340787,0.0232857,0.0461419,0.0309107,0.0288031,0.0321901,
0.0284546,0.0143122,0.0171334,0.0342372,0.0233862,0.046192,0.0310369,0.0290072,0.0323314,
0.0286078,0.014352,0.0171897,0.0344377,0.0234113,0.0466598,0.0312147,0.0291072,0.0324899,
0.0287599,0.0143967,0.0173316,0.0345501,0.0235369,0.0468785,0.0313039,0.0293162,0.0327653,
0.0288834,0.0144414,0.0173947,0.0346914,0.0236625,0.0470044,0.0316201,0.0294164,0.0328361,
0.0289885,0.0145307,0.0175069,0.0347381,0.0236907,0.0471166,0.0318063,0.0295164,0.0330025,
0.0291049,0.0145754,0.0175777,0.0350086,0.0238414,0.0472515,0.0318245,0.0296164,0.0331437,
0.0292186,0.0146548,0.0176571,0.0350812,0.023967,0.0474064,0.031882,0.0297164,0.0333836,
0.0293203,0.0146995,0.0177134,0.0352224,0.0241079,0.0475041,0.0320405,0.0298166,0.0334577,
0.0294376,0.0148411,0.0178393,0.0353605,0.0241581,0.0475933,0.0321452,0.0299612,0.0336023,
0.0295696,0.0148857,0.0178791,0.0356482,0.0243272,0.0477081,0.0322865,0.03012,0.0337023,
0.0296854,0.0149304,0.0179189,0.0357158,0.0244277,0.0478703,0.0323842,0.0302519,0.0339841,
0.0297882,0.0150098,0.0179751,0.0358571,0.0245533,0.0480481,0.0324964,0.030302,0.0340637,
0.0298827,0.0150893,0.0180545,0.0359983,0.0246286,0.0481603,0.032576,0.030402,0.0341529,
0.030021,0.0151339,0.0181108,0.0362688,0.0247794,0.0482952,0.0327173,0.030584,0.0342787,
0.0301539,0.0151786,0.018211,0.0364276,0.024905,0.0484537,0.0328064,0.0307659,0.0344829,
0.0302613,0.0152287,0.0182672,0.0365689,0.0250459,0.0486579,0.0329724,0.0308106,0.0345392,
0.0303532,0.0153082,0.0183303,0.0368207,0.0250961,0.0486977,0.0330724,0.0308814,0.0346186,
0.0304355,0.0153789,0.018362,0.0369102,0.0252304,0.0487685,0.0331448,0.0309705,0.0347186,
0.030536,0.0154236,0.0183997,0.0369519,0.0253811,0.0488083,0.0332829,0.0312589,0.0347817,
0.0307093,0.0155283,0.018456,0.0370227,0.0254816,0.0495162,0.033372,0.0314451,0.0348525,
0.030831,0.0156943,0.0185006,0.0372751,0.0255319,0.0497674,0.0334245,0.0315573,0.0348973,
0.0309226,0.0157834,0.0185361,0.0373815,0.025557,0.0497976,0.0336249,0.0317233,0.0349767,
0.0310927,0.0158359,0.018576,0.0374318,0.0257328,0.0498477,0.0337538,0.0325551,0.0350083,
0.0313459,0.0158921,0.0186391,0.0374949,0.0258082,0.0512607,0.0338332,0.032737,0.0351016,
0.031488,0.0159552,0.0186789,0.0378949,0.0258927,0.0515843,0.033965,0.0327959,0.0351371,
0.0315593,0.0160443,0.0187187,0.0379949,0.0259773,0.0516106,0.0340067,0.0328959,0.0352262,
0.0316184,0.0160945,0.0187329,0.0380942,0.0260777,0.0516523,0.0340713,0.0329753,0.0352486,
0.0317155,0.0161605,0.018796,0.0381468,0.0261623,0.0517184,0.0341275,0.0332637,0.0353486,
0.0318234,0.0161936,0.0188406,0.038428,0.0262125,0.0519696,0.0341837,0.0333432,0.0354158,
0.031899,0.0162383,0.0188853,0.0384842,0.0262377,0.0520984,0.0342236,0.0335091,0.0355158,
0.0319891,0.016283,0.0189485,0.0386842,0.0263786,0.0521615,0.0343213,0.0335752,0.0355605,
0.0320668,0.0163331,0.0190048,0.0387733,0.0264102,0.0522933,0.0344213,0.0336383,0.0356605,
0.0322728,0.0164224,0.0191307,0.0390733,0.0264856,0.0523824,0.0345443,0.034085,0.0360586,
0.0324008,0.0164932,0.0191938,0.0391884,0.026586,0.0524972,0.0348831,0.0342262,0.036138,
0.0324934,0.0165826,0.0192254,0.0392515,0.0267269,0.0526094,0.035012,0.0342893,0.0362502,
0.0325815,0.0166272,0.0192962,0.0393637,0.0268115,0.0526802,0.0350598,0.0344372,0.0363761,
0.0326894,0.0166719,0.0193853,0.0395886,0.0268961,0.0528121,0.0352183,0.0345167,0.0364262,
0.0327703,0.0167513,0.0194415,0.0396517,0.0269277,0.0529409,0.0353183,0.0345875,0.0365437,
0.0328736,0.016796,0.0194978,0.0398761,0.0270858,0.0530241,0.0354255,0.0346376,0.036646,
0.0329563,0.0168407,0.0195294,0.0399392,0.0271422,0.0531132,0.0355573,0.0347821,0.036746,
0.0330403,0.0168853,0.0195718,0.0400307,0.0273394,0.0531448,0.0356953,0.0348529,0.0368023,
0.0331195,0.01693,0.0196349,0.0401255,0.0274804,0.0531895,0.0357516,0.0349421,0.0369023,
0.0332069,0.0170008,0.019685,0.0402517,0.0275649,0.0533715,0.0358387,0.0350052,0.0369377,
0.0333103,0.0170455,0.0197166,0.0404761,0.0276282,0.0534606,0.0359128,0.0351052,0.0371373,
0.0334147,0.0170901,0.0197799,0.0406177,0.0277409,0.0535004,0.036164,0.035237,0.0371874,
0.0334743,0.0171348,0.019843,0.0406401,0.0278536,0.053532,0.036264,0.0353078,0.0372191,
0.0335413,0.0171795,0.0198931,0.0407247,0.0280434,0.0535821,0.0362729,0.0353524,0.0372822,
0.0336053,0.0172242,0.0199493,0.0407602,0.0281068,0.0536713,0.0363045,0.0354319,0.0373944,
0.0337136,0.017264,0.0199995,0.0408605,0.0282759,0.0538001,0.0363608,0.0355027,0.0376456,
0.0338564,0.0173086,0.0200558,0.0409605,0.0283322,0.053948,0.0368505,0.0355918,0.0378041,
0.0339581,0.0173533,0.0201004,0.0410669,0.0283886,0.0540925,0.03693,0.035648,0.0380852,
0.0340563,0.0174426,0.0202004,0.0412913,0.0284835,0.0541556,0.0369655,0.0357372,0.0381744,
0.0341329,0.0174873,0.0202799,0.0413545,0.0285962,0.0542468,0.0370363,0.0358079,0.0382538,
0.0342269,0.0175669,0.0203361,0.041436,0.0287089,0.0542799,0.0371985,0.0358971,0.0383918,
0.0343346,0.0176394,0.0203923,0.0415682,0.0287722,0.0544619,0.037316,0.0359533,0.0385738,
0.0344282,0.017684,0.0204718,0.0416944,0.0288849,0.054551,0.0374782,0.0360241,0.0386369,
0.0345238,0.0177635,0.020528,0.0418944,0.0289413,0.0546444,0.0375413,0.0361288,0.0387491,
0.0346942,0.0178429,0.0205727,0.0420836,0.0290258,0.0547491,0.0376264,0.0367598,0.0388936,
0.0348032,0.0178876,0.0206082,0.0422098,0.0290822,0.0548538,0.0378306,0.0369889,0.0389644,
0.0348794,0.0179274,0.0206645,0.0422661,0.0292513,0.0548893,0.0379239,0.0371037,0.0390091,
0.0349503,0.0180068,0.0207208,0.0423785,0.0293146,0.0549482,0.0379463,0.0372037,0.0390832,
0.0350383,0.0180515,0.020777,0.0426035,0.0293778,0.0550862,0.0380025,0.0372745,0.0391334,
0.0351112,0.0180962,0.0208217,0.0426743,0.0294342,0.0551694,0.0380916,0.0373893,0.0392128,
0.0351869,0.0181408,0.0208849,0.0427305,0.0296033,0.055214,0.0382065,0.0374394,0.0392759,
0.03526,0.0181806,0.020948,0.0427703,0.0296878,0.055314,0.0382859,0.0375285,0.039365,
0.035358,0.0182253,0.0209927,0.0430515,0.0297442,0.0554586,0.0383771,0.0375993,0.0394151,
0.035427,0.01827,0.0210373,0.0431077,0.0298074,0.0555761,0.0384402,0.0376624,0.0395151,
0.0355144,0.0183591,0.021069,0.0432077,0.0299972,0.0556469,0.0385632,0.0377125,0.0395598,
0.0355793,0.0183989,0.0211252,0.043264,0.0300254,0.0557469,0.0386426,0.037792,0.0396392,
0.0356777,0.0184436,0.0211607,0.0435451,0.0300817,0.0558617,0.0387239,0.0379208,0.0396839,
0.0357561,0.018523,0.0212054,0.0436713,0.0301381,0.0559966,0.038774,0.037977,0.0397633,
0.0358333,0.0185677,0.021237,0.0437713,0.0303278,0.0560597,0.0388764,0.0380217,0.039805,
0.0359069,0.0186123,0.0212932,0.0438507,0.0303842,0.0561043,0.0389595,0.0381662,0.0398845,
0.0359953,0.0186918,0.0213379,0.0441319,0.0304406,0.0561606,0.0390408,0.0382293,0.0399291,
0.0360634,0.0187712,0.0213777,0.0441882,0.0305038,0.0562606,0.0390971,0.0383001,0.0400086,
0.0361415,0.0188159,0.0214487,0.0442444,0.0306729,0.0563004,0.0391994,0.0383913,0.0400587,
0.0362289,0.0188953,0.0215049,0.0443569,0.0307362,0.0563566,0.0392702,0.0385733,0.0401381,
0.0363263,0.01894,0.0215611,0.0446723,0.0307994,0.0564361,0.0393515,0.0386527,0.040197,
0.0363952,0.0189846,0.0215966,0.0447286,0.0308558,0.0565384,0.0394346,0.0387551,0.0402678,
0.0364702,0.0190293,0.021653,0.0448286,0.0310249,0.0565739,0.039528,0.0387997,0.040324,
0.0365577,0.019074,0.0217161,0.0449463,0.0310812,0.056663,0.0395911,0.0388997,0.04049,
0.0366786,0.0191186,0.0218054,0.0452692,0.0312503,0.0567653,0.0397033,0.0389705,0.0405462,
0.0367695,0.0191981,0.0218555,0.0453814,0.0313067,0.0569132,0.0398155,0.0390597,0.0406256,
0.0368418,0.0192482,0.0219058,0.045426,0.0314574,0.0569945,0.0398879,0.0390995,0.0407148,
0.0369498,0.0193482,0.0219689,0.0454986,0.0315579,0.0570945,0.0400325,0.0393036,0.0407942,
0.0370992,0.0194007,0.022019,0.0457818,0.031583,0.0575114,0.0402366,0.0394036,0.0408573,
0.037185,0.0194569,0.0220472,0.045894,0.0316584,0.0576344,0.0403258,0.0395267,0.0409367,
0.0372556,0.0195131,0.0220871,0.0459571,0.031784,0.0576791,0.040407,0.0395684,0.0410489,
0.0373518,0.0195694,0.0221502,0.046017,0.0318967,0.0577259,0.0406469,0.0397096,0.041099,
0.037452,0.0196403,0.022221,0.0461744,0.0320223,0.0577919,0.0407591,0.0398681,0.0411389,
0.0375911,0.0197198,0.022284,0.0463003,0.0320977,0.05819,0.0408301,0.0400093,0.0412973,
0.0377346,0.0197992,0.022384,0.0464416,0.0322558,0.0584412,0.0410163,0.0400754,0.0414633,
0.0378562,0.0198439,0.0224403,0.0464625,0.032306,0.0586506,0.0412793,0.0402042,0.0416628,
0.0379943,0.0199332,0.022486,0.0466849,0.0324316,0.0587681,0.0414206,0.0403488,0.0418816,
0.0381245,0.0199779,0.0225491,0.0470625,0.032488,0.0589501,0.0415,0.040461,0.0420075,
0.0382049,0.0200177,0.0226491,0.0471747,0.0325884,0.0590703,0.0415631,0.0405111,0.042065,
0.0382749,0.0200575,0.0227053,0.0472819,0.0327012,0.0591058,0.0416144,0.0406233,0.0421097,
0.0383485,0.0200973,0.0227761,0.0474677,0.0327514,0.0591389,0.0416591,0.0407355,0.0421622,
0.0384217,0.0201634,0.0228392,0.0475303,0.032877,0.0591684,0.0417332,0.0408477,0.0422147,
0.0384961,0.0201997,0.0229102,0.0475934,0.0330113,0.0592315,0.0417993,0.0409039,0.0423194,
0.0386276,0.0202705,0.0229896,0.0476826,0.0331118,0.05939,0.0419311,0.041167,0.0424779,
0.0387867,0.0203103,0.0230527,0.0480826,0.0331621,0.0596412,0.0422129,0.0412603,0.0425712,
0.0388755,0.0203501,0.0230882,0.0482087,0.0332123,0.059773,0.0423176,0.0413536,0.0427,
0.0389432,0.0204209,0.0231023,0.0482795,0.0333814,0.0598198,0.0423884,0.0413736,0.0427795,
0.0390086,0.020484,0.0231654,0.0483127,0.0334941,0.0598645,0.0424796,0.0414627,0.0428058,
0.0390888,0.0205212,0.0232155,0.0484254,0.033635,0.0599668,0.0425321,0.0415802,0.0428339,
0.0391898,0.0205658,0.0232786,0.0484886,0.0337615,0.0601806,0.0426167,0.0417214,0.0429047,
0.0392764,0.0206056,0.0233233,0.0485241,0.0339306,0.0603584,0.0426961,0.0417682,0.0430047,
0.039382,0.0206503,0.0233864,0.0485504,0.0340255,0.0605451,0.0428781,0.0418573,0.0431632,
0.0395132,0.0207396,0.0234911,0.0489281,0.0340888,0.0606474,0.0430559,0.041902,0.0432524,
0.0395872,0.0208104,0.0235705,0.0490543,0.0341451,0.0607036,0.0430966,0.0419521,0.0433646,
0.0396521,0.0208901,0.0236152,0.0490794,0.0343142,0.060726,0.0431503,0.0419877,0.0434537,
0.039731,0.0209347,0.0236714,0.0491241,0.0344091,0.0607658,0.0432706,0.0421537,0.0435183,
0.0398338,0.0209794,0.0237509,0.0492928,0.0344936,0.0609748,0.0433618,0.0422099,0.0436074,
0.0399187,0.0210502,0.0238071,0.0494928,0.03455,0.0610639,0.0434342,0.0422807,0.0436705,
0.0399984,0.0211296,0.0238426,0.0496821,0.0346346,0.061097,0.0434904,0.0423254,0.0437853,
0.0400722,0.0211743,0.0238781,0.0497238,0.0347294,0.0611532,0.0436107,0.0424913,0.0438169,
0.0401476,0.0212451,0.0239283,0.0498362,0.0348243,0.0611887,0.0436738,0.0425936,0.043891,
0.0402154,0.0212897,0.0239845,0.0500049,0.0348807,0.0612412,0.0437327,0.0426567,0.0439327,
0.0402869,0.0213344,0.0240347,0.0501311,0.0349652,0.0613412,0.0437851,0.0427309,0.0439725,
0.0403557,0.0213791,0.0240701,0.0501942,0.0350917,0.0614153,0.0438353,0.0428309,0.0440288,
0.0404271,0.0214238,0.0241204,0.0503067,0.0352044,0.0614508,0.043906,0.0428871,0.0441179,
0.0405078,0.0214684,0.0241835,0.0503856,0.0353626,0.0614925,0.0440349,0.0429579,0.0441768,
0.0405759,0.0215131,0.0242233,0.0505543,0.0354471,0.0615514,0.0440938,0.0430026,0.0442214,
0.0406415,0.0215578,0.0242679,0.0506174,0.0355317,0.0616222,0.0441219,0.0431026,0.0443106,
0.0407197,0.0216372,0.0243182,0.0506883,0.0357008,0.061662,0.0441927,0.0431588,0.0443997,
0.0408068,0.0216819,0.0243813,0.0508148,0.0358417,0.0617121,0.0443076,0.0432588,0.0444559,
0.0408948,0.0217265,0.0244168,0.0510041,0.035917,0.0618351,0.0443783,0.0433611,0.044519,
0.040998,0.0217766,0.0244484,0.0511163,0.0359803,0.0620988,0.0444578,0.043487,0.044619,
0.041101,0.0218213,0.0245237,0.0513163,0.0361384,0.0621386,0.0445808,0.0435578,0.0447312,
0.0411645,0.021866,0.0245868,0.0513446,0.0362511,0.0621637,0.044688,0.0436286,0.0447875,
0.0412215,0.0219015,0.0246185,0.0514011,0.0364484,0.0621888,0.0447442,0.0436537,0.0448156,
0.0412886,0.0219369,0.0246816,0.0514573,0.0365048,0.0622451,0.0447724,0.0437537,0.0449569,
0.0413804,0.0219816,0.024717,0.0517728,0.036568,0.0623681,0.0448432,0.0437954,0.0449967,
0.0414346,0.0220263,0.0247568,0.0518359,0.0365962,0.0624206,0.0449226,0.0438422,0.0450761,
0.0414939,0.0220661,0.0247768,0.051899,0.0367653,0.0624537,0.0450138,0.0438738,0.0451024,
0.0415587,0.0221292,0.0248399,0.0519458,0.0368217,0.0625245,0.0450433,0.0439738,0.0451916,
0.0416478,0.0221739,0.0248715,0.0521273,0.0370431,0.0626178,0.0451079,0.0440239,0.0452167,
0.0417206,0.0222137,0.0249346,0.0521904,0.0370712,0.0627178,0.045158,0.0441361,0.0453426,
0.0418047,0.0222535,0.0250295,0.0522351,0.0372926,0.062838,0.0452142,0.0441924,0.0453824,
0.0418745,0.0222933,0.0250857,0.0522982,0.0373242,0.062938,0.045285,0.0442632,0.0455083,
0.0420015,0.0223331,0.0251358,0.0527982,0.0373875,0.0630555,0.0454169,0.0443263,0.0455584,
0.0420647,0.0223729,0.0251805,0.0528613,0.0374507,0.0631555,0.045467,0.0443825,0.0456475,
0.0421204,0.0224127,0.0251964,0.0529102,0.0376721,0.0631837,0.0455127,0.0444024,0.0456727,
0.0421745,0.0224574,0.0252526,0.0529302,0.0377353,0.0632235,0.0455628,0.0444819,0.0457521,
0.0422758,0.0224972,0.0253027,0.0531431,0.0379567,0.0633681,0.045591,0.044545,0.0458023,
0.0423454,0.022537,0.0253658,0.0531877,0.0380199,0.0634803,0.0456357,0.0446341,0.0459023,
0.0424294,0.0225768,0.0254056,0.0532585,0.0382413,0.0635951,0.0457151,0.0446842,0.0459586,
0.0425081,0.0226166,0.0254618,0.0533707,0.0382976,0.0636842,0.0457945,0.044755,0.0460844,
0.0426269,0.0226521,0.0255065,0.0536585,0.0384949,0.0638017,0.0459358,0.0448181,0.0461475,
0.0427042,0.0226919,0.0255696,0.0537189,0.0386077,0.0638579,0.0460066,0.0449072,0.0462734,
0.0427732,0.0227482,0.025592,0.0537896,0.0387768,0.0639392,0.046086,0.0449403,0.0463132,
0.0428609,0.0228897,0.0256628,0.053892,0.0388613,0.0639764,0.0461307,0.0450198,0.0464545,
0.0429255,0.0229344,0.0256944,0.0541004,0.0388929,0.0640135,0.0461808,0.0450829,0.0465047,
0.0429945,0.0229791,0.0257391,0.05414,0.0390339,0.064037,0.0462255,0.0452308,0.0465708,
0.0430527,0.0230122,0.0258022,0.0541808,0.039203,0.0640693,0.0462843,0.0452706,0.046599,
0.043131,0.0230569,0.0258377,0.0543471,0.0392312,0.0641585,0.0463474,0.0453706,0.046699,
0.0432266,0.0231015,0.0258731,0.0545995,0.0392944,0.0642815,0.0464855,0.0454077,0.0467698,
0.0432916,0.0231723,0.0258931,0.0546367,0.0393893,0.0643864,0.0465686,0.045464,0.0468223,
0.0433493,0.023217,0.0259562,0.0546738,0.039579,0.0644263,0.0465982,0.0454956,0.0468486,
0.0434244,0.0232617,0.026027,0.0547533,0.0396106,0.0644894,0.0467031,0.0456616,0.0468884,
0.0435572,0.0233413,0.0261161,0.055071,0.0396739,0.0647524,0.0467826,0.0457324,0.0469884,
0.0436406,0.0234121,0.0261723,0.0551832,0.0397371,0.0648457,0.0469206,0.0457825,0.0470716,
0.0437134,0.0235014,0.0262225,0.0551991,0.0399269,0.064909,0.0470118,0.0458076,0.0471291,
0.0437806,0.0235369,0.0262933,0.0552169,0.0400533,0.0649591,0.0470442,0.0459555,0.0471853,
0.0438802,0.0235817,0.0263379,0.0554062,0.0401166,0.0651935,0.0470943,0.0460263,0.0472853,
0.0439703,0.0236613,0.0264087,0.0555478,0.040173,0.0652868,0.0471943,0.0460731,0.0474172,
0.0440511,0.0237321,0.0264588,0.0555686,0.0403311,0.065353,0.0473721,0.0461048,0.047488,
0.0441097,0.0237898,0.0265296,0.0555812,0.0404156,0.0654163,0.047431,0.0461842,0.0475296,
0.0442042,0.0238791,0.0265578,0.0557499,0.0404438,0.0655451,0.0475142,0.0463017,0.0476418,
0.0443008,0.0239189,0.0266209,0.0559499,0.0405002,0.0657149,0.0476344,0.0463424,0.047725,
0.0443721,0.0239897,0.02671,0.056013,0.0406583,0.0657512,0.0477157,0.0463779,0.0477605,
0.044427,0.0240344,0.0267731,0.0561066,0.0407532,0.065766,0.0477452,0.0464487,0.0477887,
0.044485,0.0240791,0.0268233,0.056211,0.0407813,0.0657826,0.0478014,0.0465662,0.0478355,
0.04458,0.0241684,0.0269027,0.0562506,0.0409223,0.0658013,0.0478755,0.0468174,0.0479015,
0.0446587,0.0241979,0.0269735,0.056334,0.0410068,0.0658673,0.0479587,0.0469174,0.0480137,
0.0447585,0.0242775,0.0270366,0.0564602,0.0410701,0.0660222,0.048079,0.0470174,0.0481049,
0.0448348,0.0243173,0.0270928,0.0565726,0.0411546,0.0661093,0.0481702,0.0470631,0.0481983,
0.0449074,0.0243571,0.0271636,0.0566329,0.0412955,0.0662116,0.0482362,0.0471193,0.0482429,
0.04498,0.0244018,0.0272267,0.0567329,0.0414083,0.0662563,0.048276,0.0471826,0.0483551,
0.0450628,0.0244465,0.0272768,0.0569016,0.0414715,0.0663194,0.0483555,0.0472717,0.0484598,
0.0451478,0.0244863,0.0273269,0.0569769,0.0415842,0.0663641,0.0485417,0.0473425,0.0485598,
0.0452156,0.0245261,0.0273668,0.0570086,0.0417533,0.0663995,0.0486394,0.0474316,0.0485997,
0.0452862,0.0245823,0.0274231,0.0570648,0.0418661,0.0665144,0.0486572,0.0474817,0.0486997,
0.0453576,0.024627,0.0274547,0.0571597,0.042007,0.0666144,0.0487018,0.0475612,0.0487351,
0.0454491,0.0246978,0.0275178,0.0573721,0.0420386,0.0667056,0.048776,0.0476243,0.048861,
0.0455277,0.0247425,0.027581,0.0574075,0.0421795,0.0668178,0.0488651,0.0477037,0.0489243,
0.0456017,0.0248219,0.0276441,0.0574678,0.0422923,0.0668635,0.0489282,0.0477454,0.0490502,
0.045709,0.0248666,0.0276943,0.0577414,0.0423555,0.0669568,0.049106,0.0478454,0.0491064,
0.0458217,0.0249374,0.0277341,0.0580414,0.0424119,0.0671117,0.0491768,0.0479742,0.0491858,
0.0458777,0.024982,0.0277541,0.0581045,0.042581,0.0671341,0.0492225,0.0480373,0.0492058,
0.0459335,0.0250528,0.0278172,0.0581145,0.0426937,0.0671623,0.0492623,0.0480704,0.0492949,
0.0459892,0.0251068,0.0278709,0.0581323,0.0427501,0.0672283,0.0492837,0.0481704,0.0493709,
0.0461074,0.025157,0.0279107,0.0583847,0.0428628,0.0673832,0.0493245,0.0482879,0.0495488,
0.0461791,0.0252017,0.0279738,0.0584847,0.0429192,0.0675181,0.0494157,0.048303,0.0496164,
0.0462405,0.0252415,0.0280239,0.0585017,0.0431406,0.0675467,0.049509,0.0483189,0.0496415,
0.0462791,0.025257,0.0280801,0.0585969,0.0431491,0.0675543,0.0495314,0.0483983,0.0496655,
0.046338,0.0253017,0.0280982,0.0587824,0.0431773,0.0676146,0.049539,0.0484546,0.0497363,
0.0463999,0.0253415,0.028169,0.0588386,0.0432392,0.0676365,0.0496564,0.0484926,0.0498254,
0.0464516,0.0253813,0.028186,0.0588702,0.043352,0.067645,0.0497477,0.0485372,0.0498932,
0.0465184,0.0254211,0.0282491,0.0589796,0.0433658,0.0678035,0.049774,0.0486264,0.0499279,
0.0465977,0.0254609,0.0282767,0.0590921,0.0434785,0.0679265,0.0498443,0.0486895,0.050013,
0.0466886,0.0255007,0.0283398,0.0591921,0.0435734,0.0680177,0.0500141,0.0487457,0.0501252,
0.0467587,0.0255405,0.028466,0.0592552,0.0436861,0.0681177,0.0500772,0.0487773,0.0501497,
0.0468298,0.0255803,0.0285291,0.0593814,0.043781,0.0681739,0.0500972,0.0488568,0.0502388,
0.0468913,0.0256184,0.0285792,0.0594419,0.0438999,0.068237,0.0501163,0.0489199,0.0503183,
0.0469797,0.025686,0.0286643,0.0594945,0.044058,0.0683078,0.0501494,0.0491194,0.0503581,
0.0470917,0.0257306,0.0287534,0.0595507,0.0441425,0.0686626,0.0502202,0.0492265,0.0504472,
0.047205,0.0258014,0.0288165,0.059729,0.0442179,0.0687975,0.050352,0.0493584,0.0505674,
0.0472923,0.0258412,0.0288563,0.0599539,0.0442743,0.0688292,0.0504722,0.0494292,0.0506823,
0.0473475,0.025881,0.0288961,0.0599739,0.0444152,0.0688491,0.0505259,0.0495339,0.0507046,
0.0473963,0.025898,0.0289161,0.0600056,0.0445561,0.0688742,0.0505706,0.0495655,0.0507841,
0.0474684,0.0259427,0.0289723,0.0601743,0.0445843,0.068945,0.0506268,0.0496546,0.0508472,
0.0475503,0.0259825,0.029017,0.0603993,0.0446125,0.0691072,0.0507268,0.0496815,0.0508753,
0.0476037,0.0260272,0.0290617,0.0604624,0.0447073,0.0691499,0.0507492,0.0497523,0.05092,
0.0476662,0.026098,0.0290868,0.0605673,0.0448201,0.069183,0.0507847,0.0497805,0.0510091,
0.0477382,0.0261688,0.0291499,0.0606091,0.0449328,0.0692331,0.0508588,0.0498805,0.0510722,
0.0478213,0.0262264,0.0291956,0.0607216,0.0449892,0.0693107,0.0510001,0.049998,0.0511285,
0.047923,0.0262711,0.0292956,0.0607924,0.0450737,0.0695245,0.0510709,0.0501155,0.0512407,
0.0480128,0.0263505,0.0294368,0.0608924,0.0452147,0.0695652,0.0511385,0.0501613,0.051343,
0.0480958,0.0264007,0.0294999,0.0609332,0.0453411,0.0696165,0.051256,0.0502613,0.0514578,
0.0481978,0.0265096,0.0295914,0.0610248,0.0454821,0.0696622,0.0513354,0.0503901,0.0515866,
0.0483132,0.0265543,0.0296621,0.0612248,0.0455453,0.0698401,0.0514613,0.0504901,0.0517279,
0.0484161,0.0265989,0.0297743,0.0612879,0.0457034,0.0699781,0.0515546,0.0506223,0.0518092,
0.0484856,0.0266387,0.0298374,0.0613442,0.045788,0.0700076,0.0516003,0.0507114,0.0519571,
0.0485668,0.0266785,0.0298773,0.0615727,0.0458512,0.07004,0.0516915,0.0507745,0.0520483,
0.0486537,0.0267416,0.029948,0.061623,0.045964,0.0700798,0.0518204,0.0508636,0.0521895,
0.0487281,0.0267815,0.0300044,0.0616628,0.0461612,0.0701153,0.0519616,0.0509083,0.0522294,
0.0488094,0.0268213,0.0300675,0.0617259,0.0462458,0.0701861,0.051984,0.0510495,0.0523953,
0.0489135,0.0268611,0.0301122,0.0619782,0.0463022,0.0704679,0.0520341,0.0511126,0.05244,
0.0489802,0.0268966,0.0301477,0.0621044,0.0463303,0.070557,0.0521232,0.0511628,0.0525194,
0.0490412,0.0269364,0.0301654,0.0621675,0.0464885,0.0706133,0.0522256,0.0511851,0.0525476,
0.0490933,0.0269762,0.0302285,0.0622238,0.0465517,0.0706259,0.0522757,0.0512512,0.0526137,
0.0491426,0.0270393,0.0302684,0.0623634,0.0465588,0.0706384,0.0523073,0.0513013,0.0526639,
0.0492127,0.0270748,0.0303082,0.0623902,0.0466997,0.0706543,0.0523355,0.0515252,0.052714,
0.0492816,0.0271195,0.0303333,0.0624534,0.0467561,0.0707105,0.0524355,0.0516511,0.0527935,
0.0493927,0.0271593,0.0304592,0.0627058,0.0467843,0.0709101,0.0525477,0.0517252,0.0528497,
0.0494783,0.0271991,0.030637,0.0628058,0.0468406,0.0710034,0.0526893,0.0517699,0.0528813,
0.0495985,0.0272699,0.0307001,0.0628689,0.0469815,0.0710285,0.0527071,0.0522711,0.0529607,
0.0496576,0.0273407,0.0307399,0.0629954,0.0470661,0.0710484,0.0527425,0.0523109,0.053017,
0.0497318,0.0273854,0.0308107,0.0630403,0.0472352,0.0710708,0.0528167,0.0524156,0.0530801,
0.049803,0.0274392,0.0308347,0.0631743,0.0472854,0.0711025,0.0529426,0.0525203,0.0531247,
0.0499051,0.0274839,0.0309141,0.0633636,0.0473487,0.0712684,0.0529872,0.0526325,0.0532422,
0.0499807,0.0275633,0.0310554,0.0633924,0.0474896,0.0713111,0.0530475,0.0526863,0.0532999,
0.0500376,0.027608,0.0311116,0.0634158,0.0476023,0.0713262,0.053105,0.0527863,0.0533456,
0.0501277,0.0276478,0.0311514,0.0635668,0.0476587,0.0714643,0.0531507,0.0529012,0.0534805,
0.0502351,0.0276876,0.0312222,0.063696,0.0477714,0.0716156,0.0532531,0.0530134,0.0536218,
0.0503121,0.0277323,0.0312786,0.0637591,0.0479405,0.0716554,0.0534116,0.053058,0.0536616,
0.0503811,0.027777,0.0313417,0.0638092,0.0480354,0.0716805,0.0534397,0.0531375,0.0538275,
0.0504524,0.0278478,0.0313863,0.0638798,0.0482327,0.0717087,0.053496,0.0532006,0.0538674,
0.0505223,0.0278677,0.0314494,0.0639552,0.0483454,0.0717485,0.0535754,0.0532897,0.0539468,
0.0506361,0.0279075,0.0315289,0.0641334,0.0484582,0.0719527,0.0536666,0.0533944,0.0540468,
0.0507198,0.0279522,0.031592,0.0642334,0.0485709,0.0721006,0.0537537,0.0534195,0.0541359,
0.0507895,0.028023,0.0316318,0.0643459,0.0486836,0.0721507,0.053835,0.0534395,0.0542067,
0.0508543,0.0280628,0.0316765,0.0644057,0.0487964,0.0721777,0.0538541,0.0535286,0.0543326,
0.0509097,0.0280983,0.0316964,0.0645134,0.0488717,0.0721928,0.0538912,0.0536334,0.0543805,
0.0510028,0.0281381,0.0317595,0.0647282,0.0488999,0.0723408,0.0539214,0.0537746,0.0544599,
0.0510659,0.0281779,0.0317911,0.0648544,0.0489563,0.0723806,0.0540237,0.0538271,0.0545163,
0.0511203,0.0282487,0.0318227,0.0648991,0.049069,0.0724137,0.0540415,0.0539065,0.0545609,
0.0511775,0.0282885,0.0318544,0.0649363,0.0492381,0.0724388,0.054077,0.0539628,0.054624,
0.0512525,0.0283216,0.0319107,0.0650867,0.0492945,0.0724704,0.0541511,0.0541107,0.0546741,
0.0513391,0.0283614,0.0319505,0.0651991,0.0493447,0.0727335,0.0542511,0.0541669,0.0547058,
0.0513954,0.0284012,0.031986,0.0652554,0.0494575,0.0727836,0.0542793,0.0542501,0.0547504,
0.0514607,0.028441,0.0320259,0.0653186,0.0496266,0.0728118,0.0543109,0.0543209,0.0548299,
0.0515263,0.0284857,0.032089,0.065372,0.0497675,0.0728399,0.054374,0.0544003,0.0548824,
0.0516024,0.0285304,0.0321288,0.0655407,0.0498238,0.0729548,0.0544787,0.0544401,0.0549222,
0.0516663,0.0285751,0.0321734,0.0655969,0.0499084,0.0730178,0.0545186,0.0545292,0.0550113,
0.0517435,0.0286545,0.0322134,0.0657231,0.0500211,0.0730495,0.0545831,0.0545923,0.0551113,
0.0518197,0.0287339,0.0322696,0.0658571,0.0500775,0.073085,0.0547119,0.0546486,0.0551744,
0.0518842,0.0287902,0.0323051,0.065913,0.0502466,0.0731221,0.0547827,0.0546893,0.0552245,
0.0519673,0.0288735,0.032431,0.0659692,0.0503593,0.0731678,0.0548051,0.0548515,0.0552807,
0.0520678,0.0289298,0.0324872,0.0660817,0.0504598,0.0734848,0.0548406,0.0549309,0.0553275,
0.052197,0.02903,0.0325227,0.0661406,0.0505444,0.073689,0.0548995,0.0550242,0.0557256,
0.0522891,0.0290655,0.0325673,0.0662237,0.0507341,0.0737391,0.0550313,0.0551136,0.0558378,
0.0523706,0.029101,0.0326468,0.0663131,0.0508468,0.0737517,0.0551054,0.0552136,0.0559861,
0.0524477,0.0291408,0.0327176,0.0664712,0.0508823,0.0739066,0.0551336,0.0552725,0.0560569,
0.0525662,0.0291854,0.0327701,0.0665605,0.0511307,0.0739897,0.0552595,0.0554591,0.0561744,
0.0527362,0.0292854,0.0328748,0.0668004,0.0511589,0.0742528,0.0555615,0.0557109,0.0562452,
0.0529161,0.0293417,0.0331131,0.0672471,0.0513822,0.074394,0.0557486,0.055774,0.0563283,
0.0534468,0.0296424,0.0334308,0.067878,0.0527952,0.0752395,0.0560178,0.0561731,0.0563975,
0.0538861,0.0297426,0.0348438,0.068509,0.0533978,0.0756862,0.0561657,0.0562438,0.0564999,
0.054242,0.0298429,0.0351749,0.0697679,0.0534911,0.075982,0.0564608,0.0566916,0.056525,
0.0545041,0.0299553,0.0351897,0.0702927,0.0537423,0.0763801,0.0567785,0.0568328,0.0568616,
0.0551435,0.0300966,0.0360607,0.0714704,0.0538288,0.0771215,0.0575729,0.0579575,0.0570394,
0.0553834,0.0302225,0.0361895,0.0717048,0.0539415,0.0776585,0.0576776,0.0581354,0.0575373,
0.0555511,0.0304469,0.0361966,0.0718003,0.0541313,0.0777149,0.0578094,0.0584902,0.0578191,
0.0558097,0.0304867,0.0362968,0.0719896,0.0541668,0.0784393,0.0582561,0.058772,0.0580703,
0.0559552,0.0307385,0.0363763,0.0720148,0.0541984,0.0787941,0.058382,0.0589418,0.0581959,
0.0560763,0.0307563,0.0364209,0.0720942,0.0544113,0.0790961,0.0584383,0.0591414,0.0582521,
0.0562492,0.0309807,0.0365041,0.0721444,0.0544822,0.0794942,0.0585505,0.0594232,0.0584143,
0.0564522,0.0310438,0.0365509,0.0722289,0.0546951,0.0799409,0.0587501,0.0599232,0.0584851,
0.0565814,0.0311331,0.0365825,0.0724528,0.0547267,0.0801147,0.058898,0.0601137,0.0586297,
0.056846,0.0312331,0.0366825,0.0735467,0.0547584,0.0804535,0.059155,0.0602259,0.0587128,
0.0569569,0.0314331,0.036841,0.0736669,0.0548216,0.0805884,0.0592574,0.060289,0.0587575,
0.057011,0.0314893,0.0368808,0.073717,0.0549907,0.0806108,0.0592751,0.0603279,0.0587964,
0.0571436,0.0316893,0.0369163,0.0737311,0.055054,0.0806979,0.0593622,0.0605467,0.0591512,
0.0573975,0.0317071,0.0369561,0.0743323,0.0552231,0.0811991,0.0597603,0.0606726,0.0593295,
0.0575617,0.0318071,0.0371339,0.0744154,0.0552863,0.0815153,0.059865,0.0608914,0.059579,
0.0576391,0.0318983,0.037197,0.0744509,0.0554761,0.0816566,0.0599163,0.0609138,0.0596041,
0.0577064,0.0320161,0.0372559,0.0745112,0.0555077,0.0817328,0.0599665,0.0609617,0.0596996,
0.057868,0.0320792,0.0373353,0.0749568,0.0556974,0.0818179,0.0601213,0.0611239,0.0598118,
0.0580226,0.0322054,0.0374612,0.0751266,0.0557256,0.0821415,0.0603351,0.0612414,0.0599436,
0.0581118,0.0322685,0.0375113,0.0752388,0.0559153,0.0822091,0.0604351,0.061321,0.0599949,
0.0582163,0.0323947,0.0375512,0.0752623,0.0560102,0.0822885,0.0604997,0.0614469,0.0602768,
0.0584399,0.0324761,0.0376634,0.0757215,0.0561683,0.0825124,0.061062,0.0615591,0.0603562,
0.0585652,0.0325883,0.0377428,0.0758107,0.0561999,0.0827262,0.0611742,0.061685,0.0605945,
0.0586468,0.0327145,0.0377826,0.0758752,0.056369,0.0828056,0.0612467,0.0617258,0.0606548,
0.0587592,0.0328169,0.0378327,0.0760374,0.0564007,0.082897,0.0613816,0.0618704,0.0608367,
0.0589466,0.0329291,0.037974,0.076266,0.056457,0.0832206,0.061789,0.0620116,0.0609258,
0.0591944,0.0329853,0.0380371,0.0764173,0.0565519,0.0839286,0.0618913,0.0625364,0.0612077,
0.0594881,0.0332371,0.0382233,0.0766517,0.056721,0.0846872,0.0622894,0.0626878,0.0614072,
0.0596473,0.0333493,0.0382679,0.0768513,0.0567526,0.0848457,0.0625406,0.0629122,0.061659,
0.0598209,0.0334755,0.0383126,0.0769932,0.0569217,0.0850362,0.0626818,0.0631634,0.0619826,
0.0600074,0.0335344,0.0383627,0.0770358,0.0569781,0.0855857,0.0629981,0.0634032,0.0621608,
0.0603072,0.0336662,0.0393651,0.0772882,0.0572311,0.0858948,0.0631269,0.063474,0.0624114,
0.0604002,0.0337293,0.0394213,0.0774661,0.0572627,0.0860266,0.063216,0.0635788,0.0625006,
0.0606507,0.0337855,0.0394612,0.0781549,0.05746,0.0861584,0.0633308,0.0637372,0.0631172,
0.0608298,0.0338417,0.0395174,0.0781904,0.0575164,0.0864746,0.0638932,0.0638631,0.0633416,
0.0608847,0.0339078,0.0395374,0.0782259,0.0577136,0.0865248,0.0639312,0.0638831,0.0633541,
0.0609381,0.0339579,0.0395936,0.0782738,0.0577639,0.0865646,0.0639814,0.0639953,0.0633741,
0.0610279,0.0340142,0.0396252,0.0784635,0.0579612,0.0866995,0.0640038,0.0640694,0.0633861,
0.0611036,0.0340773,0.0396815,0.078499,0.0580114,0.0868474,0.064032,0.0641816,0.0634983,
0.0611917,0.0341297,0.0397131,0.0785306,0.0582328,0.0869823,0.0641669,0.0642447,0.0635338,
0.0612821,0.034186,0.0397693,0.0787084,0.0582609,0.0870945,0.064233,0.0643706,0.0636338,
0.0614638,0.0342422,0.039814,0.0795178,0.0582926,0.0873184,0.0643878,0.0644538,0.0636839,
0.0615453,0.0343544,0.0398641,0.0795679,0.0583489,0.0874533,0.0644673,0.0645429,0.0637634,
0.0615989,0.0344175,0.0398753,0.0796242,0.0585462,0.0874896,0.0644961,0.0645629,0.0637792,
0.0616789,0.0344737,0.0399384,0.0796565,0.0586026,0.0875342,0.0645316,0.0648027,0.0638914,
0.0618282,0.03453,0.0399831,0.0798694,0.0587999,0.0879233,0.0647014,0.0649027,0.0639155,
0.0619319,0.0346132,0.0400462,0.0800107,0.0588281,0.088142,0.0647296,0.0650286,0.0640567,
0.0620246,0.0346694,0.0400778,0.0800608,0.0590253,0.0883005,0.0648709,0.0650849,0.0641068,
0.0621207,0.0347694,0.0401341,0.080117,0.0590817,0.0884127,0.0649709,0.0652471,0.0642327,
0.0623207,0.0348402,0.0401787,0.0807599,0.0593031,0.0886698,0.0651947,0.0653362,0.0642828,
0.0624629,0.0349402,0.0402582,0.0809184,0.0593313,0.0888989,0.0653206,0.0656116,0.0644241,
0.0625243,0.0350033,0.0402708,0.0809582,0.0595796,0.088962,0.0653561,0.0656302,0.0644341,
0.0625911,0.0350827,0.0403641,0.0809708,0.0596037,0.0890555,0.0654521,0.0657235,0.0644767,
0.0626825,0.0351275,0.0403996,0.0811289,0.0598425,0.089173,0.0654928,0.065803,0.064493,
0.0628156,0.03541,0.0404887,0.0812874,0.0598872,0.0893175,0.0655069,0.0659475,0.0646792,
0.062908,0.0355512,0.0405681,0.0813157,0.0601261,0.0894464,0.0655632,0.0659726,0.0647209,
0.0629997,0.035596,0.0405905,0.0813408,0.0602263,0.089491,0.0656463,0.0662238,0.0648831,
0.0631709,0.0358204,0.0406352,0.0817864,0.0602661,0.0897365,0.0658085,0.0663497,0.0649644,
0.0632564,0.0358835,0.0406914,0.0818864,0.0603016,0.089895,0.0659373,0.0664207,0.0650353,
0.0633251,0.035996,0.0408463,0.0819262,0.0604913,0.0899043,0.0659457,0.0664447,0.0650465,
0.0635541,0.036096,0.0409257,0.0819731,0.0605331,0.0899619,0.0659726,0.0678577,0.0651126,
0.0639475,0.0361537,0.0409515,0.0820335,0.060675,0.0913108,0.0660467,0.0681739,0.0662346,
0.0643077,0.0363781,0.041016,0.082192,0.0607945,0.0920694,0.067365,0.0682969,0.0663495,
0.0644246,0.0364903,0.0410661,0.082509,0.0608741,0.0921896,0.0675555,0.0683426,0.0663699,
0.0645185,0.0366903,0.0411783,0.082543,0.0610333,0.0922709,0.0675596,0.0684381,0.0664344,
0.0645675,0.0367284,0.0412023,0.0825525,0.0610789,0.0923664,0.0675786,0.0685895,0.0664433,
0.0647442,0.0367888,0.0412119,0.08265,0.0613177,0.0927212,0.0675965,0.0686872,0.0669804,
0.0648588,0.036858,0.0413704,0.0826855,0.0613653,0.092895,0.0679513,0.0687203,0.067025,
0.0649649,0.0369901,0.0416048,0.0827237,0.0616041,0.0929281,0.0679959,0.068752,0.0671203,
0.0650851,0.0370241,0.0416317,0.0828352,0.061843,0.0930406,0.0680377,0.0691068,0.067162,
0.0652931,0.0372485,0.0416818,0.0828556,0.0619156,0.0937324,0.0681119,0.0692386,0.0675601,
0.0653785,0.0372773,0.0417343,0.0828895,0.0621545,0.0938909,0.0681877,0.0693065,0.067587,
0.0654365,0.0374035,0.0417612,0.0829016,0.0621991,0.0940117,0.0682356,0.0693445,0.0676349,
0.0655527,0.0374235,0.041832,0.0831149,0.0626757,0.0940456,0.0682782,0.0693702,0.0676817,
0.0656329,0.0376235,0.0419495,0.0831737,0.0627112,0.0940913,0.0683614,0.069441,0.0677119,
0.0656953,0.0376895,0.0419963,0.0831837,0.0629501,0.0941381,0.0683796,0.0694662,0.0677586,
0.0657646,0.0377165,0.0420177,0.0832066,0.0630148,0.094158,0.0684537,0.0696211,0.0679285,
0.065873,0.0378427,0.0420752,0.0835221,0.0630546,0.0942839,0.0685659,0.0696736,0.0679656,
0.0659304,0.0379427,0.0421383,0.0835678,0.0630862,0.0943671,0.0686184,0.0696926,0.0680303,
0.0660018,0.0380453,0.0422642,0.0836105,0.0632991,0.0943769,0.068635,0.0697243,0.0680592,
0.0660818,0.0381284,0.0423383,0.0836486,0.0633322,0.09444,0.0686926,0.0699192,0.0681547,
0.066216,0.0381875,0.0423851,0.0838477,0.0635451,0.0946538,0.0687997,0.0699768,0.0683325,
0.0663661,0.0382875,0.0425713,0.0839599,0.0636084,0.0947826,0.0691545,0.070139,0.0684258,
0.0664587,0.0383999,0.0426835,0.0839962,0.0637858,0.0948849,0.0692134,0.0701754,0.0685305,
0.0665733,0.0384562,0.0427667,0.084038,0.0639277,0.0949257,0.0693181,0.0703941,0.0687596,
0.0667355,0.0385476,0.0428256,0.0843631,0.0639632,0.0951768,0.0695693,0.0704649,0.0689734,
0.0668865,0.038772,0.0429189,0.0845875,0.0640342,0.0953087,0.0698037,0.0705649,0.0691022,
0.0669563,0.0388282,0.0429714,0.0846506,0.0641761,0.0953523,0.0698668,0.0705854,0.0692197,
0.0670602,0.0390526,0.0430374,0.0846684,0.064318,0.0953931,0.0698882,0.0707991,0.0693245,
0.0671624,0.0390751,0.0430691,0.0847501,0.0644761,0.0955972,0.07002,0.0708699,0.0694419,
0.0673124,0.0392995,0.0431014,0.0849501,0.0645159,0.0957632,0.0702338,0.0711098,0.0695251,
0.0674167,0.0393557,0.0431515,0.0849771,0.0646933,0.0960722,0.070341,0.0711778,0.0695649,
0.0674813,0.0394161,0.0431706,0.0850073,0.0647566,0.0961739,0.0704204,0.0713291,0.0695767,
0.0675859,0.0394723,0.0433291,0.0852322,0.0647882,0.0963601,0.0704363,0.0713922,0.0696767,
0.0677119,0.0396967,0.0436839,0.0852721,0.0648946,0.0964395,0.0705743,0.0714329,0.0697012,
0.0677871,0.0397249,0.0437307,0.0853283,0.0650721,0.0964652,0.070606,0.0714684,0.0699008,
0.0679475,0.0398374,0.0437602,0.0853682,0.0651985,0.0965313,0.0708878,0.071659,0.0703373,
0.0681149,0.0398394,0.0437616,0.0856038,0.0653567,0.0967451,0.071389,0.0717386,0.0704852,
0.0683893,0.0398441,0.0440128,0.0858668,0.0654569,0.096969,0.0722208,0.0720548,0.0706894,
0.068642,0.0412571,0.0443298,0.0858873,0.0654751,0.0970097,0.0723021,0.072063,0.0708119,
0.0689192,0.0413384,0.0444321,0.0858964,0.0670713,0.0970162,0.0725312,0.0721268,0.070941,
0.0689956,0.0414028,0.0444402,0.0859146,0.0670739,0.097045,0.0727353,0.072331,0.0710223,
0.0691368,0.0414516,0.0451698,0.0859795,0.0671552,0.0971263,0.0727761,0.0723673,0.071069,
