0.000299781,0.000223872,0.000223872,1.77828e-05,0.000252982,0.000251189,0.000354813,0.00017825,0.000895488,
0.000464743,0.000243601,0.000227027,0.000137215,0.000505964,0.000276893,0.000671041,0.000729096,0.000927111,
0.000715407,0.000356069,0.000495037,0.000360557,0.000731435,0.000703472,0.000710852,0.00108391,0.00128192,
0.000938017,0.000555595,0.000584374,0.000641727,0.000921172,0.00119325,0.00122371,0.00109008,0.00129423,
0.00116119,0.000755595,0.00129569,0.000792084,0.00111091,0.00120527,0.00124883,0.00153676,0.00134435,
0.00148645,0.000934269,0.00132731,0.000971181,0.00118945,0.00165196,0.00164694,0.00242801,0.00174245,
0.00185074,0.00115761,0.00143326,0.00108551,0.0013904,0.0023599,0.00253819,0.00287469,0.00196633,
0.00217043,0.00146664,0.00193444,0.00150927,0.00164338,0.00250116,0.00257367,0.00288728,0.00284757,
0.0023307,0.00178287,0.00200524,0.00186408,0.00173671,0.00252934,0.00285551,0.00297641,0.00289544,
0.00288476,0.0025772,0.0035939,0.0020148,0.00177219,0.00281774,0.00299041,0.00382755,0.00348428,
0.00363758,0.00289568,0.00365699,0.00335803,0.00188439,0.00423074,0.00440341,0.00412267,0.00454872,
0.00463938,0.00339687,0.00426242,0.0053309,0.00340155,0.00523312,0.00581641,0.00462385,0.00504991,
0.00571265,0.00409687,0.00567542,0.00722377,0.00463474,0.00592495,0.00722941,0.00507373,0.00584235,
0.00658457,0.0052269,0.00629201,0.00788446,0.00493545,0.00813854,0.00737066,0.00681979,0.00600871,
0.00723857,0.00585786,0.00805033,0.00848702,0.00513498,0.00868808,0.00801631,0.00741979,0.00625418,
0.00800891,0.0064467,0.00844844,0.00990002,0.00522431,0.00907713,0.00888728,0.00805075,0.00803668,
0.00929483,0.0130256,0.00848392,0.0104889,0.00557514,0.00988996,0.00986451,0.00877518,0.00825546,
0.0103333,0.0130654,0.011491,0.0114221,0.00593249,0.0107217,0.0126963,0.00896447,0.00837295,
0.0108362,0.0135121,0.012904,0.0117533,0.00664549,0.0107616,0.0127302,0.00901695,0.00936634,
0.0115438,0.0140133,0.014317,0.0117814,0.00701286,0.0108791,0.0139891,0.00957796,0.0107793,
0.0120577,0.0140449,0.0143695,0.0119311,0.00733134,0.0111656,0.0154021,0.0100246,0.0121923,
0.0129054,0.0143619,0.0144403,0.0128202,0.00760049,0.0122876,0.0166904,0.0114376,0.0136049,
0.0142271,0.0157749,0.0158533,0.0129153,0.0101243,0.0137006,0.0181029,0.0126936,0.014652,
0.0148248,0.0158871,0.0165778,0.0137966,0.0106279,0.0140906,0.0195159,0.0127459,0.0153569,
0.0153079,0.0159629,0.0179908,0.0138206,0.0115255,0.0153734,0.0196508,0.012752,0.0153871,
0.0157865,0.0162147,0.0180107,0.0147539,0.0116934,0.0154216,0.019792,0.0136051,0.0168001,
0.0176325,0.0173896,0.0187187,0.0149063,0.0159113,0.0168346,0.0209669,0.0186408,0.0176914,
0.0182901,0.017585,0.0191552,0.0171503,0.0161123,0.0182476,0.0213218,0.0189571,0.0177916,
0.0185625,0.0176898,0.0191563,0.0173667,0.0177085,0.0182778,0.0213268,0.0190889,0.017885,
0.0195907,0.0182521,0.0196933,0.0191576,0.0178897,0.0206823,0.0219875,0.0205019,0.018561,
0.0203091,0.0196651,0.0199745,0.0191672,0.0191546,0.0220006,0.0222386,0.0216796,0.0185929,
0.0210623,0.0196683,0.0204531,0.0191826,0.0219931,0.0229338,0.0222924,0.0225307,0.019444,
0.0222594,0.0224943,0.0207551,0.0205956,0.022047,0.0230784,0.0251174,0.0239437,0.020044,
0.0236223,0.022548,0.0218146,0.0234216,0.02346,0.0232333,0.025734,0.0239478,0.024819,
0.024316,0.0230266,0.0231636,0.0236354,0.02426,0.0245671,0.0257819,0.0252067,0.0248868,
0.0246222,0.0238584,0.0237131,0.0239758,0.0245129,0.0246623,0.0258005,0.0254932,0.0249609,
0.0251686,0.0246527,0.0238474,0.0240581,0.0250793,0.0249321,0.027213,0.0255411,0.0260253,
0.0260929,0.0262489,0.0245097,0.0243392,0.025547,0.0252341,0.028626,0.0269541,0.0272843,
0.0274343,0.0265001,0.0259227,0.0283487,0.0260482,0.0266467,0.030039,0.0283671,0.027602,
0.0279592,0.0269366,0.0267957,0.0285072,0.02674,0.0270015,0.030221,0.0291614,0.0283099,
0.0293339,0.0271339,0.0279929,0.0311313,0.0276377,0.0298275,0.031634,0.0298532,0.0294608,
0.0308227,0.0277768,0.0291817,0.0325443,0.0279215,0.0303287,0.0321352,0.0301702,0.0365235,
0.0324002,0.0290951,0.0376597,0.0331609,0.02824,0.030891,0.032417,0.0305068,0.0372314,
0.033094,0.0305081,0.0379108,0.0338022,0.028493,0.0325702,0.033372,0.0306507,0.0374452,
0.0340365,0.0316562,0.0389341,0.0338989,0.0297609,0.0327244,0.0343953,0.0320637,0.0388582,
0.0351375,0.0322772,0.0403471,0.0342898,0.0309912,0.0336386,0.0358083,0.0334767,0.0402712,
0.0365708,0.0330517,0.0417601,0.0365034,0.0324042,0.0350516,0.0372213,0.0348897,0.0416842,
0.0375727,0.0344647,0.0431731,0.0367852,0.0327204,0.0364646,0.0386343,0.0352422,0.0430972,
0.0383415,0.0358777,0.0438492,0.0371067,0.0337275,0.0370376,0.0400473,0.0357982,0.0432878,
0.0396182,0.0371574,0.0452622,0.0399327,0.0339181,0.0375541,0.0434519,0.0361572,0.0435117,
0.0406156,0.0376702,0.0454913,0.0435227,0.0341435,0.0389286,0.0437755,0.0367327,0.0446598,
0.0429785,0.0404962,0.0457732,0.0449357,0.0343965,0.0403416,0.0451885,0.0466237,0.0460728,
0.0433065,0.0419088,0.0457763,0.0450769,0.0351095,0.0404829,0.0453297,0.0466727,0.0460952,
0.044059,0.0423555,0.0460334,0.0455155,0.0373642,0.0407768,0.0453548,0.0480857,0.0469865,
0.0447405,0.0425693,0.0472923,0.0456659,0.0376827,0.0420357,0.0464769,0.0492077,0.0469937,
0.0455417,0.0455693,0.0480002,0.0459171,0.0393737,0.0422869,0.0464992,0.0495239,0.0471635,
0.0460277,0.0462627,0.048355,0.0461068,0.039516,0.0428894,0.0468794,0.0500487,0.0481635,
0.0467033,0.0472515,0.0484258,0.04751,0.0397151,0.0438444,0.0471033,0.0506797,0.0490968,
0.0478382,0.0486645,0.0494903,0.048141,0.0400336,0.0452574,0.0485163,0.0520927,0.0505098,
0.0489283,0.0490626,0.050495,0.049554,0.0402865,0.0466704,0.0499293,0.0535057,0.0519228,
0.0494948,0.0493789,0.0506955,0.0496664,0.0406875,0.0480834,0.0513423,0.0539524,0.0521519,
0.0503158,0.0496172,0.0507586,0.0497546,0.044697,0.0485846,0.0515935,0.0543692,0.0531519,
0.0513093,0.0506243,0.0521716,0.0498791,0.0460839,0.0499976,0.0526579,0.0557822,0.0532781,
0.0518991,0.0506422,0.0522716,0.049942,0.0461961,0.0503524,0.0556651,0.0562834,0.0538404,
0.0529921,0.0534539,0.053081,0.0500096,0.0472009,0.0511287,0.0573673,0.0564419,0.0552534,
0.0547029,0.053749,0.0534358,0.0519825,0.0495839,0.0581937,0.0587803,0.05645,0.0554484,
0.0554866,0.0540008,0.0546917,0.0533955,0.052591,0.0582526,0.0588073,0.0566739,0.05548,
0.0562566,0.0554138,0.0555627,0.0537305,0.0528621,0.0586074,0.0588966,0.0580869,0.056893,
0.0571954,0.0556171,0.05576,0.0541098,0.0553919,0.0600204,0.0603091,0.0585346,0.0578201,
0.0588051,0.0561456,0.0591645,0.0577166,0.0572331,0.0603366,0.0606639,0.0599476,0.0592331,
0.0590746,0.0564087,0.0592182,0.0580866,0.0582219,0.0605878,0.0607434,0.0600795,0.0592509,
0.0602227,0.0566436,0.0606312,0.0602154,0.0608584,0.0620008,0.0608065,0.0606669,0.0599589,
0.0608666,0.0572893,0.0614441,0.0608886,0.061252,0.0622146,0.0622195,0.0614255,0.0601993,
0.0612766,0.0576713,0.0617595,0.0620187,0.0616194,0.0625534,0.0625997,0.0614898,0.0605013,
0.0619717,0.057972,0.0619695,0.0628111,0.0647462,0.0627672,0.0626828,0.0619067,0.0609182,
0.0628816,0.059094,0.0621473,0.0648159,0.0649457,0.0637672,0.063534,0.0636089,0.0611395,
0.0641717,0.0593069,0.0641473,0.064879,0.0649904,0.0651802,0.0697727,0.0637351,0.0613619,
0.0652039,0.060814,0.066934,0.066292,0.065888,0.0655793,0.0700679,0.0641332,0.0619229,
0.0660533,0.062227,0.0670543,0.0665158,0.0662453,0.0679291,0.0703698,0.0657889,0.0622962,
0.0668198,0.0624509,0.0671044,0.068097,0.0677524,0.0683556,0.0705178,0.0667221,0.0635582,
0.0678227,0.0635224,0.0674511,0.0694491,0.0680155,0.0697686,0.0715411,0.0681347,0.0646987,
0.0685141,0.0642257,0.0678331,0.0697189,0.070025,0.0704447,0.07175,0.0681546,0.0659606,
0.0692617,0.0648989,0.0692461,0.0713825,0.0701297,0.0704547,0.0724744,0.0687841,0.0667228,
0.0699534,0.0656951,0.0697819,0.0714501,0.0709297,0.0707059,0.0738874,0.0697328,0.0674442,
0.0712116,0.0662774,0.0722831,0.0725466,0.0709548,0.0721189,0.074646,0.0720085,0.0688572,
0.0724702,0.0668799,0.0732404,0.0727164,0.0709946,0.0735319,0.076059,0.0727165,0.0736232,
0.0732796,0.0672673,0.0732905,0.0741294,0.0713956,0.0743637,0.0768908,0.0749816,0.0739183,
0.0738802,0.0679753,0.073786,0.0742416,0.0742341,0.0746799,0.077003,0.0750488,0.0740732,
0.074665,0.0693274,0.0745989,0.075834,0.0756471,0.0747081,0.0772541,0.0755616,0.0743886,
0.0752727,0.0697952,0.0760119,0.0772307,0.0758926,0.0751867,0.0772988,0.0763029,0.0744629,
0.0767643,0.0754053,0.0786248,0.0773687,0.0762862,0.0765671,0.0773513,0.0770973,0.0754139,
0.077378,0.0756558,0.0786529,0.0774521,0.0767573,0.0776945,0.0783,0.0780973,0.0764139,
0.0780255,0.0760757,0.078916,0.07787,0.0770203,0.0787416,0.079713,0.0786221,0.0772456,
0.0789194,0.0768681,0.080038,0.078992,0.0772212,0.0801546,0.0798389,0.079887,0.0783551,
0.0797343,0.0775794,0.0801502,0.080405,0.0778945,0.0812261,0.0807301,0.0801214,0.0797681,
0.0807211,0.0785344,0.0825221,0.0813577,0.0782954,0.0815728,0.0821431,0.0803726,0.0809703,
0.0811107,0.0788209,0.0826637,0.0813962,0.0795633,0.081971,0.082367,0.0807283,0.081375,
0.0815373,0.0789632,0.083226,0.081476,0.0796892,0.0828622,0.0831613,0.0810445,0.0818762,
0.0823658,0.0791323,0.0840204,0.0821293,0.0804835,0.0834932,0.0845743,0.0815457,0.0835476,
0.0832613,0.0805453,0.0845827,0.0839118,0.0808384,0.0835495,0.0856215,0.0820804,0.0849606,
0.0837967,0.0814573,0.0849458,0.0840685,0.082261,0.0837121,0.0860288,0.0822311,0.0856686,
0.0844829,0.081558,0.0853532,0.0861054,0.0836642,0.0841588,0.0864004,0.0829044,0.0857187,
0.0858658,0.0826052,0.0864752,0.0875184,0.0838855,0.0844976,0.091636,0.0836987,0.08661,
0.0871118,0.0840182,0.0866991,0.0889314,0.0841385,0.0847494,0.093049,0.0886543,0.0866547,
0.0882082,0.0847295,0.087053,0.0889332,0.084457,0.0889884,0.0930741,0.0889494,0.0894807,
0.0888577,0.0848113,0.088466,0.0889474,0.0846467,0.0898797,0.0936365,0.0903624,0.0901117,
0.0904378,0.0857299,0.093466,0.0903604,0.084992,0.0912927,0.0943609,0.0917754,0.0915247,
0.091778,0.0867299,0.0938291,0.0931864,0.0871158,0.0924949,0.0957739,0.0921565,0.0929377,
0.0928713,0.0878519,0.0949006,0.0935176,0.087367,0.0939079,0.0962206,0.0948544,0.0943502,
0.0935359,0.089369,0.0953793,0.0937856,0.0882647,0.0944208,0.0962837,0.0948952,0.0958888,
0.0937852,0.0895904,0.0953805,0.0938747,0.088488,0.0944496,0.097078,0.095177,0.0962436,
0.0945815,0.0902391,0.0954805,0.0954783,0.0887135,0.0954496,0.0971692,0.09659,0.0975319,
0.0953907,0.0916521,0.0962767,0.095925,0.0889032,0.0968626,0.0985822,0.0973862,0.0975371,
0.0956126,0.0917715,0.0962795,0.0968184,0.0891819,0.0972795,0.0986161,0.0974044,0.0975494,
0.0961829,0.0924795,0.0963917,0.096967,0.090189,0.0973707,0.0986516,0.0988174,0.0985966,
0.0969463,0.092597,0.0978047,0.0970559,0.0906079,0.098601,0.100065,0.10023,0.0986089,
0.0975883,0.0927313,0.0992177,0.0972569,0.090891,0.100014,0.100074,0.101643,0.098878,
0.0989578,0.0947408,0.104778,0.0974798,0.090908,0.101427,0.100454,0.101795,0.10008,
0.0997772,0.0957366,0.104799,0.0975798,0.0919151,0.102258,0.101576,0.102859,0.101493,
0.100318,0.0973775,0.104815,0.0976845,0.0922336,0.10242,0.102698,0.103078,0.102235,
0.101361,0.100911,0.104915,0.0989996,0.0925463,0.103312,0.104111,0.103819,0.102271,
0.101867,0.102324,0.105166,0.0991116,0.0928301,0.104725,0.104185,0.104174,0.102422,
0.102326,0.102499,0.105208,0.0992623,0.0934656,0.105114,0.104217,0.105006,0.103835,
0.103458,0.102544,0.106621,0.100858,0.0938196,0.106527,0.10563,0.106419,0.105248,
0.104106,0.103045,0.106807,0.101018,0.0952326,0.10794,0.107043,0.106459,0.105307,
0.104626,0.103077,0.106852,0.101909,0.0963626,0.107996,0.107544,0.107167,0.106103,
0.105205,0.10449,0.107353,0.101987,0.0967636,0.108464,0.108236,0.107556,0.106795,
0.105628,0.104795,0.107424,0.102153,0.0978107,0.109124,0.109283,0.107563,0.106874,
0.106475,0.107244,0.107913,0.102543,0.0981292,0.109319,0.109572,0.108793,0.108287,
0.107098,0.107458,0.109326,0.102794,0.0982419,0.110732,0.110985,0.108856,0.108392,
0.107621,0.108867,0.109371,0.103922,0.0984674,0.110812,0.111116,0.109406,0.109008,
0.108349,0.109222,0.109513,0.104035,0.0991804,0.111488,0.112529,0.110406,0.110421,
0.109286,0.110593,0.10992,0.104348,0.0995785,0.112901,0.113942,0.111694,0.111315,
0.110084,0.111017,0.111333,0.104461,0.10084,0.114314,0.114942,0.112386,0.111381,
0.110828,0.112024,0.112746,0.104936,0.101038,0.115055,0.115017,0.113017,0.112794,
0.112037,0.112732,0.113029,0.109175,0.101751,0.115512,0.11643,0.113463,0.114207,
0.113119,0.114145,0.11557,0.109806,0.102386,0.115959,0.117842,0.113622,0.11562,
0.113763,0.115558,0.115715,0.110604,0.102639,0.11603,0.118404,0.115035,0.116121,
0.114539,0.11612,0.115755,0.111128,0.102892,0.117443,0.119817,0.115624,0.117534,
0.114863,0.116135,0.115834,0.111926,0.103293,0.118184,0.120172,0.115801,0.117554,
0.11531,0.11618,0.115897,0.112671,0.104716,0.118408,0.120183,0.116849,0.117577,
0.11594,0.117593,0.116039,0.112813,0.105014,0.119363,0.1202,0.117511,0.11899,
0.116449,0.118387,0.116138,0.112926,0.105171,0.119577,0.121459,0.117531,0.120403,
0.11728,0.119385,0.117551,0.114339,0.105171,0.12099,0.121459,0.117531,0.121816,
0.119374,0.119401,0.118964,0.118528,0.106368,0.122403,0.122872,0.124596,0.121863,
0.120345,0.119535,0.119315,0.118844,0.109933,0.123816,0.122885,0.125158,0.123276,
0.120735,0.119798,0.119371,0.120224,0.110093,0.124863,0.12299,0.125174,0.123369,
0.121168,0.120592,0.120077,0.120238,0.110294,0.124874,0.124403,0.125274,0.123593,
0.121664,0.120905,0.120377,0.120576,0.110651,0.125183,0.125294,0.126687,0.123639,
0.123268,0.128759,0.120503,0.121111,0.112247,0.126596,0.125353,0.127734,0.123839,
0.123857,0.129083,0.121211,0.1219,0.112901,0.128009,0.125854,0.127813,0.124084,
0.124322,0.129561,0.121507,0.122013,0.113517,0.12851,0.126073,0.129226,0.124164,
0.125017,0.129564,0.121975,0.122751,0.11494,0.12951,0.126098,0.130298,0.124998,
0.125799,0.129788,0.123388,0.122769,0.115082,0.130923,0.126322,0.131711,0.126411,
0.126548,0.129798,0.123725,0.122927,0.116347,0.132336,0.127735,0.131724,0.127791,
0.127396,0.13106,0.12459,0.12344,0.116526,0.133348,0.129148,0.132537,0.128516,
0.128188,0.131561,0.125039,0.124252,0.116752,0.134761,0.130561,0.1328,0.129778,
0.128913,0.131575,0.126797,0.126039,0.117152,0.135141,0.130812,0.133613,0.130176,
0.130275,0.132988,0.129041,0.128294,0.117359,0.136554,0.132225,0.135026,0.130713,
0.130898,0.133619,0.129407,0.128639,0.118772,0.137967,0.132633,0.135048,0.131102,
0.131436,0.133629,0.129658,0.131123,0.119891,0.138003,0.132685,0.135247,0.131253,
0.133042,0.135042,0.133622,0.132373,0.120458,0.139416,0.134098,0.13666,0.132666,
0.133783,0.136455,0.133976,0.132961,0.120809,0.140287,0.135511,0.136673,0.133593,
0.134281,0.136835,0.134153,0.133559,0.120984,0.140309,0.136924,0.137303,0.134182,
0.135123,0.137835,0.134783,0.134804,0.121342,0.141722,0.137632,0.138098,0.134771,
0.13583,0.139094,0.135021,0.135067,0.121595,0.143135,0.138754,0.138687,0.13529,
0.136382,0.139177,0.13507,0.135367,0.123191,0.143796,0.138837,0.1401,0.135514,
0.137282,0.139493,0.136483,0.135668,0.124482,0.145209,0.138979,0.141513,0.136426,
0.138174,0.13983,0.137896,0.136795,0.124978,0.146622,0.140392,0.142364,0.136515,
0.139009,0.139855,0.138021,0.137017,0.12603,0.148035,0.140562,0.143215,0.139341,
0.140857,0.14692,0.138383,0.138017,0.127139,0.149448,0.141975,0.144217,0.140754,
0.142101,0.149746,0.139975,0.13943,0.128151,0.150861,0.143388,0.144441,0.140819,
0.143094,0.151159,0.14065,0.140583,0.128373,0.151362,0.143394,0.145854,0.143379,
0.144068,0.151475,0.141084,0.141655,0.128476,0.152775,0.14622,0.146976,0.14388,
0.144932,0.152888,0.141487,0.141911,0.128701,0.154188,0.147633,0.147701,0.144945,
0.146305,0.153003,0.147726,0.14229,0.129414,0.155601,0.148545,0.148656,0.145208,
0.14725,0.153203,0.148014,0.143535,0.130827,0.157014,0.149616,0.150069,0.145722,
0.148386,0.153519,0.149427,0.143892,0.134874,0.158427,0.150043,0.150204,0.146699,
0.149085,0.153531,0.15084,0.144456,0.136632,0.158463,0.151456,0.150323,0.14698,
0.149619,0.153978,0.150849,0.144662,0.136986,0.158491,0.151855,0.151736,0.148393,
0.150143,0.154041,0.150942,0.146421,0.137387,0.158669,0.152977,0.151752,0.148955,
0.150914,0.155454,0.151052,0.146558,0.137497,0.160082,0.15439,0.153165,0.149111,
0.15123,0.155541,0.151265,0.147028,0.13775,0.161495,0.154394,0.153177,0.149185,
0.151825,0.155584,0.15167,0.14792,0.138357,0.161996,0.155135,0.15459,0.149346,
0.153065,0.156997,0.152196,0.150403,0.13977,0.163409,0.155562,0.156003,0.150178,
0.153795,0.156998,0.153609,0.15056,0.140841,0.164822,0.156975,0.156097,0.15046,
0.154805,0.157003,0.15475,0.151973,0.143371,0.164835,0.158388,0.15751,0.150611,
0.155457,0.158416,0.155352,0.152025,0.143529,0.166248,0.15855,0.15751,0.152024,
0.155733,0.158423,0.155431,0.152663,0.144426,0.166248,0.158759,0.157516,0.152396,
0.156996,0.159335,0.161083,0.152667,0.144513,0.166462,0.160172,0.157923,0.153809,
0.157446,0.159393,0.161136,0.152834,0.144826,0.167204,0.161106,0.157934,0.155133,
0.159367,0.159756,0.161335,0.161312,0.146071,0.167324,0.162519,0.16076,0.155858,
0.160783,0.161169,0.161559,0.161642,0.147201,0.168737,0.163566,0.161908,0.160482,
0.161277,0.161751,0.161575,0.163238,0.14724,0.17015,0.163683,0.162053,0.160527,
0.162309,0.16191,0.164199,0.163247,0.147636,0.171563,0.165096,0.163466,0.161359,
0.163568,0.163155,0.165612,0.16563,0.147666,0.172851,0.166509,0.165513,0.161612,
0.163802,0.163168,0.16565,0.165636,0.148116,0.17319,0.166549,0.166014,0.16209,
0.164375,0.163236,0.165663,0.167049,0.148759,0.173414,0.167962,0.166767,0.162154,
0.164823,0.164649,0.166515,0.167463,0.149037,0.173475,0.167987,0.166779,0.162676,
0.165574,0.166156,0.167717,0.168876,0.149238,0.173617,0.168941,0.166799,0.163248,
0.166197,0.166256,0.168973,0.170078,0.149794,0.173686,0.169504,0.167593,0.163694,
0.166951,0.167669,0.169088,0.170265,0.150361,0.175004,0.170212,0.167902,0.165107,
0.167681,0.168991,0.169831,0.170322,0.151757,0.176417,0.170507,0.168076,0.165544,
0.168554,0.169011,0.171244,0.170457,0.153103,0.177514,0.17192,0.168967,0.166212,
0.16969,0.169056,0.172315,0.170493,0.153371,0.178927,0.1723,0.172492,0.168568,
0.170666,0.170469,0.172946,0.171069,0.153655,0.18034,0.172757,0.17411,0.169981,
0.171526,0.171881,0.173035,0.171628,0.15388,0.181753,0.17417,0.174465,0.171394,
0.172433,0.173294,0.173177,0.17191,0.15433,0.183166,0.175292,0.175878,0.172417,
0.173387,0.174707,0.173739,0.172097,0.155375,0.184579,0.176705,0.177291,0.172605,
0.173881,0.174855,0.174034,0.172295,0.155825,0.185992,0.176728,0.17855,0.172769,
0.174063,0.174967,0.174291,0.172304,0.156275,0.186255,0.176781,0.178654,0.172978,
0.175105,0.174992,0.174433,0.172582,0.157105,0.187668,0.178194,0.180067,0.175804,
0.176062,0.176405,0.175683,0.172808,0.158518,0.189081,0.179607,0.180104,0.176293,
0.176652,0.177818,0.177096,0.173165,0.159152,0.189107,0.180156,0.180116,0.176609,
0.176947,0.177874,0.17732,0.173342,0.159865,0.18912,0.180334,0.180641,0.177077,
0.177688,0.178685,0.177727,0.173419,0.160286,0.189933,0.180909,0.182054,0.17849,
0.178308,0.179629,0.178299,0.17358,0.160512,0.191346,0.181668,0.182231,0.179198,
0.179424,0.180108,0.181673,0.17408,0.16083,0.192054,0.183081,0.182956,0.180611,
0.180351,0.182875,0.181785,0.175007,0.161056,0.193101,0.184494,0.183664,0.180824,
0.181192,0.183256,0.182736,0.175185,0.163065,0.194276,0.185083,0.184356,0.181583,
0.182164,0.18327,0.183967,0.175626,0.164478,0.195689,0.186496,0.184507,0.183277,
0.182878,0.183382,0.184365,0.179,0.165875,0.195763,0.186666,0.184655,0.183322,
0.183396,0.184795,0.184523,0.17956,0.166205,0.19595,0.186729,0.184675,0.184735,
0.183791,0.184858,0.184576,0.179828,0.167103,0.195967,0.188142,0.18476,0.185098,
0.185136,0.187684,0.185989,0.180025,0.169492,0.19738,0.189555,0.185468,0.185496,
0.186582,0.187784,0.188815,0.181092,0.170236,0.198793,0.19351,0.186268,0.186155,
0.187048,0.187834,0.188866,0.182534,0.170686,0.198988,0.193761,0.187159,0.186554,
0.188362,0.18787,0.189044,0.184444,0.171796,0.199605,0.195174,0.188261,0.190705,
0.189751,0.187892,0.189606,0.185333,0.178481,0.200605,0.196587,0.188598,0.190909,
0.190939,0.187912,0.190457,0.185491,0.179189,0.200655,0.196745,0.195928,0.191134,
0.191357,0.189325,0.191088,0.185941,0.179401,0.201102,0.196805,0.19593,0.191268,
0.191593,0.189342,0.191533,0.186739,0.179719,0.201155,0.196862,0.195943,0.191454,
0.192876,0.190849,0.192089,0.189245,0.181634,0.201172,0.197797,0.197356,0.192867,
0.193415,0.192262,0.192294,0.189632,0.182269,0.20232,0.197979,0.197401,0.193162,
0.194851,0.194844,0.194472,0.191045,0.183666,0.202502,0.199392,0.198814,0.194072,
0.195798,0.196103,0.194672,0.19175,0.185262,0.203915,0.199649,0.200227,0.194805,
0.196832,0.196143,0.194923,0.192592,0.186618,0.205328,0.199781,0.20164,0.197631,
0.197591,0.196163,0.196336,0.19326,0.186974,0.206741,0.200489,0.203053,0.19771,
0.198895,0.196208,0.196405,0.193442,0.18717,0.208154,0.201902,0.203107,0.204775,
0.200091,0.197621,0.196812,0.193457,0.187527,0.208214,0.202017,0.21027,0.204812,
0.200416,0.197729,0.197343,0.193593,0.18894,0.20834,0.202269,0.21028,0.204837,
0.201021,0.198062,0.199576,0.194011,0.189166,0.209411,0.202284,0.210446,0.205209,
0.202131,0.198618,0.200374,0.196837,0.189671,0.210243,0.203697,0.210983,0.206622,
0.203749,0.201444,0.206613,0.197313,0.190801,0.210457,0.20511,0.211074,0.207184,
0.205338,0.201649,0.206837,0.202965,0.192592,0.211181,0.206523,0.212362,0.208597,
0.206236,0.203062,0.207399,0.203085,0.193154,0.211463,0.207936,0.213775,0.21001,
0.206657,0.203221,0.207936,0.203141,0.19316,0.212722,0.209195,0.213859,0.210018,
0.207248,0.203285,0.20794,0.203656,0.193582,0.214135,0.209205,0.21475,0.211431,
0.208215,0.204698,0.208478,0.204728,0.193774,0.215548,0.210618,0.215032,0.212844,
0.209391,0.20648,0.208558,0.206141,0.194223,0.219787,0.212031,0.215057,0.212854,
0.210374,0.207893,0.209039,0.208967,0.194491,0.219823,0.212044,0.21647,0.214267,
0.211105,0.209306,0.211675,0.209083,0.194941,0.22024,0.212149,0.217131,0.21432,
0.212394,0.210768,0.214514,0.210261,0.194958,0.221653,0.213562,0.218544,0.214891,
0.213518,0.211702,0.214877,0.21122,0.196371,0.222544,0.215695,0.219435,0.216304,
0.21516,0.21403,0.215032,0.218285,0.196924,0.223338,0.217108,0.219698,0.216867,
0.216335,0.214738,0.216141,0.218786,0.199047,0.223941,0.219934,0.221111,0.216981,
0.217269,0.214763,0.216315,0.219678,0.203286,0.225353,0.220185,0.221211,0.217359,
0.217924,0.21569,0.217093,0.220937,0.204522,0.225371,0.220501,0.221493,0.217783,
0.219012,0.219929,0.218095,0.22095,0.205962,0.225725,0.22098,0.221671,0.218783,
0.2206,0.220005,0.218457,0.220967,0.212113,0.227138,0.222393,0.224497,0.21923,
0.221127,0.221194,0.218796,0.221005,0.21247,0.227897,0.222469,0.224573,0.22061,
0.222432,0.225353,0.220483,0.222418,0.212828,0.228729,0.223882,0.225111,0.220653,
0.223133,0.226766,0.222051,0.222815,0.213541,0.229109,0.22394,0.225714,0.221132,
0.223997,0.226868,0.222179,0.223397,0.215212,0.230156,0.22449,0.227127,0.222545,
0.224892,0.226896,0.222705,0.223595,0.215971,0.231569,0.225903,0.22854,0.223958,
0.225572,0.226916,0.223639,0.224045,0.216605,0.232982,0.227316,0.228614,0.224458,
0.226335,0.228329,0.224979,0.224606,0.217318,0.233075,0.228729,0.228649,0.224995,
0.22728,0.228808,0.225949,0.227432,0.21763,0.233193,0.230142,0.228678,0.226408,
0.227874,0.229659,0.226343,0.227786,0.218031,0.233243,0.231344,0.229179,0.227408,
0.22948,0.230491,0.229155,0.228895,0.21835,0.234656,0.231771,0.234831,0.227694,
0.230759,0.231491,0.229393,0.233113,0.219247,0.236069,0.232662,0.236243,0.227853,
0.231289,0.232151,0.2295,0.233594,0.220255,0.236385,0.232682,0.236538,0.229205,
0.231647,0.232286,0.2297,0.234105,0.220715,0.236832,0.233424,0.23679,0.229328,
0.232428,0.232304,0.231238,0.234271,0.222128,0.238245,0.233475,0.238203,0.229557,
0.233055,0.232349,0.232651,0.23453,0.22259,0.239658,0.233533,0.239325,0.229808,
0.234724,0.233762,0.238392,0.235943,0.222991,0.241071,0.234946,0.240738,0.229953,
0.236256,0.236588,0.241218,0.238769,0.223189,0.242484,0.235687,0.240748,0.231366,
0.236765,0.237219,0.241256,0.2394,0.223368,0.242489,0.236481,0.241542,0.232366,
0.2372,0.238131,0.241266,0.239401,0.223652,0.242507,0.237372,0.241782,0.233488,
0.238796,0.238177,0.242679,0.239402,0.223659,0.24392,0.238785,0.243195,0.240553,
0.239061,0.238617,0.242681,0.239406,0.223708,0.244043,0.240198,0.243257,0.24058,
0.239451,0.238631,0.243005,0.239485,0.223769,0.244091,0.242609,0.243398,0.240622,
0.240254,0.240044,0.244418,0.240205,0.224773,0.244654,0.242668,0.2446,0.240669,
0.24088,0.240915,0.245397,0.241058,0.225065,0.246067,0.242854,0.244602,0.241087,
0.241406,0.241486,0.24545,0.241485,0.2256,0.246069,0.243149,0.246015,0.241999,
0.241688,0.242024,0.245473,0.241493,0.225779,0.247328,0.243213,0.246143,0.24205,
0.242399,0.242096,0.245724,0.241823,0.226086,0.248741,0.243278,0.247167,0.244279,
0.243151,0.242679,0.246191,0.243594,0.226487,0.250154,0.243867,0.247925,0.244308,
0.24486,0.242742,0.246824,0.245007,0.227884,0.250442,0.252345,0.24804,0.245596,
0.245638,0.244155,0.24824,0.245096,0.2282,0.250822,0.253758,0.248364,0.246467,
0.246018,0.244471,0.248542,0.245252,0.229322,0.251036,0.254248,0.248505,0.24677,
0.246833,0.245478,0.249955,0.245409,0.22998,0.251352,0.254908,0.248714,0.248864,
0.247771,0.245759,0.250353,0.245573,0.231403,0.252765,0.255908,0.250127,0.250277,
0.248727,0.245862,0.250379,0.246986,0.232376,0.254178,0.257321,0.25102,0.25169,
0.250743,0.247275,0.250891,0.248106,0.232601,0.255591,0.257463,0.260911,0.253103,
0.251804,0.250453,0.251208,0.249519,0.233157,0.257004,0.258876,0.260952,0.253265,
0.252939,0.250711,0.253023,0.253758,0.233514,0.257045,0.258957,0.262365,0.254136,
0.254335,0.252124,0.255703,0.253761,0.233522,0.258458,0.26037,0.263778,0.256962,
0.254722,0.252138,0.255705,0.253862,0.233537,0.25864,0.260827,0.26469,0.258375,
0.254816,0.252163,0.255813,0.254311,0.233601,0.258663,0.260867,0.264725,0.258387,
0.255485,0.252234,0.255836,0.254369,0.233608,0.260076,0.261169,0.264955,0.261638,
0.256644,0.256794,0.255872,0.254654,0.234256,0.261335,0.262582,0.265749,0.261907,
0.257626,0.25962,0.258414,0.2553,0.234969,0.261981,0.262839,0.265813,0.262069,
0.258699,0.261033,0.260222,0.258126,0.235643,0.262062,0.263202,0.267226,0.262077,
0.25924,0.261396,0.260356,0.259036,0.236428,0.262953,0.263218,0.26825,0.262281,
0.259493,0.261478,0.26041,0.259071,0.236994,0.263844,0.263359,0.268281,0.262505,
0.259913,0.26149,0.260515,0.259184,0.237999,0.263901,0.264772,0.268738,0.262704,
0.260518,0.261659,0.261492,0.259297,0.238893,0.265314,0.265566,0.269027,0.262895,
0.2612,0.261694,0.262905,0.260542,0.240143,0.266727,0.265634,0.269031,0.262924,
0.26197,0.261703,0.265731,0.260959,0.241094,0.266788,0.265796,0.269348,0.264337,
0.262661,0.263116,0.265872,0.261733,0.241407,0.267135,0.267209,0.269385,0.265434,
0.263218,0.263563,0.266097,0.261846,0.241973,0.268548,0.267433,0.269441,0.266847,
0.264017,0.264582,0.266202,0.263259,0.242822,0.268619,0.268555,0.270854,0.267246,
0.265069,0.264999,0.266372,0.268858,0.243535,0.269619,0.268696,0.271136,0.267335,
0.266223,0.265143,0.26876,0.269316,0.245131,0.271032,0.269104,0.272549,0.268748,
0.267008,0.267627,0.26884,0.26933,0.245666,0.271663,0.269812,0.272967,0.270161,
0.268152,0.267629,0.270253,0.270743,0.247233,0.273076,0.271225,0.273481,0.271574,
0.269261,0.267636,0.274492,0.270943,0.248498,0.273345,0.272638,0.274894,0.271646,
0.269584,0.267636,0.275447,0.270959,0.249128,0.273846,0.272671,0.274894,0.272093,
0.26973,0.267695,0.275518,0.270996,0.249422,0.273847,0.272953,0.274902,0.27251,
0.270023,0.26874,0.275577,0.270998,0.249619,0.273947,0.27342,0.275165,0.272719,
0.272184,0.268791,0.276034,0.273824,0.256508,0.27536,0.274833,0.277991,0.274132,
0.2734,0.270204,0.277447,0.274243,0.256761,0.276773,0.276246,0.279404,0.276119,
0.274148,0.270249,0.277846,0.274343,0.259245,0.278186,0.276289,0.279495,0.277532,
0.275482,0.271662,0.279259,0.27445,0.261329,0.279599,0.277702,0.280908,0.278945,
0.276403,0.271719,0.279376,0.274489,0.262749,0.281012,0.279115,0.283734,0.279034,
0.277056,0.271895,0.279457,0.274498,0.264758,0.28141,0.27969,0.284297,0.280447,
0.278072,0.27318,0.27947,0.275911,0.265006,0.282322,0.282516,0.284314,0.28186,
0.279506,0.273362,0.280883,0.284389,0.265186,0.282434,0.282574,0.284877,0.282347,
0.280035,0.27407,0.281151,0.284408,0.265504,0.283847,0.283298,0.285585,0.282419,
0.280689,0.274072,0.282531,0.284463,0.265757,0.283899,0.284397,0.286562,0.283832,
0.281577,0.274376,0.282581,0.285458,0.267154,0.285312,0.28581,0.287975,0.283947,
0.282679,0.275548,0.283709,0.285481,0.269278,0.286725,0.285945,0.287975,0.286773,
0.283085,0.275727,0.284369,0.285503,0.269412,0.286726,0.28674,0.288017,0.288186,
0.284285,0.278882,0.284767,0.285532,0.270293,0.287775,0.288153,0.28943,0.289445,
0.285417,0.279055,0.285313,0.286945,0.273119,0.289034,0.289566,0.289448,0.290858,
0.286477,0.280313,0.286726,0.288358,0.273372,0.289788,0.290128,0.290861,0.292271,
0.287416,0.282589,0.28695,0.288661,0.273691,0.291201,0.291477,0.291339,0.293419,
0.288174,0.284276,0.287108,0.288686,0.273916,0.292614,0.291728,0.292752,0.29431,
0.289059,0.284718,0.28725,0.288837,0.275707,0.294027,0.293109,0.294011,0.294811,
0.290134,0.285347,0.288372,0.289034,0.27712,0.29544,0.294522,0.295424,0.295811,
0.290645,0.286477,0.289263,0.289191,0.277828,0.296148,0.294968,0.295456,0.295832,
0.29123,0.286927,0.289852,0.291057,0.278025,0.296198,0.294994,0.295634,0.297151,
0.291913,0.28834,0.290541,0.291373,0.278383,0.296699,0.296407,0.295792,0.297767,
0.293227,0.289929,0.293025,0.292786,0.278666,0.298112,0.29782,0.296293,0.29918,
0.294226,0.291342,0.294142,0.293447,0.278867,0.299525,0.298995,0.297706,0.299783,
0.295028,0.292464,0.29432,0.294155,0.279151,0.300938,0.299886,0.299119,0.30019,
0.296688,0.293877,0.301369,0.294526,0.27947,0.302351,0.300933,0.300532,0.300447,
0.297562,0.294403,0.30151,0.295053,0.282,0.302537,0.302346,0.300562,0.302088,
0.298864,0.294443,0.302923,0.296502,0.286456,0.30257,0.302546,0.301975,0.303501,
0.300035,0.295761,0.304336,0.296727,0.288446,0.303983,0.303959,0.303388,0.303679,
0.300571,0.295857,0.304419,0.296828,0.289644,0.304013,0.305372,0.303557,0.304881,
0.300936,0.295968,0.304464,0.297109,0.290444,0.304016,0.305489,0.303702,0.306294,
0.302085,0.296568,0.305877,0.297156,0.294683,0.305429,0.306748,0.303777,0.306439,
0.303509,0.306459,0.305966,0.297247,0.294936,0.305664,0.307261,0.303904,0.306638,
0.30503,0.306489,0.311966,0.298751,0.295286,0.307077,0.307301,0.305317,0.308051,
0.305772,0.306587,0.312674,0.299312,0.29557,0.30849,0.308714,0.30673,0.308097,
0.306358,0.307658,0.312779,0.299471,0.295854,0.309903,0.30876,0.306929,0.30951,
0.307314,0.309071,0.312965,0.300601,0.297584,0.310044,0.310173,0.307147,0.310923,
0.308275,0.310484,0.314378,0.300672,0.298031,0.311457,0.311173,0.307906,0.312098,
0.308834,0.310502,0.31494,0.300873,0.299718,0.311788,0.31164,0.309028,0.312179,
0.309508,0.310534,0.315092,0.301185,0.300616,0.3127,0.313692,0.30994,0.312308,
0.310057,0.310772,0.315107,0.301235,0.301104,0.314113,0.314323,0.310082,0.313721,
0.310326,0.311558,0.315186,0.301404,0.301505,0.314163,0.314449,0.310295,0.314052,
0.31195,0.312189,0.315981,0.306751,0.301906,0.315738,0.315862,0.311708,0.315465,
0.313712,0.313602,0.316051,0.308559,0.302606,0.317151,0.317275,0.31736,0.317091,
0.314067,0.314535,0.316076,0.308709,0.302832,0.318564,0.317316,0.317388,0.317114,
0.314234,0.314615,0.316121,0.308826,0.303189,0.318575,0.317327,0.317705,0.317512,
0.3149,0.314816,0.31632,0.309029,0.303481,0.319988,0.31874,0.319118,0.317712,
0.316081,0.317311,0.317253,0.309099,0.305575,0.321401,0.320153,0.319434,0.31842,
0.317543,0.321131,0.31793,0.30932,0.306076,0.322814,0.321566,0.321678,0.319833,
0.318437,0.321356,0.318479,0.309639,0.306748,0.324227,0.322979,0.323091,0.320981,
0.3195,0.321396,0.319892,0.310204,0.307646,0.32564,0.324392,0.32444,0.322394,
0.320698,0.321897,0.322285,0.312352,0.308003,0.326762,0.324994,0.324756,0.324537,
0.321647,0.32331,0.323236,0.313058,0.308287,0.328111,0.326407,0.324819,0.32595,
0.322875,0.324569,0.323941,0.314916,0.309417,0.328742,0.32782,0.326232,0.327363,
0.324024,0.325158,0.32535,0.316181,0.310314,0.330155,0.329233,0.327645,0.328157,
0.324918,0.325327,0.325398,0.320597,0.310764,0.330863,0.329701,0.328458,0.328233,
0.326038,0.32614,0.325716,0.32131,0.313438,0.332276,0.32991,0.329871,0.329646,
0.327447,0.33228,0.326628,0.321423,0.314012,0.333689,0.331322,0.330041,0.330183,
0.328333,0.332289,0.330032,0.321566,0.314584,0.333903,0.332173,0.331359,0.330759,
0.329707,0.332314,0.330371,0.321745,0.319857,0.335316,0.333107,0.332772,0.332172,
0.331073,0.332364,0.331784,0.32652,0.32025,0.336729,0.33452,0.332835,0.333585,
0.331579,0.333777,0.332023,0.326966,0.321255,0.336741,0.335314,0.332867,0.333692,
0.332042,0.33519,0.332352,0.327017,0.321299,0.336755,0.335368,0.333869,0.334486,
0.332256,0.335194,0.332387,0.327102,0.321618,0.337667,0.335431,0.334093,0.334557,
0.333519,0.335216,0.335394,0.329608,0.321815,0.33908,0.33602,0.335506,0.335512,
0.334343,0.335908,0.335506,0.33225,0.322099,0.340493,0.337369,0.335521,0.335601,
0.335016,0.33591,0.335838,0.33239,0.322945,0.340702,0.338392,0.33694,0.337014,
0.335806,0.33601,0.337251,0.332491,0.324248,0.340991,0.338674,0.338353,0.338427,
0.337075,0.337423,0.338664,0.332803,0.325591,0.342404,0.340087,0.338374,0.341253,
0.337661,0.337549,0.340077,0.333253,0.326656,0.342412,0.340286,0.338386,0.342666,
0.338142,0.337574,0.340871,0.333316,0.327291,0.342414,0.340849,0.339799,0.343021,
0.33854,0.337798,0.341318,0.333352,0.327405,0.342614,0.342262,0.340154,0.343419,
0.339103,0.339023,0.341332,0.333398,0.327653,0.344027,0.343675,0.340172,0.343548,
0.339635,0.339888,0.341695,0.334196,0.327878,0.344168,0.345088,0.340565,0.343604,
0.340229,0.340837,0.341751,0.334906,0.329009,0.344392,0.345312,0.341978,0.343646,
0.341019,0.341453,0.342003,0.336664,0.329809,0.345805,0.345378,0.34248,0.344558,
0.342217,0.341459,0.344829,0.33684,0.33074,0.347218,0.346791,0.343893,0.345971,
0.342994,0.342704,0.345192,0.336904,0.33104,0.348631,0.348204,0.344916,0.34636,
0.343385,0.342955,0.345262,0.337157,0.33113,0.349193,0.348671,0.344941,0.347773,
0.344267,0.343802,0.345617,0.338287,0.332386,0.349204,0.349302,0.346354,0.349186,
0.345039,0.345215,0.345998,0.338371,0.333186,0.349394,0.350715,0.347767,0.349664,
0.346053,0.345342,0.346488,0.340281,0.333742,0.350807,0.352128,0.348562,0.351077,
0.348645,0.346755,0.356379,0.344374,0.334025,0.35222,0.352941,0.349975,0.35249,
0.350328,0.349581,0.357792,0.348613,0.334725,0.353633,0.354354,0.350025,0.353903,
0.35223,0.350994,0.359205,0.355678,0.335525,0.353915,0.355767,0.351438,0.355316,
0.35339,0.352407,0.362495,0.355877,0.336922,0.353986,0.355856,0.352851,0.356729,
0.354136,0.352443,0.363386,0.355894,0.339187,0.355399,0.356211,0.353483,0.357084,
0.355576,0.352471,0.364799,0.35592,0.340765,0.356812,0.357624,0.357722,0.358497,
0.356743,0.352724,0.364934,0.35597,0.341328,0.357258,0.357979,0.365052,0.358701,
0.357189,0.354137,0.365536,0.356295,0.341833,0.357472,0.35823,0.365057,0.358953,
0.358015,0.35555,0.365544,0.357708,0.342288,0.357515,0.359643,0.365503,0.360366,
0.358957,0.356963,0.365779,0.357762,0.342476,0.358928,0.361056,0.366916,0.361779,
0.359631,0.357098,0.365874,0.35966,0.342795,0.360341,0.361163,0.368329,0.361788,
0.360943,0.358511,0.366229,0.364767,0.342996,0.361754,0.361377,0.369742,0.362169,
0.361272,0.358787,0.366233,0.365138,0.343353,0.361932,0.361471,0.369745,0.363518,
0.361459,0.358828,0.366238,0.365183,0.343356,0.362448,0.362033,0.369997,0.36359,
0.361839,0.359006,0.367009,0.365197,0.344769,0.362678,0.362328,0.370078,0.36365,
0.363315,0.359259,0.368422,0.368974,0.34667,0.363969,0.364542,0.370819,0.363864,
0.364836,0.360672,0.369835,0.3718,0.347112,0.365382,0.367368,0.371246,0.365277,
0.366554,0.362085,0.375487,0.373213,0.347736,0.366795,0.367723,0.37129,0.368103,
0.36721,0.363347,0.3769,0.373339,0.348019,0.367356,0.369136,0.371319,0.368262,
0.367452,0.363391,0.376912,0.37348,0.348303,0.367514,0.369767,0.371542,0.368708,
0.36907,0.366071,0.377005,0.377968,0.348622,0.368927,0.37118,0.372664,0.370121,
0.37032,0.367074,0.378005,0.377982,0.349335,0.369927,0.371496,0.373063,0.375682,
0.371277,0.367375,0.378294,0.378,0.351022,0.37134,0.372618,0.374476,0.377095,
0.372251,0.36755,0.379707,0.378013,0.351557,0.372753,0.374031,0.375889,0.378508,
0.373262,0.367621,0.380707,0.378035,0.352505,0.375579,0.374429,0.377302,0.379921,
0.374172,0.367874,0.38212,0.379448,0.352861,0.376579,0.375842,0.377316,0.381334,
0.374859,0.368127,0.382828,0.379451,0.35305,0.377468,0.377255,0.377947,0.382747,
0.375401,0.368343,0.382829,0.37967,0.353303,0.377959,0.378351,0.378592,0.38416,
0.376239,0.369602,0.383624,0.381083,0.353529,0.378004,0.379764,0.378831,0.385478,
0.377691,0.371015,0.385037,0.381481,0.35375,0.382243,0.381177,0.381349,0.38548,
0.379197,0.372421,0.385562,0.387133,0.353947,0.383656,0.381203,0.382762,0.386893,
0.38024,0.373834,0.38559,0.387255,0.355077,0.385069,0.382616,0.384175,0.388306,
0.381444,0.375438,0.387003,0.387277,0.357903,0.386481,0.384029,0.384574,0.388843,
0.382595,0.376062,0.388415,0.387295,0.360729,0.387894,0.385442,0.385574,0.389345,
0.383635,0.376959,0.389537,0.387384,0.362142,0.389307,0.386004,0.386987,0.390758,
0.385178,0.379785,0.39095,0.388797,0.363565,0.390102,0.387417,0.390021,0.390786,
0.386156,0.382611,0.391062,0.39021,0.364126,0.391515,0.387436,0.390089,0.392199,
0.386323,0.382794,0.391091,0.390236,0.364289,0.391931,0.387564,0.390191,0.392488,
0.386955,0.384731,0.391137,0.390319,0.364573,0.393344,0.388195,0.390373,0.392966,
0.388988,0.391796,0.39255,0.392757,0.364774,0.394256,0.389608,0.391786,0.394379,
0.39003,0.392971,0.393963,0.393215,0.365175,0.395669,0.391021,0.393199,0.395025,
0.39176,0.39317,0.39714,0.393259,0.369941,0.397082,0.392434,0.394612,0.396438,
0.393016,0.39325,0.397203,0.393269,0.372773,0.398495,0.393847,0.397438,0.397851,
0.393638,0.393263,0.397251,0.393719,0.372964,0.399908,0.39526,0.397472,0.399264,
0.394082,0.394676,0.397502,0.393888,0.374307,0.399992,0.395323,0.397562,0.399405,
0.394525,0.394701,0.398915,0.395168,0.374458,0.400308,0.395413,0.397562,0.399674,
0.394909,0.395238,0.398951,0.395601,0.374655,0.40031,0.395891,0.397926,0.400697,
0.395602,0.396651,0.398976,0.395642,0.374666,0.400539,0.397304,0.399338,0.401697,
0.396153,0.396664,0.398988,0.396118,0.374919,0.401952,0.398259,0.40054,0.401781,
0.396881,0.397786,0.399435,0.396826,0.375485,0.402864,0.398835,0.401953,0.401862,
0.397716,0.399199,0.399622,0.397977,0.377382,0.404277,0.399321,0.401991,0.401957,
0.398298,0.39945,0.4001,0.398021,0.37784,0.404491,0.399858,0.403404,0.403216,
0.399354,0.399462,0.400457,0.398148,0.378171,0.405613,0.401271,0.407643,0.40407,
0.40058,0.400062,0.401713,0.399046,0.380666,0.406709,0.401796,0.407753,0.406896,
0.401671,0.400541,0.402888,0.402839,0.382089,0.40677,0.403209,0.407911,0.407125,
0.402048,0.401474,0.403139,0.402881,0.382689,0.407052,0.403607,0.407981,0.407561,
0.402291,0.402133,0.403216,0.402975,0.382914,0.40711,0.403842,0.408244,0.407892,
0.403267,0.403021,0.40328,0.405074,0.38341,0.407869,0.405191,0.408985,0.409305,
0.404405,0.404434,0.405618,0.406009,0.383635,0.409282,0.406604,0.409779,0.409881,
0.40529,0.405143,0.405718,0.409574,0.383954,0.409807,0.406624,0.410826,0.410675,
0.406475,0.405206,0.407307,0.409774,0.385927,0.41122,0.408037,0.412239,0.412088,
0.407722,0.408992,0.407939,0.40978,0.387046,0.412632,0.40945,0.413652,0.412283,
0.40837,0.409029,0.408256,0.409794,0.387219,0.415458,0.409752,0.413752,0.413696,
0.409432,0.409218,0.412672,0.409994,0.388226,0.415813,0.409878,0.415165,0.41449,
0.411259,0.409418,0.42115,0.411116,0.389011,0.417226,0.411878,0.415177,0.415093,
0.411913,0.410831,0.421302,0.412529,0.389362,0.41724,0.412812,0.415222,0.416005,
0.41255,0.412244,0.421365,0.41277,0.389481,0.417381,0.41396,0.415784,0.417418,
0.413207,0.413873,0.421555,0.412948,0.389765,0.418794,0.414684,0.416359,0.417681,
0.413866,0.414308,0.421703,0.413522,0.390018,0.420207,0.415535,0.417772,0.417859,
0.414759,0.415747,0.421792,0.414278,0.391025,0.42162,0.415982,0.419091,0.418535,
0.416121,0.41716,0.4225,0.41435,0.393149,0.423033,0.418808,0.420024,0.419948,
0.41709,0.417224,0.423675,0.414799,0.395975,0.424446,0.420221,0.420333,0.42005,
0.417649,0.417475,0.424566,0.415241,0.397105,0.424457,0.420228,0.42075,0.421368,
0.417929,0.418327,0.424744,0.415243,0.397128,0.424525,0.420485,0.421458,0.42152,
0.418612,0.418368,0.424751,0.415249,0.398443,0.425938,0.421048,0.422167,0.422933,
0.418662,0.418409,0.424752,0.415249,0.398722,0.42596,0.421054,0.422216,0.422935,
0.418692,0.418414,0.424764,0.415324,0.398798,0.426015,0.42106,0.42222,0.422938,
0.418895,0.418441,0.424775,0.415329,0.399082,0.426053,0.421467,0.422226,0.423789,
0.42057,0.418661,0.424898,0.421192,0.400042,0.426121,0.42288,0.426465,0.424302,
0.421357,0.41992,0.425898,0.421226,0.400933,0.427533,0.422928,0.427878,0.424542,
0.422332,0.42523,0.427311,0.421544,0.401411,0.427733,0.422947,0.427922,0.424559,
0.422697,0.425512,0.427365,0.42156,0.402515,0.427859,0.423623,0.428031,0.425109,
0.423396,0.425541,0.427477,0.424567,0.403144,0.427979,0.424226,0.428772,0.425464,
0.425228,0.426771,0.427793,0.429233,0.409144,0.429154,0.424872,0.429274,0.425584,
0.426107,0.428184,0.428915,0.430551,0.409954,0.42958,0.425931,0.429346,0.426391,
0.427105,0.428424,0.429057,0.430645,0.410784,0.430105,0.426284,0.430197,0.431347,
0.428353,0.428755,0.429888,0.432058,0.412142,0.431518,0.428091,0.43161,0.43276,
0.43019,0.430168,0.436953,0.433471,0.413219,0.431834,0.429504,0.43261,0.43376,
0.431079,0.431059,0.437123,0.43371,0.415219,0.432281,0.430504,0.433565,0.435173,
0.432045,0.432161,0.438536,0.43373,0.416064,0.432898,0.431055,0.43392,0.437999,
0.432495,0.432562,0.438714,0.434012,0.416627,0.433399,0.431233,0.434,0.439412,
0.433032,0.433975,0.438971,0.434027,0.416832,0.434044,0.432525,0.434151,0.439736,
0.434275,0.435299,0.439062,0.43544,0.41719,0.435457,0.433938,0.436669,0.441149,
0.435121,0.435654,0.439312,0.435691,0.417443,0.43687,0.435351,0.438082,0.442562,
0.435897,0.436091,0.439369,0.437104,0.417668,0.438283,0.436764,0.439153,0.442744,
0.437066,0.438917,0.43987,0.43993,0.417869,0.439632,0.437339,0.439516,0.443452,
0.437525,0.44033,0.440121,0.440002,0.418048,0.44004,0.437735,0.439914,0.444014,
0.438319,0.440611,0.440299,0.440032,0.420532,0.440565,0.437762,0.441327,0.445427,
0.43899,0.440613,0.441712,0.44006,0.420835,0.440919,0.439175,0.44274,0.445863,
0.439545,0.441176,0.441844,0.440202,0.421835,0.441811,0.440436,0.443095,0.445963,
0.440008,0.441226,0.442638,0.440387,0.422223,0.44236,0.440745,0.443108,0.447376,
0.440166,0.441573,0.442867,0.440409,0.422506,0.442376,0.44094,0.44317,0.447486,
0.441027,0.441589,0.44428,0.440812,0.422852,0.443033,0.442353,0.444583,0.448716,
0.442741,0.444415,0.447106,0.441457,0.423203,0.444446,0.445179,0.445996,0.450129,
0.443181,0.445306,0.448365,0.441537,0.423486,0.444645,0.445461,0.446421,0.450229,
0.443364,0.445363,0.448384,0.441983,0.423936,0.444728,0.445465,0.446775,0.450279,
0.443877,0.445408,0.448454,0.442016,0.424321,0.445374,0.445565,0.448188,0.451692,
0.444322,0.445438,0.448645,0.442111,0.425047,0.446787,0.446241,0.448512,0.451797,
0.445045,0.446851,0.449369,0.442469,0.427397,0.44739,0.446389,0.448583,0.451915,
0.445481,0.446901,0.450441,0.442522,0.428642,0.447396,0.446926,0.448631,0.452393,
0.4462,0.446903,0.451072,0.442993,0.4288,0.447648,0.448339,0.450044,0.453806,
0.44752,0.448319,0.452485,0.448645,0.429324,0.448095,0.448901,0.450185,0.454204,
0.449013,0.449732,0.453898,0.450058,0.434324,0.449162,0.450314,0.450191,0.454428,
0.449161,0.450006,0.454149,0.450094,0.434827,0.449265,0.450323,0.450192,0.454434,
0.449212,0.450037,0.454238,0.450134,0.434835,0.44949,0.450325,0.450195,0.454438,
0.44943,0.450762,0.454695,0.450204,0.435125,0.449541,0.450416,0.450206,0.454495,
0.44984,0.451025,0.454958,0.450296,0.435937,0.450963,0.450519,0.450472,0.454552,
0.451316,0.451082,0.456371,0.453122,0.43711,0.451059,0.450647,0.455172,0.455965,
0.452458,0.452495,0.457371,0.453502,0.439921,0.452321,0.45262,0.45533,0.456106,
0.453694,0.453908,0.458049,0.453602,0.443893,0.454012,0.45373,0.455459,0.456901,
0.454694,0.455078,0.459462,0.454165,0.445129,0.454909,0.454839,0.456872,0.457096,
0.456613,0.456491,0.460875,0.460594,0.445579,0.456322,0.456252,0.458285,0.458509,
0.457754,0.457904,0.4613,0.462007,0.445804,0.457735,0.457665,0.459698,0.459922,
0.457973,0.457932,0.4613,0.462032,0.44603,0.457755,0.457685,0.459714,0.461335,
0.459087,0.460758,0.461389,0.462095,0.447373,0.458111,0.459098,0.461127,0.462748,
0.459534,0.460884,0.461891,0.462105,0.447597,0.45937,0.460511,0.461167,0.462748,
0.459781,0.460899,0.463304,0.462127,0.447604,0.459482,0.460515,0.461366,0.462953,
0.459862,0.460927,0.463343,0.462128,0.448005,0.459553,0.460608,0.461369,0.462959,
0.460836,0.460931,0.465343,0.464222,0.448728,0.459633,0.462021,0.461441,0.464372,
0.461468,0.462344,0.465425,0.464229,0.44901,0.461046,0.463143,0.462151,0.4644,
0.462881,0.469409,0.466496,0.464292,0.449113,0.462459,0.464208,0.462225,0.464847,
0.463343,0.469535,0.467909,0.464325,0.449273,0.462624,0.46533,0.462255,0.465492,
0.465915,0.470948,0.469322,0.465738,0.449778,0.472066,0.466743,0.467064,0.465662,
0.466839,0.471264,0.470581,0.46588,0.450094,0.473479,0.468156,0.468476,0.466784,
0.467832,0.471559,0.471994,0.465904,0.450804,0.474892,0.469569,0.469889,0.468043,
0.468931,0.471759,0.472075,0.467317,0.45206,0.476305,0.470982,0.47008,0.470869,
0.469463,0.473172,0.472465,0.467819,0.452313,0.476574,0.471776,0.470679,0.470904,
0.469722,0.473334,0.472944,0.468075,0.452631,0.476826,0.471789,0.470837,0.471338,
0.470401,0.4734,0.473007,0.468739,0.452798,0.478239,0.473202,0.471071,0.472751,
0.471318,0.474575,0.473522,0.468868,0.453051,0.479652,0.474491,0.472484,0.473899,
0.472027,0.475575,0.473969,0.470868,0.453193,0.480543,0.475232,0.472901,0.473935,
0.473147,0.476137,0.474005,0.476467,0.454323,0.481204,0.475284,0.473464,0.474289,
0.474297,0.476282,0.475418,0.476507,0.455146,0.482463,0.476573,0.47629,0.475702,
0.474527,0.476291,0.475456,0.476521,0.456143,0.482779,0.476889,0.47641,0.475725,
0.474802,0.476309,0.475582,0.476561,0.456543,0.482855,0.476905,0.476525,0.477137,
0.475043,0.477309,0.47574,0.476572,0.456623,0.483171,0.477129,0.476581,0.477217,
0.475348,0.477315,0.475868,0.476927,0.457023,0.483283,0.478084,0.476863,0.477416,
0.476601,0.478728,0.476579,0.479445,0.457276,0.484696,0.478975,0.478276,0.478829,
0.477343,0.479291,0.478086,0.479571,0.457525,0.486109,0.479866,0.47829,0.480007,
0.477635,0.479391,0.478678,0.479612,0.457704,0.486216,0.480129,0.479122,0.480231,
0.478331,0.479428,0.4787,0.481122,0.458417,0.487149,0.480411,0.479231,0.482185,
0.480057,0.482254,0.482939,0.481154,0.460546,0.488562,0.481824,0.479578,0.483598,
0.480465,0.482274,0.483228,0.481174,0.461484,0.488838,0.482946,0.480166,0.483611,
0.480814,0.482278,0.483273,0.481929,0.461839,0.488857,0.482948,0.481579,0.483811,
0.480928,0.483003,0.483284,0.481973,0.461862,0.488873,0.483029,0.481588,0.483813,
0.481105,0.483578,0.483365,0.481978,0.46189,0.488885,0.483102,0.482174,0.48387,
0.481906,0.483646,0.483584,0.482193,0.462115,0.490298,0.483126,0.485,0.485283,
0.483473,0.486051,0.483835,0.483315,0.462399,0.491711,0.484539,0.486413,0.489522,
0.48417,0.486653,0.485476,0.483685,0.4626,0.493124,0.485586,0.486489,0.489746,
0.484569,0.486746,0.485508,0.48381,0.4634,0.493184,0.485868,0.487902,0.490135,
0.486063,0.486754,0.486284,0.48393,0.468796,0.494597,0.487281,0.489315,0.491548,
0.486829,0.487003,0.487406,0.484213,0.469747,0.49601,0.488694,0.489732,0.49183,
0.487399,0.488416,0.488531,0.484614,0.469926,0.497423,0.488698,0.489732,0.491851,
0.487505,0.488472,0.488587,0.484749,0.470204,0.497429,0.488726,0.489779,0.492091,
0.488241,0.489594,0.488869,0.484806,0.470453,0.497638,0.490139,0.491192,0.493239,
0.488988,0.489744,0.49071,0.485509,0.470632,0.499051,0.490934,0.491639,0.493686,
0.490653,0.490744,0.49627,0.486109,0.471137,0.500464,0.492347,0.493052,0.495099,
0.491577,0.493363,0.496552,0.487337,0.471772,0.501877,0.492909,0.49323,0.495577,
0.492633,0.49371,0.496667,0.491156,0.472902,0.502106,0.493526,0.494489,0.496511,
0.494012,0.494601,0.496918,0.491357,0.478777,0.502997,0.494939,0.495283,0.497222,
0.494441,0.49463,0.498331,0.491676,0.47901,0.50441,0.494945,0.495294,0.497232,
0.494567,0.494686,0.49838,0.491676,0.479011,0.504425,0.495078,0.495701,0.497579,
0.494763,0.494689,0.498388,0.492057,0.479635,0.50443,0.495591,0.495724,0.497592,
0.495699,0.49535,0.501124,0.49347,0.480135,0.505843,0.495808,0.496079,0.497787,
0.496081,0.496763,0.501455,0.493745,0.480418,0.505898,0.496003,0.496568,0.4978,
0.496746,0.497325,0.501474,0.493889,0.480644,0.506117,0.498935,0.497439,0.498147,
0.497299,0.497395,0.501506,0.494079,0.480897,0.507497,0.499484,0.498852,0.498684,
0.497935,0.497634,0.501545,0.494278,0.482027,0.50891,0.500439,0.499923,0.498721,
0.498785,0.498482,0.501992,0.494556,0.482476,0.509844,0.500735,0.499937,0.502261,
0.499076,0.498532,0.502127,0.494907,0.482772,0.509865,0.502148,0.499965,0.502289,
0.499624,0.498554,0.50276,0.495027,0.483122,0.509944,0.502503,0.501378,0.503702,
0.500376,0.498705,0.50286,0.496616,0.483822,0.510196,0.503916,0.502791,0.5041,
0.502472,0.501531,0.503839,0.505094,0.484071,0.511609,0.505329,0.502794,0.505513,
0.503051,0.502325,0.504956,0.505173,0.484247,0.51162,0.506588,0.503355,0.506144,
0.503273,0.502332,0.504957,0.505207,0.484525,0.511624,0.506613,0.504768,0.506159,
0.503898,0.50296,0.505665,0.505224,0.484844,0.513037,0.506775,0.505108,0.507572,
0.504268,0.503021,0.506296,0.505562,0.485181,0.514109,0.507253,0.505137,0.507582,
0.505772,0.503337,0.507709,0.505582,0.486762,0.514338,0.512905,0.50655,0.508995,
0.506923,0.503893,0.508664,0.505724,0.4871,0.515751,0.514318,0.510789,0.509147,
0.507685,0.50421,0.508684,0.508511,0.488891,0.516459,0.514351,0.510874,0.509502,
0.508221,0.504799,0.509,0.509444,0.489101,0.516579,0.514927,0.511003,0.510915,
0.508508,0.505277,0.509463,0.509565,0.48918,0.516659,0.515882,0.511073,0.510965,
0.508876,0.505448,0.509479,0.509606,0.489406,0.517319,0.515961,0.512486,0.511304,
0.509946,0.50646,0.510125,0.511019,0.489631,0.518732,0.517374,0.51351,0.512717,
0.511478,0.506906,0.51719,0.511169,0.490267,0.520145,0.518787,0.514581,0.512783,
0.513207,0.516797,0.517246,0.511523,0.491397,0.521558,0.518861,0.514763,0.513507,
0.514066,0.516902,0.517446,0.512256,0.493651,0.521846,0.520036,0.515471,0.51492,
0.515006,0.517007,0.517728,0.512534,0.496793,0.522507,0.521449,0.516884,0.515145,
0.515207,0.517013,0.517848,0.512629,0.4978,0.522685,0.521455,0.516905,0.515324,
0.51567,0.51746,0.519261,0.512912,0.49785,0.523048,0.522249,0.516937,0.515642,
0.516656,0.517618,0.519352,0.518148,0.498208,0.523494,0.523662,0.516955,0.515812,
0.51765,0.519031,0.519493,0.519561,0.498492,0.523954,0.525075,0.518368,0.517225,
0.517945,0.519056,0.519623,0.51985,0.498849,0.525367,0.5251,0.51848,0.517233,
0.518363,0.519238,0.519686,0.519991,0.499958,0.525537,0.525121,0.519893,0.517484,
0.519109,0.520651,0.520539,0.520247,0.50016,0.526659,0.525813,0.519911,0.518897,
0.519662,0.520766,0.520596,0.520287,0.501919,0.526817,0.527226,0.520227,0.519462,
0.520477,0.520794,0.522551,0.520399,0.502548,0.527668,0.527338,0.52164,0.520875,
0.521383,0.522315,0.522623,0.520738,0.50409,0.529081,0.528751,0.522177,0.521285,
0.522403,0.523728,0.522925,0.52099,0.504316,0.530494,0.529774,0.522883,0.524111,
0.523968,0.523823,0.529164,0.521879,0.504766,0.531907,0.53009,0.523178,0.526937,
0.525123,0.526648,0.529611,0.522069,0.505047,0.533166,0.531503,0.524591,0.52835,
0.525859,0.526789,0.531024,0.522196,0.505612,0.533278,0.532916,0.525291,0.529763,
0.52693,0.527147,0.532436,0.522353,0.508438,0.533768,0.534329,0.526704,0.530265,
0.52809,0.528739,0.532464,0.523766,0.508757,0.534768,0.537155,0.528117,0.530956,
0.529071,0.530152,0.532544,0.525179,0.509386,0.536181,0.538568,0.528188,0.532369,
0.529733,0.531565,0.53286,0.526592,0.509635,0.536598,0.539199,0.529022,0.532392,
0.530184,0.534083,0.533095,0.526631,0.509913,0.536832,0.539205,0.529032,0.532681,
