1.5,7,-1,2.5,2.5,-13,-8.5,-14,-26,
1.5,-5.5,-12.9,-12.4,-6,-26.9,-23.4,-28.5,-32.9,
1.5,-18.9,-14.9,-24.4,-22.4,-27.9,-29.4,-13,1.2,
1.5,1.50142,1.50142,1.50142,1.50142,1.50142,1.50142,1.50142,1.50142,
1.5,6,8,2.5,14.5,-2.4,3.5,-33.4,-13.5,
1.5,-16.9,-12.4,-31.9,-14.9,-48.9,-36.9,-13,-44.4,
1.5,-26.4,-33.6,-31.9,-28.9,-36.4,-33.4,-12.5,-33.4,
1.5,-2.6,1.50142,1.50142,-9.9,10.5,1.50142,-15.9,10.6,
1.5,-3.9,-2.8,3.5,-7.4,-24.9,-12.9,-33.9,-28.9,
1.5,-17.4,-15.3,-22.9,-16.9,-31.9,-32.3,-6.2,-37.9,
1.5,-13.7,-21.7,-23.6,-21.6,-29.6,-24.4,-13,6.8,
1.5,-21.1,-19.6,-3.5,1.50142,7,3.5,-15.4,-12.9,
1.5,-10,-13.2,-11.2,-1.2,-10.4,-10.4,-10.5,-46.2,
1.5,-18.4,-19.9,-23.9,-18.9,-36.9,-33.4,-20.6,-33.4,
1.5,-10.2,-5.4,-20.4,-19.9,-21.1,-22.9,-13,0.8,
1.5,-18.4,-17.7,1.4,-20.2,-10.5,3.2,-16.3,-17.7,
1.5,-5,-26.7,-8.4,-5,-22.9,-14.7,-29.5,-24.2,
1.5,-15.2,11.3,-21.2,-8.2,-30,-26.2,-13,-28,
1.5,-19.1,-5.8,-27.5,-23.7,-18.5,-16.4,-13,-23.9,
1.5,-34.9,-30.2,-25,-22.9,-26.9,-14.4,-13,-21,
1.5,4.6,-6.2,0.5,17.7,-17.5,-14,-16.5,-25.5,
1.5,-10.4,-1.9,-11,-13.4,-32.4,-19.6,-25.9,-40.4,
1.5,-12.9,-14.9,-17.6,-21.7,-27.9,-35.9,-20.4,-33.1,
1.5,-7.9,-20.7,-14.9,-11.9,-16.4,-13.4,-10.5,11.6,
1.5,-15,-11.4,-15.9,17.1,-9.9,2,-12.4,-14.5,
1.5,-29.4,-12,-20.3,-4.3,-22.9,-11.8,-45.3,-24.8,
1.5,-7.8,-10.8,-22.9,-10.3,-16.9,-27.8,-35.4,-16.8,
1.5,-3.9,-5.4,-9.4,-18.9,-21.4,-7.4,-13,-7.5,
1.5,-9.9,-16.4,-19,-1.9,-11,-6.5,-16,-13.5,
1.5,-25,-18,-17.4,-1.5,-22.5,-20,-13,-20.5,
1.5,0.6,-10.9,-20,-23.7,-16.2,-18,-21.9,-14.4,
1.5,-1.4,-1.2,-22.5,-9.5,-28.9,-20.8,-10.5,-31.4,
1.5,-22,-24,-14,-20.3,-15.6,-30.6,5.7,-5.9,
1.5,-27,-8.8,-3,-14.6,-32.1,-19.1,-13,-44.1,
1.5,17.4,-10.1,-25.6,-16.5,-0.5,-11.7,-19.4,-21.2,
1.5,-6.6,-10,1.5,-10.3,-24.9,-13.1,-18.4,1.50142,
1.5,-2.3,8.5,-24.4,-5.1,-10.3,1,-10,-18.8,
1.5,-17.3,-19.8,-8.8,0.6,-20.6,-9.1,-13,-34.6,
1.5,-7.5,-5.4,-22.4,-6.7,-14,-30.9,-34.9,-32.4,
1.5,-6.5,-8.1,-12.1,-29.6,-9.9,-29.6,-9.5,-18.2,
1.5,-25.5,-11.5,-3,-14,-7.7,-8,-12.5,-8,
1.5,-8.5,4,-5.7,-6,-10.5,-9.5,-9.5,-20,
1.5,-11.2,-6.1,-17.4,-16.7,-23.6,-20.2,-25.6,-32.6,
1.5,-30.9,-30.9,-15.6,-17.9,-10.1,-35.4,-26.1,-44.9,
1.5,5.4,7.1,0.8,-19.4,-10.7,-15.4,-10.5,8.4,
1.5,-1.1,-19.2,-19.1,9.6,-16.1,-24.1,-31.1,-30.6,
1.5,-20,-0.6,-18.6,-2.7,-10.1,-10.1,-31.1,-22.5,
1.5,-7.6,-18.6,-13.1,-4.6,-15.6,-17.1,-27.1,-20.1,
1.5,3.1,3.9,-16.1,-6.6,-26.9,-18.9,-13,-24.4,
1.5,-13.5,-4.5,-23.9,-16.9,-11.4,-22.8,-22.3,-19.3,
1.5,-8.7,-23.4,2.5,-29.2,-28.7,-25.5,-12.5,-30.2,
1.5,2.5,-26.8,-25.4,0.4,-12,-9.5,-13,15.9,
1.5,-33.4,4.6,-10.5,1.50142,-24.4,-12.9,-16,-20.9,
1.5,-12.9,-18.4,-12.8,-6.4,-24.9,-27.3,-13,-25.9,
1.5,-10.3,-9,-13.4,-24.4,-22.4,-23.4,-31.9,-37.9,
1.5,-19.9,-31.8,-7,-30.4,-37.6,-28.4,-10.5,-40.4,
1.5,-24.6,-12.1,-24.9,3.6,0.1,-33.9,-23.4,5.5,
1.5,-3.9,-8.4,2.5,-19.9,-20.2,-12,-30.2,-17.6,
1.5,-11,-10.2,-18.2,-8.5,-27.5,-4,-40.5,-36.1,
1.5,-20.9,-17.2,-18.9,-11.4,-34.4,-34.9,-12.5,-24.4,
1.5,-16.9,-9.3,-31.9,-16.9,-12.4,-7.8,-12,6.8,
1.5,-38.1,-23.9,-19.4,-11.1,-29.6,-18.1,-19.8,-27.8,
1.5,-3.7,-4.9,-20.5,-26.2,-17.7,-36.4,-9.5,-33.7,
1.5,-5.5,-25.7,-17.2,-14.4,-26.9,-18.4,-33.9,-33.9,
1.5,-15.4,-11.8,-13.9,-17.4,-9.9,-9.9,-27.9,-44.9,
1.5,-9.9,0.1,-4.4,13.2,-13.9,-18.4,-18.9,-11.8,
1.5,8.1,9.5,-15.4,5.2,-20.4,-12.4,-12.5,-17.4,
1.5,-13.9,-8.9,-6.9,2.6,-11.5,-15.9,-10,-8.5,
1.5,-14,-0.5,2.1,-9.9,-17.6,-16,-12.5,-6,
1.5,-2.2,-6.2,-16.2,-15,-11,-4.6,-12.5,-23.4,
1.5,-32,-15,-18.4,-12.1,-28.5,-13.4,-39.4,-30.9,
1.5,-16.5,-10.6,-20.9,-9.1,-29.1,-10.6,-33.4,-31.9,
1.5,-4.3,-2.6,-13.3,-0.1,-17.9,-19.6,-8.1,-3.5,
1.5,-4.8,6.8,-6.9,-8.7,-11.2,6.5,-13,-8.2,
1.5,-4.5,-6,-8.8,3.5,-10.5,-3.8,-13,-6.7,
1.5,-15,-5,-16.9,-10.3,-19.5,-8.8,-13,-11.2,
1.5,-14.4,-7.8,-17.7,-6.5,-10.5,-8.8,-13,-11.1,
1.5,-5.2,-15.5,-19.4,-17,-22,-20.3,-12.5,-21.5,
1.5,-11.5,-15.5,-0.9,-18.8,-15.5,-20,-13.3,-20.8,
1.5,1.7,-5.8,3.5,-7.2,-2.8,-3,-12.5,-14.5,
1.5,3.5,6.3,1.8,-1.1,-10.5,-11.8,-18.3,-13,
1.5,-6,9.1,-13.8,-19.3,-27.3,-20.5,-9.5,-25.8,
1.5,-18.9,-18.5,-26.4,-20.5,-10.7,-25.3,-13.8,-17.4,
1.5,-37.9,-31.5,-22.2,-38.9,1.50142,-30.9,-10,-20.1,
1.5,6.8,-4.4,2.4,-2.1,-10,-19.2,-17.9,-17.5,
1.5,-13.9,-5.9,-15.9,-16.4,-33.9,-27.5,-27.9,-43.9,
1.5,-18.4,-17.9,-16.4,-31.4,-28.9,-20.4,-35.4,-32.9,
1.5,1.50142,-14.6,-12.8,-4.4,-10.4,-10.4,-12.5,7.8,
1.5,-1.8,9,3,4.1,0.5,5.5,-17.5,-16.9,
1.5,7.7,-1,-6,0.5,-18.5,-15.4,-10.5,-38.8,
1.5,-18.4,-19.9,-18.5,-18.9,-36.9,-23.9,-34.4,-32.9,
1.5,-14.4,-10.9,-26.9,-16.7,-26.9,-23.9,-10.5,8.7,
1.5,1.1,-9.4,-3.9,-23.2,-10.4,4,-17.8,-6.2,
1.5,-14.2,-11.7,-0.4,-12,-28.3,-9.9,-10.5,-27.3,
1.5,-2.4,-12.9,-27.9,-10.4,-28.9,-25.9,-29.4,-26.4,
1.5,-9.9,-1.9,-39.8,-36.4,-39.9,-36.9,-10,-24.7,
1.5,-32.4,-32.4,-2.9,-10.4,-12.9,-0.8,-9.5,-11.4,
1.5,-12.6,-20.4,4.5,7.1,-19.7,0.6,-9.8,-19.3,
1.5,-12.1,-9.1,-19.2,-14.6,-32.6,-21.1,-31.1,-31.1,
1.5,-26.4,-16.3,-10.4,-22.6,-32.4,-32.6,-31.1,-21.4,
1.5,-0.4,-11.7,-18.1,-9.9,-20.1,-8.5,-10.5,-22.9,
1.5,-17.7,-9.3,-9.2,-8,-11.2,-8.7,-25.9,-3.4,
1.5,-20.7,-18.5,-3.4,-19.5,-12.4,-1.9,-23.9,-14.9,
1.5,-12.7,-1.7,-6.9,2.8,-15.2,-15.2,-13,-28.2,
1.5,2.6,-10.4,-13.4,-13.9,-27.9,-26.4,-26.9,-24.9,
1.5,-4.9,-12.9,-24.9,-32.9,-32.9,-31.4,-10.5,-34.9,
1.5,-26.9,-7.9,-7.9,-10.1,16.1,-7.9,-10.5,15.1,
1.5,-6.9,-9.6,2,-6.9,-9.9,2,-12.5,-11.9,
1.5,-9,-17.5,-20.3,-9.4,-28,-22.4,-24.4,-36.9,
1.5,-21.4,-20.4,-26.9,-17.4,-36.9,-18.4,-34.4,-33.4,
1.5,-12.4,-18.9,-19.4,-4.8,-10.4,-19.4,-11.5,-4,
1.5,-17.7,-2.7,5,-4.2,1,-1.8,-19.5,-7.5,
1.5,-7,-13.3,-7.7,-2.3,-11.2,-16,-20.2,-23.4,
1.5,-4.4,-5.9,-17.7,-4.5,-35.2,-22.4,-10,-20.2,
1.5,-16.7,-12.7,-32.9,-21.5,-24.4,-25.9,-33.9,-32.9,
1.5,-34.4,-17.5,-24.8,-14.4,-26.4,-33.9,-10.5,-5.7,
1.5,3.2,-8.8,3,-33.9,2.6,18.3,-16.4,-3.4,
1.5,-17.9,-27.9,-0.4,-9,-34.4,-22.9,-27.9,-46.9,
1.5,-26.4,-10.5,-16.4,-16.9,-43.4,-16.4,-48.9,-36.4,
1.5,-1.4,-11.9,-12.4,-2.9,-16.9,-11.9,-10.5,-14.9,
1.5,9.1,9,-0.4,-11.9,-3.4,-2,-25.9,-12.9,
1.5,-3.9,-3.4,-6.4,-12.4,-20.4,-3.9,-13,-16.9,
1.5,-10.4,-14.4,-17.4,-1.4,-17.9,-13.9,-20.5,-11.4,
1.5,-23.9,-16.4,-23.9,-15.4,-26.5,-17.3,-12,-19.9,
1.5,-3.7,-15.7,-6.9,-13.8,-10.5,-17.7,-11.5,-12.8,
1.5,-6.3,-12.8,5.5,-25.2,-22.7,-20.3,-23.2,-31.2,
1.5,-7,-33.4,-19.7,1.7,-23.7,-17.1,-23.2,-20.7,
1.5,-16.2,13,-22.7,-7.2,-9.7,-17.1,-9.5,-19.7,
1.5,-20.7,-1.4,-6.2,-13.6,-22.4,-12.9,-31.9,-17.9,
1.5,-7.1,-15,-24,-14.4,-11.6,-25.6,-32.6,-30.6,
1.5,-25.7,-15.8,-13.3,-27.1,-14.9,-32.6,-35.4,-20.4,
1.5,-12.3,-25.4,-20.9,-32.9,-32.9,-19.9,-12.5,-31.9,
1.5,-19.8,-30.4,-16.9,1.50142,-20.4,-30.1,-24.8,-27.9,
1.5,-24.4,1.50142,1.6,-12.5,-32.8,-35.9,-13,-19.8,
1.5,19,-12.4,-31.4,-28.4,-14.9,7.3,-23.6,-29.1,
1.5,-30.9,-19.4,-21.3,1.50142,-30.6,-15.4,-12.5,-31.3,
1.5,-20.5,-23.5,1.50142,-14.6,-34.6,-18.6,-28.1,-25.6,
1.5,-8.6,-22.8,-30.9,-13.1,-36.4,-16.6,-13.1,-38.6,
1.5,-29.1,9.4,-26.4,-17.4,-32.9,-31.9,-19,-21.6,
1.5,-33.4,-18.9,-7.4,-38.1,-26,-28.6,-12,-15.5,
1.5,1.50142,-24.4,-14.9,-1.9,-21.8,-20.9,-27.8,-29.3,
1.5,-11.9,16.1,-12.3,-14.9,-36.4,-37.3,-15.4,-41.4,
1.5,-8.9,-8.9,-15.9,-28.4,-16.9,-28.4,-23.9,-26.4,
1.5,-18.9,-8.9,-7.9,-31.4,-26.7,-29.4,-10,-30.9,
1.5,-0.4,-11.6,-7.4,1.50142,-4.1,0.4,-12,-2.5,
1.5,1.1,8.5,4,-1.4,-18.9,-6.9,-16.4,-28.4,
1.5,-6.9,1.1,-14.9,-9.9,-27.4,-22.4,-31.8,-36.9,
1.5,-19.4,-16.8,-15.4,-12.5,-23.6,-25.9,-13,9,
1.5,-12.9,-10.5,-21.6,-23.9,-11,1,-10.5,-1.9,
1.5,-28.6,-30.2,-17.4,-5.4,-22.2,-8.7,-19.2,-41.4,
1.5,4.6,14.5,-14.2,-2.4,-36.9,-18.9,-18.5,-18,
1.5,-4.4,5.5,-13.9,-18.9,-8.5,-13.4,-28.9,-34.4,
1.5,-20.9,-9.9,-6.4,2.6,-17.9,-16.4,-13.9,10,
1.5,4.1,-4.5,-3.4,-2.4,0.1,7,-12.5,-4.9,
1.5,-1.5,-0.8,2,3,-11,-7,-19,-7.8,
1.5,-9,-9.5,-22.4,-14,-30,-10.8,-12,-26.5,
1.5,-21.5,-22.5,-22,-13,-19.4,-25.4,-18.9,-26.4,
1.5,-29.9,-21,-3.4,-33.4,-26.9,-33.9,-12.5,-16.5,
1.5,17.5,-32.4,-18.4,1.50142,-11,-15,-20,-21.5,
1.5,-7,-6,-5.4,-10,-28,-29,-21,-37,
1.5,-7.5,-8.3,-17.9,-23.8,-21.9,-22.9,-30.1,-20.6,
1.5,-15.9,-23.2,-21.4,1.50142,-12.5,-20.1,-13,-29,
1.5,-20.5,3,-10.5,-2.2,-10.5,-26.8,-13,-12,
1.5,-7.9,-0.3,-17.4,-9.4,-21.7,-18.5,-22.4,-21.2,
1.5,-23.9,-16.2,-11.5,-9,-23.5,-16.5,-13,-27,
1.5,-5.3,-6,-21.4,-14.5,-14.9,-24.4,-24.9,-8.4,
1.5,-5.5,-20.8,-21.3,-31.3,-31.4,-14.9,-10.5,-30.2,
1.5,-25.6,-31.1,-31.1,7,-10.4,-29.5,-11,-14.1,
1.5,-16.1,1,-10.9,-28,-21.8,-15.1,-13,-11.3,
1.5,-8.4,-25.9,-18.8,-24,-27.1,-17.6,-36.6,-28.6,
1.5,-17.3,-32.2,-34.9,1.50142,-42.4,-36.9,-13,-6.9,
1.5,-15.9,1.50142,-15.4,-14.4,-10,1.2,-17.4,-22.9,
1.5,-8.1,-2.8,-12.6,5.6,-29.6,-16.1,-9.5,-46.6,
1.5,-14.2,-5.4,-30,-16.5,-19.9,-34.4,-31.4,-35.4,
1.5,-31,-13,-21.2,-29.9,-35.4,-35.4,-10.5,-4.2,
1.5,-8.1,-6.5,-8.9,-9.9,-3.4,1.50142,-14.2,-8.5,
1.5,-13.1,-6.1,-1.1,-16.6,-31.6,-20.1,-27.6,-41.6,
1.5,-17.9,-13.9,-23.9,-24.7,-36.9,-16.9,-35.9,-34.4,
1.5,-25.4,-21.3,-17.4,-0.4,-10.9,-11.4,-11,7.4,
1.5,0.1,-3.9,3.5,6.7,-4.4,7,-17.4,-12.9,
1.5,-5.4,2.1,-11.5,-8.4,-24.9,-12.9,-19.9,-45.5,
1.5,-17.9,-19.9,-24.9,-17.9,-37.4,-26.4,-32.9,-34.4,
1.5,-14.4,-20.4,-19.9,-10.4,-19.9,-19.4,-13.5,15,
1.5,4.8,-4.7,3.8,-16.2,-10,5,-14.4,-16.2,
1.5,3.6,-11.9,-9.9,-3,-19.3,-10.9,-44.9,-20.9,
1.5,-11.8,-7,-24,-5,-34.4,-27.4,-10,-31.9,
1.5,-22.7,-7.9,-23.4,-25.4,-7.6,-30.1,-18.6,-20.6,
1.5,-32.9,-34.9,2,-29.5,-12.6,-30.1,-21.3,-39,
1.5,1.50142,-1.5,-9.7,1.50142,-24.5,-7.9,-11.7,18.1,
1.5,-17.8,-5.8,-14.8,-8.8,-23.8,-12.8,-32.4,-31.9,
1.5,-9.6,-16.8,-13.2,-13.1,-17.6,-17.6,-13,-0.3,
1.5,-11.2,-11.1,-15.7,0.3,-11,1.6,-16.3,-6.8,
1.5,-22.2,-6.2,-17.4,3.6,-22.9,-13.3,-13,-11.4,
1.5,-7.9,2.7,-9.2,-15.3,-12.5,-11.3,-13,-26.9,
1.5,-11.4,-24.4,-21.5,-19.8,-24.9,-23.9,-34.9,-28.7,
1.5,-28,-26.2,-19.4,-30.2,-31.9,-34.4,-11,-40.4,
1.5,1.3,1.50142,-6.6,-20.4,-12.9,-32.4,-16.8,-23.3,
1.5,-7.9,-11.9,-21.9,1.50142,-28.4,-32.2,-10.5,-37.4,
1.5,-20.9,-23.4,-13.9,-10.6,-19.9,-32.9,-18.9,-23.4,
1.5,-23.9,11.8,-16.9,-27.9,-28.9,-33.4,-9.5,-20.9,
1.5,3.6,-4.4,-4.8,-14.9,10.8,-2.8,-21,-21,
1.5,-16.8,-12.8,4.7,1.50142,-25.2,-18.5,-12.2,-34.7,
1.5,-19.9,-7.9,-23.9,-10.9,-27.4,-32.4,-10,-16.9,
1.5,-30.7,-17.9,-33.4,-25.6,-17.1,-23.9,-16.4,-23.9,
1.5,-16.4,-19.6,8.9,-4.7,-20.2,-17.7,-13.2,-29.7,
1.5,-3.6,-6.7,-17.7,-15.2,-25.6,-31.5,-28.6,-33.1,
1.5,-7.1,-2.1,-31.6,-37.1,-19.9,-16.9,-22.4,-34.9,
1.5,-30.1,-21.9,0.3,5.6,-17.4,-26.4,-19.9,-26.9,
1.5,13.5,3,2.1,-18.9,-13.4,-8.4,-10.5,-9.9,
1.5,-4.9,-7.4,-13.4,-8.9,-22,-8.5,-29.5,-29.5,
1.5,-10,-14.9,-32.4,-13,-18.5,-15,-19.5,-40,
1.5,-15.6,-27.6,-2.5,-5.5,-28.9,-11.9,-23.9,-25.4,
1.5,7,5.1,-10.3,10.1,-7.2,-8.9,-10,-9.9,
1.5,-9.3,-0.9,-2.9,-7,-19.4,-8.3,-15.4,-26.9,
1.5,-12.2,-16.5,-9.2,-17.8,-19.4,-26.4,-12,-35.9,
1.5,-17.8,-10.8,-18.2,-11.9,-28.4,-44.9,-23.9,6.2,
1.5,-6.9,-6.7,-35.9,-20.9,-15.7,-22.5,-19.4,-36.7,
1.5,-12.9,-19.4,5.3,-3.5,-21.9,-25.9,-34.7,-30.9,
1.5,-4.4,1.5,-16.4,-8.4,-4.9,-24.1,-12.5,0.2,
1.5,-15.4,-7.9,-3.7,-10.2,-12,1.3,-13,-18.7,
1.5,-11.2,-17.7,-19.5,0.3,-20.5,-13.7,-24.7,-26.2,
1.5,-9.2,-11.7,-16,-13.8,-23.8,-25.2,-13,-25.2,
1.5,-14,-11.8,-21.7,-23.9,-14.9,-23.4,-13,-15.7,
1.5,-28.2,-30.2,-21.5,-29.9,-22.4,-22.2,-13,-16.2,
1.5,2,-7,2,1.50142,-12.5,-14.4,-13,-20.5,
1.5,-6,-0.5,-10.5,-9.5,-28,-27,-26.4,-27,
1.5,-16.9,-16.2,-13.4,-20.9,-32.9,-14.4,-26.4,-34.9,
1.5,-15.4,-20.3,-13.9,-7.8,-19.9,-12.4,-27.4,5.6,
1.5,3.3,5.7,-4.2,-5.9,-12.4,6.6,-10,-10.9,
1.5,-2.8,-4.2,-10.9,3,-10.8,-9.4,-13.9,-18.8,
1.5,-20.4,-8,-20.4,-18.2,-23.4,-16.8,-9.5,-28.3,
1.5,-19.4,-18.2,-10.9,-16.9,-21.4,-28.4,-17.4,-17.9,
1.5,-9.4,-27.9,1.6,-41.9,-29.4,-29.4,-13.9,-33.9,
1.5,-8.9,-16.9,-26.4,-3.9,5.6,-31.9,-17.7,-16.2,
1.5,-7.9,-19.4,-8.4,-24.1,-11.2,-22.5,-13,-16.2,
1.5,-8.2,-21.7,-12,-23.5,-23.5,-14.4,-19.9,-15.4,
1.5,-18.5,-29.9,-30.1,1.50142,-19.7,-21.9,-13,-22.2,
1.5,-11,1.50142,-23.2,-3.9,-17,-20.7,-25.7,-19.7,
1.5,-6,-4.7,-3.8,-15.1,-32.3,-26.2,-13.5,-27.5,
1.5,-17,-12,-28.6,-23.7,-13.5,-25.9,-15.7,-7.7,
1.5,-25.9,-29.7,-19,-31.9,-11.2,-13.7,-11,-34.9,
1.5,8.5,-4.6,0.9,18.2,-13,-13.4,-15,-13,
1.5,-4.9,3.1,-2.5,-9.4,-25.4,-14.4,-34.9,-25.5,
1.5,-9.4,-7.2,-18.9,-18.8,-32.4,-18.9,-12.5,-38.4,
1.5,-19.1,-16.8,-29.1,-16.9,-17.4,-32.4,-28.4,-19.9,
1.5,-36.3,-23.9,-24.4,-38.1,-35.4,-26.7,-9.5,-16.7,
1.5,4.7,-5.4,1.50142,-0.4,-10.2,-16.9,-19,-16.9,
1.5,-14.9,-8.9,-7.2,-18.4,-34.9,-30.9,-25.9,-44.9,
1.5,-26.9,-19.8,-22.4,-31.1,-33.4,-20.9,-26.9,-24.9,
1.5,-17,-25.6,-15.4,-15.3,-20.9,-13.9,-12.5,-9.3,
1.5,2.1,9,-19.8,-12.9,-11.5,-8.7,-25.4,-19.2,
1.5,-11.7,-4.9,-21.8,-19,-35.9,-29.5,-10.5,-36.1,
1.5,-12.8,-23.8,-12.9,-29.5,-28.9,-34.4,-24.9,-25.4,
1.5,-13.9,-14,-12.3,-44.4,-35.4,-35.9,-11,-22.3,
1.5,-10.9,-32.9,-15.9,1.50142,-9.9,1.50142,-18.7,-22.7,
1.5,2.3,2,4,-1.2,-17.2,-18.7,-13,-13.5,
1.5,3,-4.82164e-15,-13.1,-16.2,-17,-14,-13.2,-17.9,
1.5,-19.1,-10.9,-16,-20.5,-19.2,-5,-13,-22.9,
1.5,-17.5,-17.5,-5,3,-14.7,-19.7,-23.7,-8.7,
1.5,4,-4.5,-12.3,-17.2,-20.7,-14.5,-10,-25.5,
1.5,-11.3,-16.1,-8.8,-13.3,-17,-24.6,-17,-31.5,
1.5,-18,-23.3,-2,-34.3,-10.5,-31.1,-10.5,-40.6,
1.5,-19.4,-1.9,0.4,-10.6,-12.4,-16.9,-11.8,-10.5,
1.5,-1.9,3.3,-13.4,-15.4,-19,-11.4,-16.5,-28.5,
1.5,-14.4,-9.4,-27.5,-19.8,-15.4,-22.4,-13.7,-28.2,
1.5,-15.4,-26.9,-16.9,1.5,-22.9,-14.4,-13,-30.4,
1.5,-15.4,-3.9,-21.2,-12.8,-11.5,-29.6,-13,-8.2,
1.5,-27.6,-19.3,-18.3,-24.5,-28.5,-15.3,-11.9,-36.5,
1.5,-2.8,-4.8,-3.9,-13.9,-11.4,-12.9,-14.4,-3.8,
1.5,-5.9,-1.4,-3.3,-21.9,-27.9,-14.4,-25.9,-37.4,
1.5,-16.4,-11.4,-18.9,6.2,-31.9,-23.9,-25.9,-19.2,
1.5,-18.6,-14.4,-27.1,-9.1,-21.7,-13.6,-10.5,-30.7,
1.5,-25.4,-10.4,-20.7,-13,-20.6,-30.6,-15.9,-10.3,
1.5,-30.8,-23,-30.6,-41.6,-32.1,2.7,-13.6,-28.6,
1.5,-6.6,-29.9,1.50142,1.50142,-16.5,-24.4,-21.9,-28.9,
1.5,-6.6,-3,-12.5,1.50142,-29.1,-33.8,-19.6,-36.1,
1.5,-22.3,-10.3,-17.8,-16.4,-29.3,-25.9,-19.5,-21,
1.5,-18.3,-16.4,-16.3,-20.9,-20.2,-21,-13,-12.9,
1.5,4.1,-18.8,-18.2,-19,-10.2,-10.9,-20.2,-22.7,
1.5,-0.7,-25.5,-16.7,-17.4,-27.2,-29.2,-13,-25.3,
1.5,-7.4,-1.4,-6.9,-27.3,-17.4,-23.4,-15.8,-16.8,
1.5,-6.3,-7.9,1.6,-30.4,-24.6,-23.9,-11,-21.1,
1.5,-8.8,-14.1,-23.8,1.50142,-23.6,-19.6,-32.6,-34.6,
1.5,-12.4,-18.2,-23.6,-16.9,-31.9,-31.9,-13,-7.9,
1.5,-16.1,-9.1,-29.6,-13.6,-11,9.6,-13.5,-18.1,
1.5,-6.5,3.5,-17.9,1.50142,-20.5,10.3,-13,-19.4,
1.5,-16.4,-3.4,-18.5,4.5,-14.5,-17.7,-14,-22.5,
1.5,-25.5,-5.5,-21.3,-15.7,-21,-23,-13,-29.5,
1.5,-5.5,-13.2,-18,-30.7,-22.2,-26.5,-13.9,-23.9,
1.5,-8.1,-38.1,-28.7,-1.9,-30.1,-30.2,-21.1,-32.6,
1.5,-5.4,10.1,1.50142,-19,-12.1,-22.9,-9.5,-9.4,
1.5,7.5,1,-7.6,-21.7,-25.9,-10.4,-12,-19.9,
1.5,-23.7,-12.7,-14.9,17.1,-26.9,-18.7,-17,-23.5,
1.5,-9.4,-17,-19.9,-5.1,-25.5,-23.1,-10,-32.1,
1.5,-18.7,-4.5,-24.4,-22.7,-12.6,-30.1,-22.7,5.3,
1.5,-34.8,-33.2,-22.7,-40,-32.7,-9,-10,-20.2,
1.5,6.3,-14.4,-9.4,1.50142,-9.1,-19.2,-17.7,-16.7,
1.5,-13.4,-6.9,-5.9,-17.4,-34.4,-29.5,-26.4,-26.4,
1.5,12.8,-8,-17.9,-24,-26.9,-18.4,-28.4,-24.4,
1.5,-18.7,-17.7,-10.9,-12.8,-22.4,-18.8,-10.5,-20.9,
1.5,3.6,-12.9,-6.5,-4.3,-5.3,-6.8,-10.5,2,
1.5,-6,-3.8,-5,-6.3,-19.7,-5.7,-17.7,-32.7,
1.5,-17.7,-17.5,-30.2,-17.4,-34.9,-25.9,-37.4,-44.4,
1.5,-12.5,3.1,-10.9,-11.9,-26.9,-24.9,-10,10.2,
1.5,-8.9,-9.9,-24.4,-22.9,-8.1,1.50142,-17.7,-15,
1.5,-34.8,-32.2,-17.5,-8,-27.2,-24.5,-9,-22.5,
1.5,1,12,-25.9,-23.8,-23.5,-22,-21,-23.5,
1.5,-14.9,-7.9,-36.9,-35.4,-35.4,-37.4,-22.4,-47.4,
1.5,-35.4,-22.4,-8.4,-1.9,-15.4,-22.4,-24.9,-15.9,
1.5,-7.4,-0.9,5.5,-7.5,-23.9,-14.9,-9.5,-14.3,
1.5,-6.2,-7.5,-20.7,-11,-20.9,-14.3,-33.4,-29.4,
1.5,-35.3,-22.9,-22.3,-18.4,-39.4,-43.4,-12.5,-45.4,
1.5,-17.7,-16.8,-32.4,-24.9,-14.4,-19.9,-16.4,1.5,
1.5,1.50142,-32.9,-22.3,-14.4,-33.9,-17.9,-12.9,-41.4,
1.5,-10.7,1.2,-20.4,-16.9,-11.9,-32.9,-32.4,-28.4,
1.5,-22.4,-5.4,-12.9,-41.9,-12.6,-36.4,-12.5,-39.1,
1.5,-3.4,-17.9,-13.9,-8.4,-11.5,-0.9,-12.5,-9.5,
1.5,-7.3,-3.9,-1.5,-3.5,-21.5,-7.7,-21,-30.5,
1.5,-8.1,-1.1,-9.5,-15.2,-30.1,-13.1,-31.1,-38.6,
1.5,-8.7,-11.4,-14,-3.6,-19.5,-26.4,-20,5.7,
1.5,-2.2,-8,-12.2,-12.4,-3.2,2.3,-9,-8.7,
1.5,-10.7,-11.4,-2.1,3,-7.5,-7.5,-9,-10.3,
1.5,-13.3,-12,-16,-21,-17,-18.3,-11.5,-21.3,
1.5,-14,-18.5,-16.5,-12.8,-9.3,-19.1,-9.5,-24.7,
1.5,-26,-21.8,5.8,-19,-24.8,-34.3,-13.3,-22.3,
1.5,13.5,-17.5,-21.8,-47.9,-35.9,-3.7,-26.8,-28,
1.5,-26.9,-32.4,-22.4,1.50142,-33.9,-12.4,-12,-32.9,
1.5,-15,1.50142,-16.4,-13.4,-18.9,-28.4,-26.4,-15.5,
1.5,-9.1,-6.9,-10.9,-22.9,-34.9,-14.1,-35.4,-15.1,
1.5,-15.4,-24.7,-18.4,-18.6,-18.4,-19.5,-38.4,-13.7,
1.5,-23.3,-23.6,-23.3,-25.2,-38.9,-19.9,-10,-12.3,
1.5,-9.9,-11.9,-15.4,-6.7,-9.1,-11.8,-14.9,-23.8,
1.5,-3.7,3.1,5,-6.7,-25,-34.2,-19.4,-33.4,
1.5,-2.4,-6.4,-20.4,-30.4,-22.2,-30.9,-26.9,-22.9,
1.5,-20.4,-13.1,-23.7,-16.1,-26.9,1.50142,-16.1,-31.1,
1.5,-11.2,-22.2,-11.7,8,-6.5,-22.1,-9.5,-10,
1.5,-11.3,2.5,-6,-25.7,-16.9,-11.6,-19.4,-23.4,
1.5,-17.6,-16.6,-28.4,-5.8,-30.7,-14.4,-26.7,-36.6,
1.5,-6.9,-6.9,-11.6,-7.4,-21.9,-30.9,-9,4.5,
1.5,-11.8,-0.6,-21.9,-25.6,-8.5,15.5,-17.7,-16.5,
1.5,-35.4,-14.6,-19.5,17.5,-31.7,-8.9,-10,-31,
1.5,1.50142,-3.6,-30.1,-15.6,-22.1,-13.1,-33.6,-31.6,
1.5,-18,-8.1,-32.2,-23.1,-13.4,-24.6,-13.4,-43.9,
1.5,-22.1,-33.1,16.6,-1.3,-21.9,-14.9,-13,-20.9,
1.5,4,4.7,-8.3,-12.3,-17,-18.8,-15.5,-24,
1.5,-14.8,-4.9,-13,-25.3,-20.9,-19.7,-28.7,-29.9,
1.5,-27.4,-17.9,-25.3,1.3,-23.9,-34,-12.5,-32.4,
1.5,-0.7,-10.9,-11.2,-32.9,-12.6,-30.1,-13.8,-11.1,
1.5,1.50142,1.50142,1.50142,1.50142,1.50142,1.50142,1.50142,1.50142,
1.5,11.6,9.5,4.5,-6,-9.9,-6,-12.1,-9.9,
1.5,-2.3,-8.1,-13.1,-0.6,-28.1,-14.1,-12.5,-23,
1.5,-21.4,-9.9,-25.9,-24.6,-29.4,-20.7,-33.7,-19.4,
1.5,-13.4,-24.4,-36.4,-28.1,-17.4,-26.7,-9,-41.4,
1.5,-32.9,-27.4,1.50142,1.50142,9,-32.9,-20.5,-13.9,
1.5,-0.5,-0.5,-7.3,-12.9,-10,-15.9,-19.8,-26.8,
1.5,-3.1,2.6,-20.2,-9.9,-36.2,-11.4,-17.9,-32.9,
1.5,-21.2,-19.7,-27.9,-5.9,-19.4,-27.9,-34.9,-32.9,
1.5,-24.4,-26.4,-15.7,-24.4,-10.4,-29.4,-10,6,
1.5,-1.7,4.7,-4.9,-15.4,-3.1,-4.4,-20.1,-7.6,
1.5,-4.3,-17.9,-17.4,-7.8,-35.9,-18.4,-34.8,-17.9,
1.5,-16.4,-22.8,-15.9,-18.3,-15.9,-17.9,-42.4,-33.4,
1.5,-17.9,-19.8,-17.9,-19.4,-12.9,-35.4,-35.4,-19.9,
1.5,0.1,-1.9,-18.9,-16.4,-15.9,-5.7,-30.9,-26.9,
1.5,-17.9,-3.4,-19.1,-4.7,-30.1,-20.6,-13,-27.1,
1.5,-17,-19,-27.5,-18.6,-11.5,-24.4,-26.5,-22.5,
1.5,-34.9,-16.6,-17.8,-31.3,-32.9,-29,-13,-24.4,
1.5,-1.3,-4.1,-5.9,-4.3,-13.5,-21.3,-17,-16,
1.5,6,10.5,4,-13.4,-32.4,-22,-16.4,-42.9,
1.5,-3.6,-3.4,-25.1,-22.9,-24.1,-26.4,-2.3,-32.1,
1.5,-20.4,-26.9,-24.2,-21.9,-26.6,-17.1,-9,6,
1.5,-10.7,-6.9,1.50142,1.50142,-7.5,-3.4,-8.5,-24.2,
1.5,-7.4,-0.4,-2.5,-9.9,-28.4,-37.2,-33.9,-25.9,
1.5,-20.9,-23.8,-18.9,-27.9,-29.4,-39.4,-37.9,-33.4,
1.5,-12.9,-22.4,-27.4,-27.9,-27.9,-27.9,-10,5.6,
1.5,-27.4,-8.9,-27.4,1.50142,-9.4,2.5,-20.3,-22.7,
1.5,-38.4,-0.9,-19.7,-10.9,-30.3,-14.7,-47,-32.7,
1.5,7.3,-20.9,-25.4,-18.4,-36.4,-10.4,-31.9,-6.5,
1.5,-13.9,-17.3,-13.4,9.1,-17.1,-1.8,-13,-20.4,
1.5,-4.9,-15.4,-6.1,0.2,-11,-12.8,-36.8,-18.8,
1.5,-9.9,-7.3,-16.9,-19.3,-17.4,-17.3,-29.4,-40.4,
1.5,-17.9,-19.5,-19.4,-9.8,-29.9,-34.9,-13,-27.4,
1.5,-14.7,-12.2,-27.5,-31.9,-12,-23.4,-24.5,-20,
1.5,-13.9,-16.1,-19,-29.9,-31.3,1.50142,-13,-24.4,
1.5,-18.5,-16.5,-27.6,1.50142,-9.5,-16.8,-11.3,-8.7,
1.5,-4.9,-16.9,-16.2,5,-17.3,-9.5,-12.9,-20.4,
1.5,-13.9,1.6,-14.3,-7.2,-18.5,-17.4,-15.5,-27.5,
1.5,-21.3,-13.7,-25,-24.4,-27.4,-35.4,-27.4,-10.9,
1.5,-13.4,-12.8,-3.4,-18.4,-31.9,-10.4,-22.4,-15.3,
1.5,11.2,-15.8,-6.1,7.2,-6.6,-13.4,-13,-11.3,
1.5,-1,6.4,1,-5.9,-2.89298e-15,-3.8,-8.5,0.2,
1.5,-0.8,-0.1,-9.3,2.7,-10.8,4.2,-8.5,-14.3,
1.5,-24.2,-10,-22.9,-10,-20.5,-28.3,-10,-20.5,
1.5,-27.2,-8.6,-25,-26.9,-16.7,-24.5,-22.4,-21,
1.5,1.50142,-38.4,6.6,-34.3,-32.5,-12.9,-12,-33.2,
1.5,-26.4,-14.4,-32.9,1.50142,-23.9,-32.9,-25.9,-24.9,
1.5,-17.9,-35.9,-32.2,1.50142,-33.9,-18.4,-25.4,-17.4,
1.5,-26.6,6,1.50142,1.2,-20.9,-12.4,-11.4,-25.6,
1.5,16.5,-5.9,-16.8,-6.9,-24.9,-23.6,-27.1,-35.9,
1.5,-17.4,-16,-25.9,-17.6,-35.4,-42.9,-10.5,-35.4,
1.5,-25.4,-27.9,-33.4,-33.4,-16.4,-10.4,-19.4,-27.9,
1.5,-44.4,-46.9,-29.9,-20.9,-35.4,-20.4,-10,-27.9,
1.5,1.50142,1.50142,1.50142,1.50142,-6.1,-20.4,-23.9,-26.4,
1.5,-13.4,-6.4,-3.9,-16.4,-34.9,-20.4,-19.9,-43.4,
1.5,-5.8,-15.4,-23.9,-17.9,-34.9,-23.9,-25.7,-30.4,
1.5,-21.4,-12.4,-10.9,2.3,-3.6,-8.1,-9,7.5,
1.5,5.1,-5.9,-3.2,-7,-8,2,-8.5,-14.4,
1.5,-2,3,-21.5,-12,-23.5,-27.8,-21.5,-36.9,
1.5,-19,-20.9,-21.4,-18.4,-35.4,-21.4,-32.4,-34.4,
1.5,-9,-20,-19.9,-8,-20.1,-19.9,-10,15.5,
1.5,-18.7,-7,2.3,-18.7,-8.6,2.5,-18,-19.3,
1.5,-8.5,-28.7,-0.2,-8,-28,-10.5,-44.7,-29,
1.5,-20.9,-2.5,-22.9,-13.8,-36.4,-30.8,-30.9,-7,
1.5,-13.2,-13.4,-21.9,-22.1,-17.1,2.5,-12.5,-18.9,
1.5,-20.2,-8.7,6.4,3,-11,-17.4,-19.3,-18.7,
1.5,14,9.5,-2,-24.9,-26.5,-26.2,-13,-21.2,
1.5,-18.9,-24.9,-22.9,-20.2,-27.4,-18.1,-26.4,-23.9,
1.5,-13.2,-10.7,-24.4,-5.9,-24.4,-30.2,-10,-32.9,
1.5,3.7,-6.8,-1.3,-27.5,-16.9,-32.4,-21.4,-22.9,
1.5,-18.4,-13.9,-6.1,-40.6,-31.6,-32.2,-9.5,-22.7,
1.5,-28.4,-25.9,-16.6,1.50142,-5.2,-21.7,-25.9,-16.4,
1.5,7.5,1.50142,-2.89298e-15,-1.8,-8.9,-29.9,-20.3,-31.8,
1.5,0.1,-7.5,-14.8,-15,-26.8,-16.1,-23,-27.9,
1.5,-17.8,-17,-12.4,-19,-25.4,-31.9,-29.4,-25.4,
1.5,-9.4,-12.5,-14.9,-11.6,-16.4,-10.9,-12,-26.4,
1.5,-14.5,-11.3,-14.4,-1.9,-11.5,-24.4,-15.8,-15,
1.5,-22.8,-10.4,-19.8,-5.3,-24.3,-23.5,-12.5,-18.2,
1.5,-6.7,-4,-23.3,-21.9,-11,-16.2,-13,-18.3,
1.5,-10.2,-29.9,-18.9,-24,-23.2,-26.3,-20.2,-30.7,
1.5,-22.2,-10.2,-14.2,4.7,-18.2,-21.6,-12.5,-15.1,
1.5,1.8,-6.7,-18.2,-19.1,-24.5,-14.5,-12.5,-18,
1.5,-5.2,-6,-8.3,-21.8,-22.7,-15.5,-19.7,-29.7,
1.5,-16.8,-14.3,-12.7,12,-10.2,-30,-30,-36.5,
1.5,-0.5,-8.7,-5.2,-8,-14,-16.4,-20,-1.1,
1.5,7.5,5.6,-10.2,-9.9,-23.7,-9.2,-8.5,-18.2,
1.5,-10.2,-8.3,-22.2,-8.2,-17.2,-16.7,-23.7,-19.7,
1.5,-31.7,-18.3,-27.1,-26.5,-14.2,-29.7,-8.5,-33.7,
1.5,-22.4,-6.9,8.8,-12,-16.4,-32.9,-14.9,-18.9,
1.5,1.50142,-3.6,-4.1,-28.4,-34.6,-29.4,-25.6,-41.6,
1.5,-26.9,-27.9,-17.4,-28.4,-33.9,-17.4,-31.4,-6.8,
1.5,-9.9,-22.9,-9.9,1.50142,-25.6,-3.9,-9.5,-28.4,
1.5,-1.9,-10.4,-11.1,-5.9,-10.9,-22.4,-26.4,-43.9,
1.5,-16.4,-4.9,-16.9,-16.5,-24.9,-17.4,-18.9,-23.8,
1.5,-10.9,-11,-12.9,-11.4,-12.9,-9.7,-12,-17.7,
1.5,-11.9,-10.3,-12.4,-8.7,-11,0.8,-15.4,-3.7,
1.5,-20.9,-17,-18.9,-7.3,-23.4,0.6,-12,-18.9,
1.5,-9.4,-6.2,-22.9,-2.9,-11.5,-17.9,-10.9,-29.8,
1.5,-11,-16,-19.8,-25.9,-28.5,-26,-18.8,-28.8,
1.5,-12.2,-21.4,-14.4,-26.9,-20.3,-20.9,-30.4,-26.4,
1.5,-15.3,-10.9,-1.6,1.50142,-8.6,-22.4,-9.5,-28.4,
1.5,9.2,10.5,6,-0.5,-4.9,-13.4,-11.2,-6.5,
1.5,2.6,8.1,-8.7,-7.4,-18.9,-10.5,-13.9,-26.4,
1.5,-11.9,-10,-15.4,-6.9,-18.9,-22.9,-14,-13.9,
1.5,-21.9,-13.5,-24.9,-22.2,-9.5,-20.4,-8.5,-29.2,
1.5,-7.9,-14.9,-4.4,-5.9,-8,-5.3,-11.4,-6.8,
1.5,-2.9,3.6,4.6,-5.4,-25.4,-8.9,-19.9,-35.4,
1.5,-5.4,-19.9,-30.9,-17.5,-26.4,-24.9,-39.4,-33.9,
1.5,-11.1,-30.1,-11.4,-10.9,-21.9,-21.4,-18.6,15,
1.5,4.2,-6.8,2.6,3,5.5,9.5,-9.5,-5.2,
1.5,-2.5,-20.5,-9.5,-4.5,-26,-2,-10.8,-29,
1.5,-18.9,-16.8,-25.9,-13.8,-28.4,-27.8,-12,-29.8,
1.5,-24.9,-24.4,-27.4,-18.9,-11,-20.5,-18.9,-19.5,
1.5,-36.4,10.1,-18.9,-12,-29.4,-11.2,-10.9,-26.9,
1.5,5.6,-10,-27.4,-11.3,-12.9,-26.9,-22.9,-22.8,
1.5,-12.9,-20.3,-21.9,-15.9,-35.4,-18.4,-20.4,-42.9,
1.5,-11.9,-23.4,-7.4,-15.8,-20.4,-23.9,-31.4,-17.9,
1.5,-6.9,-15.3,2.1,-23.2,-8.6,-17.4,-9,-30.6,
1.5,-1.2,-8.2,-2.5,-5.9,-14.9,-16.1,-10.4,-16.9,
1.5,-8,-9.2,-15,-14,-14.4,-20.4,-20.5,-13.4,
1.5,-2.3,-7.5,-11.3,-21.9,-22,-8,-8,-30.5,
1.5,-17.3,-14.9,-27.9,-8.5,-26.6,-31.6,-37.1,-30.1,
1.5,-43.4,-8.9,-38.9,-46.1,-25.9,-42,-9,-46.4,
1.5,-19.9,-14.9,4.1,-16.4,-13.4,-2.9,-16.8,-14.3,
1.5,1.50142,-7.4,-9.4,-17.4,-37.9,-20.9,-26.9,-47.4,
1.5,-26.9,-15.9,-19.4,-22.3,-33.9,-27.9,-38.9,-30.4,
1.5,-11.7,-21.2,-9.4,-22.4,-12.9,-25.1,-11.5,-27.9,
1.5,-8,-20.5,1.1,6.6,-9.3,-10.4,-24.9,-13.4,
1.5,-7.9,-7.5,-5.7,-6.4,-10.4,-13.4,-24.9,-33.9,
1.5,-4.4,-8.9,-15.4,-8.9,-21.4,-18.9,-27,-22.4,
1.5,-18.9,-11.5,-16.4,-22.4,-29.9,-26,-9.5,-24.4,
1.5,-16.4,-22.5,-29.5,-25.9,-9.2,-5.8,-12,-10.5,
1.5,-41,-37.4,-21.2,-19.7,-33.5,-17,-17.9,-32.9,
1.5,1.50142,1.50142,-26.9,1.50142,-21.9,-43.4,-32.5,-15.5,
1.5,-13.4,7.6,-23.9,-11.9,-30.9,1,-35.9,-17.9,
1.5,-15.7,-25.7,-16.2,7.1,-14.9,-18.9,-37.4,-19.9,
1.5,-1.7,-5.9,-4.4,-4.2,-11.9,-20.7,-34.9,-19.2,
1.5,-3.4,-3.3,-17.9,-19.6,-16.4,-18,-32.9,-27.4,
1.5,-18.9,-16.4,-21.9,-19,-11.4,-27.4,-34.9,-30.9,
1.5,-19.4,-19.9,-16.4,-23.9,-16.9,-28.6,-31.4,-25.4,
1.5,-17.9,-25.7,-19.6,-29.9,-32.6,-26.9,-9,-28.6,
1.5,-19.2,-27,-33.4,1.50142,-15.9,-25.4,-30.9,-24.9,
1.5,-47.4,1.50142,-29.4,-17.4,-9.6,-20.9,-31.9,-42.1,
1.5,-11.4,-8.9,1.50142,-14.3,-17.1,-22.9,-29.6,-23.6,
1.5,-4.4,-16.3,-13.6,-8.4,-33.5,-23.4,-24.4,-2.5,
1.5,-26.9,-15.9,-13.9,-20.4,-33.9,-22.4,-21.8,-22.9,
1.5,-11.9,-7.4,-15.9,-10,-0.8,-5.9,-12,-35.9,
1.5,5.1,4.9,5.5,2.8,-17.9,-12.4,-24.9,-15.4,
1.5,-3.9,2.6,-13.9,-5.9,-9.4,-9.4,-39.9,-33.4,
1.5,-5.9,-5.4,-15.4,-6.2,-18.9,-18.9,-30.4,-29.4,
1.5,-19.4,-13.9,-22.1,-22.9,-35.1,-33.4,-9,-29.6,
1.5,-21.2,-21.7,-32.9,-28.9,-16.9,-10.5,-27.9,-22.9,
1.5,-44.9,-39.8,-30.4,1.50142,-38.9,-21.9,-8.5,-33.2,
1.5,0.4,1.50142,1.50142,-6.4,-19.4,-30.9,-20.1,-20.7,
1.5,-15.4,-9.1,-13.2,-24.6,-37.9,0.7,-23.9,-47.4,
1.5,-25.4,-26.8,-22.4,15.7,-34.4,-19.9,-18.2,-22.4,
1.5,-19.5,21,-5.4,-11.2,-13.2,-19.5,-9,-12.4,
1.5,3.6,-10.3,-2.2,-14.7,-20.9,-11.9,-24.9,-25.9,
1.5,-7.4,-28.3,-12.8,7.6,-14.3,-39.4,-33.2,-38.4,
1.5,-8.3,9,-12.9,-15.4,-14.9,-15.4,-27.9,-29.4,
1.5,-6.9,-6.9,-13.4,-1.9,-26.9,-15.9,-12,-22.9,
1.5,-12.4,-6.4,-25.4,-14.9,-13.9,-21.7,-25.4,-19.9,
1.5,-33.9,-23,-22.4,-30.2,-33.4,-27.7,-12,-15.5,
1.5,-11,-28.5,-7.5,-5.4,-11,-14.5,-11.4,-7.9,
1.5,-12.4,-14,-4.9,-14.9,-34.9,-18.4,-31.9,-42.4,
1.5,-7.4,-6.4,-12.4,-27.3,-25.9,-12.4,-32.6,-40.9,
1.5,-14.9,-15.4,-14.9,-1.4,-14.9,-22.9,-12.4,-22.9,
1.5,-2,-8.5,-2.3,-1.2,-8.7,-6.2,-9.5,-10.2,
1.5,-1.3,-0.8,-7.5,-5.1,-15.3,-9.2,-13.8,-14.4,
1.5,-18.5,-19,-26.4,-6.2,-9.8,-25.3,-15.4,-24.3,
1.5,-15.4,-25.9,-1.8,-31.9,-24.9,-9.3,-8.5,-15.3,
1.5,-0.8,-29.6,-22.1,5.3,-14.1,-21.1,-34.6,-29.1,
1.5,-26.2,-9,-11.6,-5.2,-15.4,-19.3,-28.9,-35.7,
1.5,-1.8,-11.3,-16.3,-12.5,-28.8,-15.3,-9,-20,
1.5,-15.4,-12,-27.4,-14.9,-16.9,-19.7,-25.7,-20.9,
1.5,-39.4,-26,-30.4,-31.2,-39.3,-31.8,-9.5,-15.8,
1.5,-5.6,-8.6,1.50142,-8.1,-7.2,3.7,-15.4,-11.5,
1.5,-14.9,-7.9,-7.4,-17.4,-37.9,-21.4,-28.4,-44.9,
1.5,-26.9,-25.9,-15.9,-24.5,-35.4,-15.9,-42.4,-34.4,
1.5,-1.4,-10.8,-12.4,-1.4,-19.4,-19.4,-12,6.1,
1.5,5.1,10.5,-1.7,-1.7,-5.9,9,-25.4,-24.9,
1.5,-3.4,6.7,-4.4,5.6,-11.9,-17.4,-9.5,-34.7,
1.5,-16.4,-21.4,-22.4,-18.9,-32.4,-32.9,-10,-33.9,
1.5,-1,-2.9,-16.9,-12.4,10.9,-12.9,-9,15.5,
1.5,-15.4,-11.4,7,-11.9,-18.9,-3.4,-25.9,-20,
1.5,-9,-25.4,-12.9,-17,-43.4,-33.7,-8.5,-39.4,
1.5,-26.9,-8,-22.9,-13.9,-33.9,-32.4,-32.9,-27.9,
1.5,-33.2,-7.4,-9.4,-3.6,-46.9,-38.9,-8,-21.5,
1.5,16.3,11,-34.4,-34.4,-9.4,-22,-26.9,-11.4,
1.5,-24.9,-25.4,-22.2,-36.9,-41.4,-23.8,-16.9,-46.4,
1.5,-13.2,-20.9,-15.9,1.50142,-20.9,-26.4,-18.4,-24.9,
1.5,1.6,9.1,1.5,-5.9,-20.9,-26.4,-16.4,-26.4,
1.5,0.6,-4.9,-17.3,-20.4,-16.4,-19.9,-15.8,-13.8,
1.5,-19.3,-14.4,-16.4,-5.7,-17.4,-15.8,-10,-22.4,
1.5,-14.9,-11.7,0.1,-21.8,-16.1,-2.9,-22.4,-19.9,
1.5,-9.5,-31.8,-13,11.4,-24.3,-17.2,-12,-29,
1.5,-15.3,3,-23.8,-16.1,-24.3,-28.3,-23.3,-23.3,
1.5,-32.2,-2.6,-32.8,-22.4,-31.6,-31.7,-10,-36.4,
1.5,-18.9,-20,1.50142,-7.1,1.50142,0.1,-14.4,4,
1.5,-11.6,-6,6,-13.6,-33.6,-17.1,-27.1,-41.1,
1.5,19.5,-18.9,-28.9,-23.1,-33.4,-39.4,-44.4,-44.7,
1.5,-26.9,-19.3,-17.9,-27.4,-27.9,-27.4,-9,-23.4,
1.5,-10.4,-19.9,-3.9,1.50142,2.1,1.6,-8,2.1,
1.5,1.50142,-0.4,0.1,-9.9,-30.4,-13.9,-26.4,-39.9,
1.5,-19.1,-21.4,-27.6,-18.9,-50.4,-16.4,-43.7,-34.4,
1.5,-56.4,-45.9,-47.4,1.1,-15.4,-35.4,-9,13.6,
1.5,-3.9,1.50142,1.50142,-33.4,-8,17,-18.5,-21,
1.5,-46.9,-37.9,-38.9,-9.5,-68.9,-51.9,-56.4,-78.9,
1.5,-7.9,11.8,-48.9,-33.9,-41.4,-50.4,1.50142,1.50142,
1.5,-12.4,-25.4,1.50142,-47.9,1.50142,1.50142,-45.4,-38.4,
1.5,-35.9,-20.4,-15.9,1.50142,-30.4,-26.4,-25.9,-22.5,
1.5,-4.9,-13.1,-9.6,-14.1,-43.4,-22.5,-9.5,-35.4,
1.5,-8.4,-1,-19.9,-16.5,-21.4,-33.9,-33.4,-20.4,
1.5,-15.4,-16.2,-12.5,-9.9,-45.4,-31.9,-12,-15.7,
1.5,-5.9,-9.3,-32.9,-10.6,-14.4,-14.2,-10,-17.6,
1.5,-13.4,-18.9,-22.3,1.3,-18.6,-21.7,-13.4,-23.4,
1.5,-5.7,-17.2,-6.2,-17.7,-11.9,-18.9,-20.2,-15.7,
1.5,0.3,-6.7,-1.9,-24.9,-10.2,-21.2,-18.9,-25.7,
1.5,-1.4,-6.4,-9.9,6.9,-19.4,-9.6,-8.5,-24.4,
1.5,-9.2,-10.3,-15.3,-8.7,-17.7,-27.8,-8,-23.8,
1.5,-12.7,-14.9,-18.2,-15.9,-31.9,-24.2,-21.9,-41.4,
1.5,-14.1,-11.2,-5.1,-16.1,-17.9,-18.9,-9,-7.3,
1.5,5,-4,-5.9,5.6,-8,9,-12.2,-14.5,
1.5,0.3,7.5,-1.5,2.4,-25.7,-7.3,-11.6,-27.6,
1.5,-11.4,-15.9,-24.6,-13.4,-19.1,-27.4,-25.9,-28.4,
1.5,-33.3,-21.4,-27.5,-22.4,-34.4,-20.4,-9.5,-36.9,
1.5,-22.9,-17,-13.9,-19.4,-4.2,-26.9,-10.3,-7.4,
1.5,1.50142,1.50142,-2.3,-36.4,-35.9,-19.9,-32.4,-43.4,
1.5,-14.4,-26.4,-25.9,10.3,-39.6,-42.4,-38.6,-42.4,
1.5,-22.9,-0.5,-13.9,-10.9,-11.4,-7.9,-16.4,17.5,
1.5,-0.9,0.6,6.5,-0.4,-7.9,7.6,-10.4,-17.9,
1.5,-0.7,-0.7,-2.4,1.50142,-10.4,-0.4,-8,-22.6,
1.5,-1.8,-1.3,-9.9,5.6,-12.7,-11.7,-22.2,-30.7,
1.5,-19.8,-15.6,-16.6,-13.6,-29.6,-8.6,-24.6,-29.1,
1.5,-5,-15,-11,-0.5,-11.3,-10.8,-11,-17,
1.5,8.1,6,-2.8,-2.4,-5.7,-8.5,-17.2,-12.2,
1.5,5.5,7.7,3.8,1,-7.6,-4.6,-8,-14,
1.5,-0.5,-3.4,-12.6,-9.1,-13.5,-19,-8,-13,
1.5,-12.2,-9.7,-13,-19,-16.2,-13,-16,-22.7,
1.5,-23,-29.5,-3,-23.5,-15,-26.2,-8.5,-26.5,
1.5,18.9,-3.1,-13,3.3,-11.9,-24.9,-10.7,-12.4,
1.5,-10,1.5,-21.4,-23.4,-31.5,-22.4,-21.7,-32.7,
1.5,-22.4,-10.4,-14,-15.5,-9.2,-7.9,-12.5,-30.5,
1.5,-17.5,-13.5,3.5,5.5,-6.6,-13.6,-8.5,-6.1,
1.5,-15,-2,-5.5,-13,-21.5,1.4,-21.5,-9.9,
1.5,-21,-28,-10.5,-14,-23.5,-13.5,-37,-31.5,
1.5,-14.1,-11.5,-17.1,-0.1,-19.9,-21.6,-24.9,-28.6,
1.5,-9.9,1.6,-9.7,-7.1,-18.4,-17.4,-9.5,-16.4,
1.5,-8.7,-6.2,-17.3,-16.4,-8.2,-15.4,-12.6,-10.3,
1.5,-27.8,-26.9,-18.8,-25.4,-22.5,-20.8,-8,-20.3,
1.5,-0.3,-7.9,-21.5,6.2,-7,-19.3,-8,-14.6,
1.5,-11.4,-0.4,-21,-18,-32.4,-28.3,-27.4,-41.9,
1.5,-20.5,-31.5,1.50142,-32.4,-21.4,-12.9,-33.9,-41.9,
1.5,-31.1,-15.1,-14.5,16.1,-14.9,-10.9,-17.9,15.6,
1.5,-7.8,3.7,-14.3,1.7,-8.9,-3.3,-16.1,-10.6,
1.5,-2.3,-5.1,-7.1,-3.1,-19.1,-9.1,-19.1,-18.1,
1.5,-15,-11.1,-27,-18.2,-8.5,-26.7,-27,-21.5,
1.5,-11.9,-25.4,-14.9,-11.9,-11.9,-21,-19.9,-25.9,
1.5,-17.8,-2.4,-16.4,-24,-22.7,-28.9,-10.5,-24.9,
1.5,-14.4,-21.7,-20.7,-27.3,-9.9,-22.9,-18.4,-18.9,
1.5,-30.1,-35.9,-19.3,-32.2,-27.8,-28.4,-8.5,-27.3,
1.5,5,1.4,-6.4,1.50142,-7.5,-25.4,-13.3,-20.7,
1.5,-14.9,1.50142,5.5,-16.4,-36.4,-30.8,-26.5,-39.5,
1.5,-4.9,-9.9,-30.4,-24.1,-30.4,-24.9,-37.9,-32.4,
1.5,-15.6,-25.7,-24.1,-14.6,-19.4,-19.1,-16.6,16.5,
1.5,-8.2,-20.2,-8.7,-4.5,-3,0.3,-9,1,
1.5,-7,-16.3,-14.8,-0.3,-7,-5.3,-13.6,-23.8,
1.5,-24.8,-10.2,-17,-28,-36.5,-33.7,-8,-42.7,
1.5,-11.5,-27.9,-32.9,-29.4,-17.4,-29.4,-29.4,-26.4,
1.5,-8.9,-12.4,-31.4,1.50142,-43.4,-18.4,-36.3,-43.9,
1.5,-7.6,-22.1,1.50142,6,-29.4,-14.9,-7,1.1,
1.5,8.5,6.7,-22.9,-7.8,-7.5,0.6,-9,2.6,
1.5,-21.2,-16.7,-7.5,2.2,-24,-14,-44.7,-20.7,
1.5,-17.5,-8.5,-25.9,-24,-11.9,-24.4,-37.9,-32.4,
1.5,-8.2,-6.2,-10.9,-18.3,-16.4,-28.1,-33.4,-17.4,
1.5,-11.3,-17.8,-21.9,-5.9,-10.9,-19.9,-33.9,-29.9,
1.5,-4.4,-15.4,-15.9,-16.2,-17.4,-26,-28.9,-23.4,
1.5,-0.9,3.6,-17.9,-10.4,-29.8,-23.9,-8.5,-25.8,
1.5,-16.9,-15.9,-25,1.50142,-13,-24.8,-21.3,-19.5,
1.5,-34.9,-8.5,4.1,-5.8,-31.1,-29.7,-9,-10.8,
1.5,18,-4.7,-26.6,-22.5,-7.5,-13.5,-15.9,-14.9,
1.5,-14.9,-33,-7.5,-16.4,-36.4,-25,-27.9,-43.9,
1.5,-1.9,-13.4,-15.4,-27.4,-19.9,-15.4,-32.4,-19.9,
1.5,-6.9,-4.9,-11.2,-7.4,-23.1,-11.2,-11,-10.9,
1.5,0.2,4.6,-11.2,0.2,-6.2,1.1,-9,-1.4,
1.5,-8.3,3.3,-3.1,4.6,-7,0.7,-14.5,-2.2,
1.5,0.9,-3.1,-7.8,5.2,-20.3,-1.3,-8,-18.5,
1.5,-26.8,-17.5,-19.3,-20.3,-24.3,-37.5,-38.8,-24.8,
1.5,-20.5,-12.8,-39.3,-26.9,-26.9,-38.8,-7.5,-47.9,
1.5,-8.4,-10.4,-5.9,1.50142,-6.5,1.50142,-25.9,-17,
1.5,-7.9,2.1,0.1,-9.4,-12.9,-10,-34,-39.4,
1.5,-16.4,-21.4,-26.4,-17.4,-32.4,-15.4,-31.9,-33.4,
1.5,-24.9,-20.4,-30.1,-13.9,-29.6,-10.9,-19.4,2.5,
1.5,-1.5,-13.5,-10.5,8.1,-0.7,8,-8,-6,
1.5,-10.4,1.1,-0.6,3.6,-11.4,-1.4,-24.9,-20.4,
1.5,-12.1,-10.5,-25.3,-7.4,-36.9,-22.4,-8.5,-30.9,
1.5,-23.9,-16.1,-21.4,-21.5,-32.9,-30.6,-26.1,-26.1,
1.5,-11.5,-31.5,-4.4,-41.1,-36.2,-36.7,-9,-22.1,
1.5,-19.4,-5.9,-23.9,-1.4,-9.9,1.50142,-22.2,-15,
1.5,-12.1,-14.2,-6.6,-14.1,-33.1,1.50142,-28.6,-16.1,
1.5,-10.5,-18.1,-16.9,-2.4,-18.4,-16.9,-30.4,-26.9,
1.5,-18.9,-13.4,-19.8,-18.9,1.50142,-20.9,-9,-24.4,
1.5,-18.7,-17.9,-4.3,-19.8,-5.8,-23.8,-12.7,-17.2,
1.5,-14.3,-29.7,-15.7,-33.7,-28.7,-27.3,-11,-28.9,
1.5,-15.4,-18.9,-26.4,2.6,-17.4,-26.8,-16.7,-25.2,
1.5,-33.9,1.50142,-24.9,-16.9,-29.5,-32.9,-21.8,-20.5,
1.5,-10.4,-6.4,1.50142,-26.9,-22.3,8,-7.5,-34.4,
1.5,-28.4,-13.4,-16.2,1.50142,-20.9,-25.4,-32.9,2.5,
1.5,-13.8,-8.4,-20.3,-4.8,-8.4,2.5,-18.4,-19.4,
1.5,-6.3,-3.4,-1.9,0.6,-10.8,-12.9,-14.4,-36.4,
1.5,-4.9,-2.9,-24.4,-15.4,-22.4,-29.4,-36.4,-33.9,
1.5,-19.8,-14.4,-22.4,-28.4,-34.4,-32.9,-8.5,-2,
1.5,-8,-27.4,-32.9,-11.9,-7.5,1.50142,-8.5,-19.4,
1.5,-14.4,-16.9,-17.5,-2.2,-18.5,-11.2,-18.7,-29.7,
1.5,-12.5,-17.5,-17,-14.8,-29,-29,-27.9,-18.4,
1.5,0.2,0.7,-28.3,-10.8,-27.4,-4.8,-18.8,-28.3,
1.5,-14.9,-2.4,-9.4,-4.2,-14.4,-2.9,-9,-17,
1.5,-8.7,-10.2,-0.2,-1.7,-2.89298e-15,-8,-9,-11.5,
1.5,-10.2,-0.3,1.5,-18,-17.5,-9.3,-13,-25,
1.5,-10.5,-13,-12,1.3,-16.5,-26.9,-27.5,-34.4,
1.5,-11.5,-5,-16,-5.4,-21.9,-12.4,-23.9,0.8,
1.5,-2.7,-8,-9.4,-8.4,-19.2,1.8,-7,-1.2,
1.5,-9.7,-8.4,-19,1.5,-7,-1.3,-11.3,-5.5,
1.5,-33.5,-11,-22,-13.8,-23.8,-20.5,-7,-17.7,
1.5,-3.9,-14.9,-24.2,-21,-13.7,-18.2,-23.9,-15.7,
1.5,-17.9,-12,-28.8,-33.7,-38.9,-28.7,-10,-49.4,
1.5,-27.9,-20.9,-8.9,3.1,-9.1,1.50142,-20.9,-13.8,
1.5,-17.5,8.7,4.8,-2.3,-29.8,-4.8,-8,-26.4,
1.5,1.50142,-13.9,-32,-10.4,-24.4,-25.4,-28.4,-28.5,
1.5,-20.6,-24.9,-17.8,-37.4,-24.8,-22.9,-29,-42.9,
1.5,-9.3,-25.4,-10.3,-14.2,-20.8,-6.4,-8.5,-6.9,
1.5,-9.3,9.3,-19.8,-5.5,-7.5,-6,-20.1,-7.4,
1.5,-29.7,-7.4,-17.5,-16.1,-30.2,-18.4,-38.4,-11.9,
1.5,-10,-4,-24.9,-8.4,-21.9,-23.9,-37.4,-32.9,
1.5,-11.4,-15.4,-28.9,-30.7,-41.4,-41.4,-9,-14.5,
1.5,-30.1,-29.1,-19.4,-19.4,-7.4,-4.8,-24.9,-15.6,
1.5,1.3,-29.7,0.3,1.50142,-7.4,-8.4,-7.5,-34.9,
1.5,-10.9,1.50142,-16.4,0.6,-21.8,-27.9,-28,-31.8,
1.5,-26.9,-8.1,-32.3,-20.9,-31.9,-10.1,-34.6,-33,
1.5,-22.1,-22.1,-12.6,-1.1,-24.9,-7.9,-21.4,-24.9,
1.5,1.50142,7.7,-0.4,2.6,-12.9,-16.4,-7,-11.9,
1.5,3.3,-1.2,-6.9,-17.4,-12.7,-12.9,-23.2,-23.2,
1.5,-9,-30.9,-11.7,-28.9,-8.2,-36.2,-30.7,-36.2,
1.5,-28.8,-25.3,-17.6,-5.9,-17.1,-19.9,-30.1,-20.9,
1.5,-1.1,1.50142,-22.1,-5.1,-32.5,-23.8,-8.5,-34.1,
1.5,-21.2,2,-32.9,-22.2,-14.4,-32.9,-27.4,-23.9,
1.5,-44.4,-14.7,-24.8,-43.9,-38.4,-33.7,-19.4,-10.7,
1.5,-5.3,-15.4,-14.9,-1.4,-17.2,1.50142,-11.6,-23.4,
1.5,-4.9,7.7,5.9,-5.9,-27.4,-16.9,-32.4,-32.9,
1.5,-16.9,-21.4,-21.4,-24.4,-31.9,-22.4,-32.4,-32.4,
1.5,-24.1,-26.8,-0.6,2.5,-3.1,-19.6,1.50142,1.50142,
1.5,1.50142,1.50142,6.4,11.3,6.5,9,-25.9,-19.5,
1.5,-15.9,-15.9,-21.9,-16.7,-21.4,-25.9,-40.7,-49.9,
1.5,-48.4,-52.9,-53.4,-48.4,-63.9,-63.9,-7,2.5,
1.5,-38.9,-5.4,-56.4,-55.9,2.5,1.50142,-15.9,-51.4,
1.5,1.50142,-47.4,1.50142,1.50142,-70.4,-56.4,-88.4,-54.9,
1.5,-48.4,5.5,-58.9,-48.4,-64.4,-53.9,-9.4,1.50142,
1.5,-56.9,-67.9,-55.4,-50.9,1.50142,1.50142,-58.4,-32.9,
1.5,1.50142,-40.9,1.50142,1.50142,-61.4,-52.4,-36.4,-7.5,
1.5,-13.4,1.50142,-60.4,-45.4,-49.9,-6.5,-50.4,-56.4,
1.5,-58.4,-67.4,-53.9,11,1.50142,-49.9,1.50142,-24.9,
1.5,-41.4,11,1.50142,-45.4,-15.9,-14.4,-22.9,-16.4,
1.5,1.50142,-48.9,-46.9,-7.3,-81.9,-63.4,-51.4,-88.9,
1.5,-58.4,-9.4,-48.4,-36.4,-34.4,-33.4,-1.4,1.50142,
1.5,-15.9,-35.9,1.50142,-8.9,1.50142,1.50142,1.50142,-33.9,
1.5,7.8,-2,0.8,4.3,-18.7,-26.9,-75.9,-33.2,
1.5,-45.4,-42.4,-64.9,-49.9,-40.4,-32.9,-32.9,-6.9,
1.5,-50.4,-50.4,-22.9,-18.9,-22.9,1.50142,-8.5,-47.4,
1.5,1.50142,1.50142,1.50142,1.50142,-33.4,-25.4,-32.4,-25.4,
1.5,-46.4,-37.9,-36.4,-47.9,-67.4,-23.9,-40.4,-74.9,
1.5,-25.4,-20.4,-53.9,-16.7,-6.9,-37.9,-47.9,1.50142,
1.5,1.50142,12.5,1.50142,-6.9,-20.9,17,-18.4,-32.4,
1.5,-2.9,-9.9,-13.8,1.50142,-11.3,-20.4,-43.4,-29.4,
1.5,-16.3,-15.9,-17.9,-12.4,-12.4,-16.9,-26.9,13.5,
1.5,-18.4,-16.4,-14.4,-9.4,-7.9,-0.4,-26.4,-2.4,
1.5,-1.3,-6.4,-13.4,-2.4,-13.4,-15.4,-25.9,-39.4,
1.5,-17.9,-6.3,-25.9,-19.4,-30.9,-14.4,-38.4,-35.4,
1.5,-24.9,-19.2,-30.1,-13.8,-33.4,-10.4,-31.9,8.5,
1.5,-15,0.7,-5.4,11.6,-8.6,8.5,-9,-6,
1.5,-1,-9.5,-8.5,-5,-28,-18,-23.9,-42.5,
1.5,-16.9,-20.9,-30.9,-16.4,-31.9,-19.4,-32.9,-32.4,
1.5,-16.1,-30.1,-16.1,-5.2,-18.9,-16.6,-8.5,5.3,
1.5,-14.5,-4,5.1,-14.5,-7,3,-15.4,-19.3,
1.5,-10.5,-24.3,-2.5,-8,-31.5,-12,-52.5,-29,
1.5,-36.9,-7,-58.9,-42.4,-43.4,-57.4,-15.8,-65.9,
1.5,-57.4,-15.4,-22.9,-50.4,-0.3,-49.9,-53.9,-9.8,
1.5,1.50142,-37.4,1.50142,1.50142,-57.9,1.50142,-35.4,-37.9,
1.5,-10.9,15.5,-57.9,-15.9,-44.9,-31.9,-38.4,-24.4,
1.5,-39.9,-67.4,-33.4,-38.4,-43.9,-47.9,-56.9,-48.4,
1.5,1.50142,1.50142,1.50142,1.50142,1.50142,1.50142,1.50142,1.50142,
1.5,13.5,11,7.5,1.50142,-38.9,8.5,-50.4,-63.9,
1.5,-48.4,-52.9,-63.9,-49.9,-63.9,-58.4,5,2.5,
1.5,-56.9,-55.4,-51.4,-58.4,1.50142,2.5,-8,-54.9,
1.5,1.50142,1.50142,1.50142,1.50142,-74.4,-58.9,-88.9,-64.9,
1.5,-47.9,-51.9,-60.9,-49.9,-64.4,-54.4,-49.9,1.50142,
1.5,-47.4,-55.4,-54.9,-50.4,1.50142,1.50142,1.50142,1.5,
1.5,1.50142,1.50142,1.50142,1.50142,-74.4,-65.9,-88.9,-65.4,
1.5,-47.9,-55.9,-60.4,-50.9,-64.4,-52.9,-26.4,-54.9,
1.5,-56.9,-46.9,-41.4,-58.4,1.50142,1.50142,-9,1.50142,
1.5,1.50142,1.50142,1.50142,1.50142,-19.9,-3.4,-32.4,-63.9,
1.5,-48.9,-52.9,-52.4,-50.4,-67.9,-41.9,-41.9,-57.4,
1.5,-57.4,-46.9,-37.4,-26.9,-27.4,-57.9,-7.5,1.50142,
1.5,1.50142,1.50142,1.50142,1.50142,-11.9,1.50142,-32.4,-62.9,
1.5,-47.9,-37.9,-23.9,-48.9,-68.9,-54.9,-53.9,-56.9,
1.5,-16.2,-15.4,-32.4,-48.4,-52.4,-53.4,1.50142,1.50142,
1.5,-0.6,-6.9,1.50142,1.50142,1.50142,1.50142,-43.4,-32.9,
1.5,-8.4,-5.9,-5.4,-9.9,-29.9,-25.9,-33.4,-38.9,
1.5,-22.5,-21.4,-4.5,-18.9,-33.4,-32.9,13.9,-42.4,
1.5,1.9,-7.9,-22.4,-16.9,18.5,-2.4,-18.4,11.3,
1.5,-14.5,-5,2,-16.5,-8.5,-19.5,-12.5,-12,
1.5,-11,-14,-12,-16.7,-29,-9.5,-8.5,-31.4,
1.5,-19,-23.9,-28.3,-16.7,-31.1,-38.1,-20.8,-35.8,
1.5,-12.1,-18.9,-14.1,-6.4,-3.8,-19.4,-8.5,-2.5,
1.5,5.9,3.9,7,-18.7,-7.5,-1.3,-17.5,-22.7,
1.5,-4.2,-7.2,-13.5,-11.3,-28,-10.2,-37.9,-32.7,
1.5,-21.4,-18.4,-25.9,18.8,-37.9,-11.9,-28.4,4.5,
1.5,-11.4,-0.9,-9.4,0.6,-13.4,-3.4,-18.9,-12.4,
1.5,-1.3,-8.8,-9.3,-4.3,-7.4,-19.3,-10.5,-41.3,
1.5,-16.4,-10.5,-14.9,-17.5,-24.4,-32.9,-10.3,-18.5,
1.5,-23.8,-27,-34.3,-19.4,-35.4,-28,-7,-42.9,
1.5,-6.4,7.3,2.1,-29.4,5,1.50142,-17.4,-9.4,
1.5,-7.2,-20.9,7.5,-14.5,-30.2,-12.7,-39.7,-17.9,
1.5,-22.5,-15.3,-24.5,1.50142,-32.9,-17.9,-50.9,-34.9,
1.5,-19.8,-35.9,-20.9,-58.9,-48.4,-4.4,-0.7,-3.5,
1.5,-51.4,-42.9,-5.4,2.6,21.4,-35.4,-30,-37.9,
1.5,1.50142,1.50142,-14.9,-13.4,-28.9,-28.4,-31.7,-12.4,
1.5,-14.3,-7.6,-30.1,-21.4,-47.9,-31.1,-52.4,-55.4,
1.5,-31.5,-4,-9.4,1.50142,-40.9,-41.4,1.50142,1.50142,
1.5,3.3,3.8,-20.9,-12.9,1.50142,1.50142,-24.3,-7.1,
1.5,-22.6,-13.1,-4.1,8.5,-21.3,-29.1,-48.1,-55.1,
1.5,-6.3,-52.9,-52.4,-50.4,-64.9,-36.9,-61.4,-11,
1.5,1.50142,-40.9,-50.9,-19.4,-50.9,3.6,-8.2,-0.1,
1.5,-51.9,1.50142,1.50142,1.50142,1.50142,-54.9,-73.4,-62.9,
1.5,-0.5,-53.9,-54.4,-49.4,-61.4,-71.9,-5.5,-40.9,
1.5,-50.4,-36.9,-58.4,-58.4,-22.5,1.50142,-66.4,1.50142,
1.5,-45.9,1.50142,1.50142,1.50142,-42.9,-45.9,-16.6,-64.4,
1.5,1.50142,-52.9,-53.4,-50.4,-7,-64.4,-57.4,-57.4,
1.5,-54.9,-67.9,-6.5,-49.4,-52.9,1.50142,-29.4,1.50142,
1.5,0.5,1.50142,-51.9,1.50142,-29.4,-21.4,-35.4,-64.9,
1.5,-54.9,-55.4,-13.4,-51.4,1.50142,-48.4,-88.9,-48.4,
1.5,-4.9,-41.4,-47.4,-17.9,-60.9,-10.4,1.50142,1.50142,
1.5,-42.4,1.50142,-40.4,1.50142,-15.5,-37.4,-75.9,-65.9,
1.5,-30.4,-40.4,1.50142,-37.4,-45.4,-52.9,-21.7,-42.9,
1.5,1.50142,-23.9,-30.4,-48.4,-20.2,-0.4,-58.4,-50.4,
1.5,-22.6,1.50142,-13.2,1.50142,1.50142,-54.9,-7.1,1.50142,
1.5,-4.7,-15.2,-5.7,-44.9,-3.5,3.5,-9.5,-23.7,
1.5,-36.4,-32.9,-15.9,8,-29.2,-21.4,-38.2,-23.9,
1.5,-26.4,-9,-39.8,-13.4,-42.9,-27.4,-8.5,-36.4,
1.5,-0.4,-12.4,-16.9,-25.9,-17.4,-33.4,-32.9,-33.4,
1.5,-15.4,-27.9,-7.4,-35.9,-28.4,-35.9,-7,-10.5,
1.5,-22.4,-8.9,-11.4,1.50142,-7,1.50142,-23.9,-12.4,
1.5,-11.9,-2.4,-5.4,-13.4,-38.7,-17.4,-28.4,-13.9,
1.5,-11.5,-19.4,-18.9,-10.4,-21.9,-19.9,-33.9,-28.4,
1.5,-9.4,-15.4,-26.9,-24.7,-38.9,-33.4,-8.5,-8.4,
1.5,-24.9,-17.4,-13.9,-24.4,-13.4,1.6,-16.4,-11.2,
1.5,-23.9,2.7,4.6,1.50142,-26.4,-5.9,-9,-25.9,
1.5,1.50142,-1.9,-25.4,-0.4,-21.4,-24.4,-23.9,-26.9,
1.5,-15.4,-10.4,-32,-17.8,-33.2,-36.4,-9.7,-33.7,
1.5,-22.6,-16.8,-6.4,-32.9,-9.6,-7.4,-24.4,-13.1,
1.5,8.5,-6.9,1.7,-17.4,-9.8,-9.3,-25.9,-35.3,
1.5,-1.9,-11.9,-15.9,1.50142,-21.4,-18.4,-28.4,-22.9,
1.5,-14.5,-17.9,-24.5,-2.4,-31.4,-25.7,-9.5,-27.4,
1.5,-5.6,-23.8,-8.1,-24.6,-10.1,-6.9,-18.6,9.6,
1.5,-9.8,-9.3,-0.8,-16.8,-28.6,-1.6,-8.5,-24.3,
1.5,-11.9,-13.2,-18.4,1.50142,-33.2,-22.3,-25.7,-23.2,
1.5,-27.4,-12.9,-7.9,-8.3,-30.9,-25.2,-19.8,-11.7,
1.5,-3.9,-3.8,-14.1,-18.4,-15.7,13.7,-27.1,-11.4,
1.5,-7.3,-0.3,-6.7,1.1,-8.4,-1.9,-8.4,-9.4,
1.5,0.2,-5.3,5.6,-1.4,-3.4,-9.2,-8,-2.7,
1.5,9.3,-0.8,-4,-20.7,-8.5,-13.2,-9,-17.9,
1.5,1.2,-15.6,-20.5,-3.7,-10.1,-17.4,-9,-20.5,
1.5,-12.5,-22.5,-6.1,-16.4,-20.5,-21.5,-9.5,-30.5,
1.5,-5.6,-15.9,-20,-22,-13.6,-31.1,-11.5,-32,
1.5,-30.7,-32.4,-24,-4.6,-31.6,-41.6,-10,-23,
1.5,-7.2,1.50142,-8.2,-32.4,-7.1,1.50142,-13.7,-14.4,
1.5,-10.6,-23.6,-7.6,-7.5,-30.1,-16.6,-40.1,-16.1,
1.5,-13.6,-25,-20,-3.5,-17.4,-16.9,-37.4,-39.9,
1.5,-22.2,18.5,-19.9,-18.9,-35.9,-35.9,-9.5,-25.6,
1.5,-17.7,-17.4,-26.9,-32.4,-13.4,-19.1,-26.9,-24.4,
1.5,-36.4,-41.6,7.1,-29,-36.9,-18.1,-8,-32.2,
1.5,1.50142,0.7,-24.9,1.50142,-14.1,-24.1,-16.7,-16.4,
1.5,-16.4,-6.9,-13.6,-18.9,-35.4,-22.4,-24.4,-47.9,
1.5,-19.9,-19.9,-9.9,-16,-25.4,-17.4,-34.9,-7.9,
1.5,-11,-11,-8.4,-12.4,-7.9,-3.9,-8,-28.4,
1.5,-2.2,-0.7,-2.2,5.8,-19.2,-13.9,-19.7,-33.7,
1.5,-6.9,-15.9,-26.4,-15.4,-29.4,-12.4,-35.9,-33.4,
1.5,-17.9,-24.9,-26.9,-9.4,-14.9,-14.4,-18.9,7.4,
1.5,-9.9,0.6,-1.4,0.2,-12.9,-1.4,-9,-9.4,
1.5,-7.4,-14.9,-11.9,-0.3,-33.9,-8.9,-21.9,-23.9,
1.5,-25.4,-5.9,-15.9,-21.5,-34.9,-34.2,-22.8,-43.9,
1.5,-11.9,-17.5,-10.4,-24.9,-18.7,-29.9,-9.5,-10.8,
1.5,-9.4,-8.4,-2.2,3,-8.7,-9.7,-24.4,-21.9,
1.5,-12.8,2.7,-5.8,-7.8,-8.8,-34.9,-26.5,-35.3,
1.5,-6.4,-11.9,-16.9,-17.9,-27.9,-22.9,-26.9,-28.4,
1.5,-5.4,-19.4,-18.9,-24.2,-27.9,-9.4,-29.9,-26.4,
1.5,-2.4,-14.2,-8.9,16.8,-7.5,-7.4,-7,-22,
1.5,-4,3.1,0.6,-7.9,-9.9,-5.4,-7,-6.7,
1.5,8.2,2.1,-6.2,-20.5,-11.5,-4.2,-7.5,-18.7,
1.5,-5.6,-20,-10.3,12.2,-13.5,-18.2,-13,-12.5,
1.5,-23.8,-12.5,-27,-14.2,-13.5,-24,-7.5,-27,
1.5,-21.9,-13.7,-3,-29.2,-21.7,-26.4,-26.7,-20.2,
1.5,-10.8,-40.8,-14.8,-1.9,-40.4,-31.7,-8,-37.7,
1.5,-21.9,9.1,-24.9,-31.6,-30.4,-33.9,-22.4,-20.4,
1.5,-15.4,-23.1,-12.9,-46.4,-37,-34.9,-23.4,-13.9,
1.5,-36.4,-15.4,-14.4,1.50142,-9.9,1.50142,-20.4,-23.9,
1.5,0.2,1.8,3.2,6.3,-25.4,-17.7,-11.5,-28.7,
1.5,-12.4,-15.9,-24.4,-16.7,-13.3,-26.4,-32.4,-32.9,
1.5,-32.8,-24.9,-21.3,-26.4,-15.9,-10.9,-9,-34.9,
1.5,-2.1,1.50142,0.9,1.50142,-14.9,-13.9,-10.4,-0.9,
1.5,-14.4,-5.4,0.2,-15.9,-35.9,-20.9,-32.4,-43.4,
1.5,-17.9,-5.4,-22.9,-13.8,-19.9,-17.9,-16.4,-18.4,
1.5,-4.7,-9.8,-11.2,-8.9,-18.2,-6.7,-6.5,-10.2,
1.5,6.7,-4.5,1.3,-7.3,-13.4,3.1,-18.4,-18.4,
1.5,-0.2,-15.3,-10.4,10.3,-8.3,-7.8,-7.5,-17.2,
1.5,-9.9,-4.1,-5.1,-7.3,-11.1,-15.6,-8,-16.6,
1.5,-4.7,-7.4,-11.3,-29.6,-18.9,-17,-16.4,-15.4,
1.5,-23.8,-11,-30.9,1.92865e-15,-33.5,-27.9,-24.3,-44,
1.5,-15.6,-28.1,-4.9,-12.4,-27.8,-13.9,-9,-10.4,
1.5,-4.2,-3.4,-15.4,-9.4,-8,-9.4,-22.7,-18.7,
1.5,-28.9,-8.4,-4.4,-11.4,-36.2,-32.2,-37.9,-15.4,
1.5,-2.4,-2.6,-26.9,-31.1,-17.4,-5.4,-39.4,-33.9,
1.5,-24.6,-17.1,-20.9,-9,-37.9,-17.9,-34.6,-15.8,
1.5,-2.3,-19.8,-15.9,4.7,-8.9,-11.8,-29.9,1.3,
1.5,-0.4,8.1,7,1.7,-14,-0.6,-9.8,-15.5,
1.5,-2.5,-11.2,-18,-4.1,-13.8,-19.5,-8.5,-23.2,
1.5,-16.5,-18,-12.8,-18.2,-17.2,-22.2,-22.7,-19.2,
1.5,-26.3,-31.2,2.7,-35.2,-21.7,-32.5,-8.5,-36.2,
1.5,1.50142,-7.9,-20.7,-2.6,-10.4,-32.4,-15.5,-16.5,
1.5,-10.6,-1.1,-20.9,-25.6,-34.1,-27,-20.8,-39.8,
1.5,-23.3,-14.6,-22.9,-24.9,-13.4,-22.9,-23.3,-30.4,
1.5,-21.7,-23.4,-11.9,1.50142,-24.1,-17.1,-9,-29.6,
1.5,13.1,1.50142,-9.9,5.9,-7,-28.5,-22.4,-17.4,
1.5,-3.4,-6.9,3,-21.4,-25.9,-30.9,-35.2,-10.9,
1.5,-24,-12.5,-14.4,-22.6,-27.9,-27.9,-40.4,-32.4,
1.5,-23.3,-31.2,-37.4,1.50142,-11.4,-27.6,-39.6,-15.3,
1.5,-19.9,15.5,2.7,-4.4,-15.4,-5.4,-18.4,-12.4,
1.5,14.5,-4.6,-7.3,-0.6,-18.3,-12.9,-8.5,-34.1,
1.5,-11.3,-13.4,-19.3,-10.9,-27.9,-33.4,-30.9,-25.4,
1.5,-21.5,-20.9,-38.4,-43.9,-25.6,-35.4,-7.5,-41.1,
1.5,-17.4,-22.4,-9.6,-12.9,-14.9,1.50142,-10.3,-12.9,
1.5,-7.2,-12.4,-12.8,-4.5,-25,-10,-19.5,-35.5,
1.5,-22.8,-20.9,-34.9,-19.6,-33.9,-23.9,-32.4,-32.9,
1.5,-16.4,1.50142,-3.9,-10.7,-19.1,-19.4,-8,2.1,
1.5,-3.8,-1.2,-8,-20.2,-8.5,1,-23.2,-21.3,
1.5,-20.5,-22.2,-6,-11.4,-35.7,-13.1,-28.9,-33.6,
1.5,6.4,6.7,-19.9,1.50142,-20.8,-21.4,-28.9,-0.8,
1.5,-5.8,-0.2,-6.3,-7,-15.3,-0.3,-8.5,-11,
1.5,-5.1,-6,-14.9,0.3,-8,-10.4,-8.5,-20,
1.5,-25.5,-10.2,-21.5,-20.9,-22.7,-33.7,-9,-16.2,
1.5,-17.5,-19.8,-14.9,-11.4,-15.4,-5.4,-24.9,-19,
1.5,-5.6,-24.8,-1.4,1.50142,-28.1,-10.6,-10.1,-36.1,
1.5,-2.9,18.5,-26.9,-11.4,-28.9,-32.4,-31.4,-25.4,
1.5,-10.4,-10.1,-38.8,-16.1,-40.6,-34.9,-9.5,-35.9,
1.5,-11.9,-32.4,1.50142,-13.4,6.8,1.50142,-19.9,6.5,
1.5,-5.4,7.6,6,6.6,-13.4,4.6,-12,-23.9,
1.5,-7.7,-21.6,-13.9,-7.7,-25.6,-22.7,-19.2,-29.1,
1.5,-21.4,-15.7,-26.1,-30.2,-29.3,-25.8,-9,-36.8,
1.5,-20.7,-19.5,-27.3,-15.8,-6.5,1.50142,-19.3,-11.6,
1.5,-1.5,-1.3,-16.5,-3.5,-29,-9.5,-10,-31.5,
1.5,-15.1,-18.1,-27.3,-15.6,-15.1,-29.1,-30.6,-30.6,
1.5,-34.9,-24.1,-23.5,-37.8,-7.1,-32.1,-7,-39.6,
1.5,1.6,1.50142,20,-6.1,-6,-4.4,-15.5,-5.2,
1.5,-16.9,-6.9,-10.4,-18.9,-39.9,-24.4,-27.4,-46.9,
1.5,-13.9,-21.4,-15.9,-27.8,-32.4,-39.9,-39.9,-36.9,
1.5,-13.1,-23.9,-6.1,-3.4,-11.9,-5.9,-7.5,7.5,
1.5,8.4,5.4,2.6,-5.7,-7,2,-13.4,-21,
1.5,-5.7,-0.2,-1.5,-12.5,-27.4,-13,-47.2,-35.5,
1.5,-21.4,-20.9,-18.9,3,-27.9,-31.9,-39.9,2.5,
1.5,-18.4,-14.9,-13.9,-16.1,-18.9,15,-8.5,-11.9,
1.5,-12.9,-15,-18.4,-6.8,-7.5,-10.9,-20.5,-19.8,
1.5,-32,-17.3,-10,-23.9,-31,-32.7,-9,-28.8,
1.5,0.4,-22.7,-30.1,-32.9,-11.6,-15.9,-11.9,-14,
1.5,-14.4,-46.9,-24.8,17.6,-36.4,-19.4,-30.1,-41.6,
1.5,-13.8,1.50142,-18,-4.4,-30,-39.4,-9,-28.2,
1.5,-17,-12.4,-15.9,-23.9,-16.4,-7.4,-26.9,-32.9,
1.5,-18.4,-26.2,-5.7,5.6,-12.9,-10.4,-9,-1,
1.5,1.50142,1.50142,3.1,-8.4,-3,8.5,-15,-10.5,
1.5,1,-0.7,-0.2,-8.5,-21,-14.2,-28.5,-19.7,
1.5,-14,-11,-25.9,4.3,-37.4,-28.7,-7,-31.9,
1.5,-25.4,-3.9,-33.9,-28.4,-21.9,-29.6,-32.9,-21.4,
1.5,-48.9,-12.9,-36.9,-42.5,-46.4,-22.9,-29,-40.9,
1.5,-9.9,-9.4,1.50142,1.50142,-6.8,-16.4,1.50142,18.7,
1.5,11.5,12,0.2,8.6,-6.4,10,-42.9,-22.4,
1.5,-16,-3.9,-7,-2.8,-27.4,-14.5,-26.3,-33.3,
1.5,-17.4,-21.4,-11.9,-18.4,-25.9,-34.4,-31.3,-33.4,
1.5,-10.4,-17.8,-19.9,-19.9,-11.6,-18.4,-20.4,9.7,
1.5,-1.7,-1.2,-0.8,11.2,-2.4,5.1,-8,-11,
1.5,-0.3,-8.8,-6.3,1.5,-8,-10.9,-10.4,-11.3,
1.5,-4.6,-5.6,-18,-23.4,-20.4,-9.8,-21.8,-16.8,
1.5,-28,-27.9,-30.4,-2.8,-26.3,-26.9,-8.5,-33.4,
1.5,-16.1,12.3,-7.3,-25.4,-23.9,-18.9,-8.5,4.3,
1.5,-8.9,-24.4,-22.7,-31.9,-30.9,-13.9,-27.4,-41.9,
1.5,-33.2,-41.6,-41.6,1.50142,-41.4,-15.4,-29.5,-46.9,
1.5,-13.4,1.50142,1.50142,-1.4,-11,-9.9,-9,-9.8,
1.5,2,7.7,-5.4,-2.8,-7.5,5.2,-32.9,-32.4,
1.5,-13.9,-6.1,-8,-16.4,-19.9,-17.6,-34.4,-8.5,
1.5,-18.4,-6.9,-26.9,-5.7,-37.9,-26.4,-9,-32.4,
1.5,-24.9,-14.9,-31.9,-24.9,-26.9,-29.6,-27.4,-21.4,
1.5,-41.1,-34.9,-35.9,-39.5,-35.9,-31,-8,-28.5,
1.5,1.50142,-6.9,-1.9,1.50142,-10.4,-27.4,-23.9,-16.9,
1.5,-15.9,-6.4,-8.9,-16.4,-37.9,-29.9,-44.4,-17.9,
1.5,-11.9,-15.4,-34.4,-20,-34.9,-13.5,-7,-27.9,
1.5,-33.4,-19.7,1.50142,-13,-23.4,-26.9,-32.9,-16.4,
1.5,-8.5,-23,-16.9,-36.4,-7.4,-22.9,-7,-43.4,
1.5,-16.9,-1.4,-7.4,4.8,-9.9,-7.4,-33.4,-18.2,
1.5,-9.9,9.5,-26.4,-8.9,-6.9,-27.9,-36.4,1.50142,
1.5,-15.4,-10.4,-24.9,-17.4,-22.4,-25.9,-34.4,-15.9,
1.5,-28.9,-19.9,-28.4,-29.9,-37.9,-28.9,-7,-32.9,
1.5,-13.9,-4.5,-33.9,1.7,-8.4,-34.4,-22.9,-9.9,
1.5,-19.9,-4.9,-18.9,-18.9,-33.3,-19.8,-13.8,-39.8,
1.5,-1.9,-1.9,-28.4,-14.2,-9.3,-28.9,-8.9,-12.6,
1.5,-27.4,-13.7,-13.7,-28.8,-17.7,-16.5,-17.2,-23.7,
1.5,-23.3,-13.9,-7.7,-26,-30.4,-13.7,-33.9,-37.9,
1.5,18.3,-2.9,-17.1,1.50142,-28.4,-28.9,-26.1,-8.8,
1.5,-6.1,-0.9,-21.4,-6.3,-7.2,4.5,-7.5,-9.4,
1.5,-6,-5.6,2,5,3.5,-2.5,-7,-9.2,
1.5,9,8,-2.2,12.7,-9.5,-12.2,-7.5,-13.1,
1.5,-2.7,-8.6,-8.2,-8.2,-12.1,-12.1,-18,-14.5,
1.5,-0.3,-10.8,-18.1,-1.1,-17,-20.3,-7,-23.5,
1.5,-18,-1.3,-8,-20.3,-12.4,-23.4,-7.5,-9,
1.5,-15,-11.8,-1.4,-30.9,-24.9,-16,-12.3,-27.3,
1.5,-31.1,-14.6,-17.9,1.50142,-18,-13.4,-21.9,-24,
1.5,-7,-5.4,-16,2,-6.9,-11.7,-7,-15,
1.5,-8.5,7.5,3.5,-1.3,-17.6,-15,-31.1,-23.6,
1.5,-5.1,-2.8,-13.2,-16.5,-24.1,-26.1,-33.1,-7,
1.5,-16.7,-18.5,-23.2,-12.2,-12.4,-16.9,-25.9,-17.4,
1.5,-6.2,-19.2,-0.9,-4.4,-8.9,-4.9,-7.5,-1.9,
1.5,0.7,-3.4,-7.5,-3.7,-7.5,-7,-15.9,-17,
1.5,-1,-3,-7,-19,-25,-29,-20.6,-12.5,
1.5,-10.5,-22.5,-12.9,-17.8,-24.1,-15.5,-22.1,-28.4,
1.5,-16.3,-24.3,-30.7,3.1,-28.7,-34.4,-8,-22.2,
1.5,-2.6,1.50142,-1.9,-25.4,0.5,-13.7,-9.9,-14,
1.5,-1.9,-16.4,1.3,1.7,-16.9,-13,-30.4,-24.3,
1.5,-11.6,-2.1,-26.4,-14.1,-39.6,-34.3,-7,-41.1,
1.5,-25.9,-25.4,-23.4,-33.4,-29.9,-21.4,-27.9,-22.4,
1.5,-1.4,-49.4,1.50142,-37,-43.9,-28.4,-6.5,-27.3,
1.5,1.5,-9.9,-24.9,1.50142,-11.4,-17.9,-25.9,-24.9,
1.5,-16.4,-8.4,-5.8,-18.9,-40.9,-28.4,-27.4,-39.9,
1.5,-11.9,-10.4,-12.9,-21.4,-20.9,-28.4,-7.5,-23.9,
1.5,-15,-21.5,-20.3,-27.9,-7,-23.2,-15.9,-10.4,
1.5,-34.3,-42.4,-20.5,-34.2,-29.4,-23.9,-8,-22.9,
1.5,-20.5,-33.9,-29.9,-23.7,-16,-22.7,-29.5,-21.5,
1.5,1.50142,1.50142,-30.5,1.50142,-43.5,-35.5,-11.4,-11.4,
1.5,-21.6,-12.1,1.50142,-10.4,-3.8,9.7,-31.9,-20.9,
1.5,-0.5,0.6,4.7,8.5,-8.1,-15.8,-8.5,-5.5,
1.5,-0.5,3,-7.5,-14.3,-8.6,-8,-20.1,-10.6,
1.5,-22,-28.3,-11.7,-16,-8.7,-15.2,-21.2,-19.7,
1.5,-10.8,-18,-11.1,2,-21.1,-19.7,-8,-19.6,
1.5,-10.8,2.5,-20.6,-18.7,-16.9,-21.9,-27.9,-28.4,
1.5,-30.6,-9.7,-26.4,-13.9,-38.4,-38.4,-20.9,-28.2,
1.5,-4.4,-16.9,-11.4,-3.4,-10.5,-17.4,-8,-10,
1.5,-11.3,-3.5,-10.4,-13.9,-10.1,-10.1,-31.1,-26.1,
1.5,-20.9,-23.9,-20.6,-14.1,-41.6,-9.2,-30.1,-39.7,
1.5,-14.4,-12.1,-18.5,-2.2,-22,-16.9,-21.4,-19.4,
1.5,0.5,1.8,-0.7,3.3,-16.2,-18.3,-8.5,-21.7,
1.5,0.4,10,-14.9,-16.8,-7.5,-20.2,-12.8,-11.1,
1.5,-18.9,-8.4,-16.5,-29.2,-21.8,-20.3,-8.5,-23.8,
1.5,-31.8,-10.8,-9.8,8.7,-9.5,-15.8,-12.8,-18.3,
1.5,0.6,7.7,-4.7,-0.4,-17.9,-13.3,-8,-27.9,
1.5,-22.1,-0.6,-17.9,-13.3,-28.1,-28.9,-31.1,-11.4,
1.5,-31.4,-24.3,-39.4,-40.3,-8.1,-24.8,-8,-42.1,
1.5,-20.9,-16.9,10,-1.8,-11.4,-17.9,-22.2,-21.4,
1.5,1.50142,-6.1,-16.3,-14.1,-31.6,-22,-18.6,-44.1,
1.5,-6.4,-12.6,-23.1,-18.9,-30.6,-25.9,-30.1,-28.1,
1.5,-15.7,-25.7,-15.1,-2.4,-7.5,-4.9,-8.5,9.9,
1.5,-10,-0.8,-6.5,-4.2,-7.5,2.5,-8.5,-11.7,
1.5,-7.1,-13.3,-16.5,-8,-25.6,-20.8,-14.7,-48.1,
1.5,-18.4,-20.4,-22.9,-17.9,-36.9,-28.4,-32.4,-28.9,
1.5,-8.4,-18.2,-17.9,-29.9,-32.6,-30.3,-8.5,-35.9,
1.5,-12,-3,-7.9,-2.5,16,-3.4,-17.3,-9.4,
1.5,6.1,-0.9,9.5,4,-9.8,-2.2,-19.9,-10.2,
1.5,6.2,2.5,-19.2,-2.8,-33.2,-10.7,-7.5,-20.2,
1.5,-25.9,-21,-32.9,-16.9,-33.4,-19.7,-16.9,-23.4,
1.5,-36.4,-26.9,-9.4,-29.2,-26.9,-24.4,-7,-43.4,
1.5,1.50142,1.50142,-6.4,3.7,18,-9.4,-26.4,-16,
1.5,-17.9,-9.4,-7.4,-18.4,-35.9,-26.4,-15.9,-47.9,
1.5,-17.9,-20.3,-27.4,-19.9,-26.9,-27.4,-29.4,-26.4,
1.5,-27.9,-21.2,-28.4,-27.9,-30.9,-27.9,-7.5,-19.9,
1.5,-13.9,-28.4,-3.1,1.6,-7.5,3.8,-17.9,-20.3,
1.5,-10.9,-12,-1.4,-11.4,-28.9,-18.9,-20.9,-38.9,
1.5,-6.9,-20.4,-29.8,-19.4,-36.4,-22.9,-34.9,-32.9,
1.5,-20,-11.9,-13.9,-1.7,-13.9,-12.9,-8,4,
1.5,-14.4,-8.9,-14.4,-13.4,-8.5,1,-8,-20.9,
1.5,-25.3,-24.4,-19.5,-9.9,-21.8,-34.3,-20.7,-34.9,
1.5,4.3,10.7,-22.4,-22.4,-36.4,-17.9,-32.4,-29.4,
1.5,-3.4,-16,-32.9,-16.4,-19.1,-11.4,-8.5,-24.4,
1.5,-19.9,-36.4,4.5,-10.3,-9.9,-17.9,-25.4,-5.9,
1.5,-6.4,4.2,2.6,-27.4,-34.4,-14.9,-9,-9,
1.5,-8.9,-18.4,-23.9,4,-34.9,-27.9,-48.4,-23.9,
1.5,-33.7,-8,-43.4,-10.4,-43.4,-33.7,-8.5,-16,
1.5,-28.9,-26.9,-8.9,-18.4,-17.9,10,-28.4,-16.3,
1.5,1.50142,-27.3,-4.9,21.5,-37.4,-23.4,-13.4,-42.9,
1.5,-17.9,1.50142,-28.4,-18.4,-36.9,-28.4,-26.4,-23.9,
1.5,-30.9,-8.3,-36.9,-19.9,-29.4,-26.7,-20.4,-31.4,
1.5,-14.4,-22.2,1.50142,-6.9,4.6,-5.2,-7,7,
1.5,-0.1,-0.8,10,1,-21.1,-9.1,-31.6,-29.1,
1.5,-14.1,-16.8,-13.1,-16.1,-21.1,-26.8,-44.6,-45.6,
1.5,-13.6,-26.9,-20.6,-16.4,-11.9,-22.4,-23.4,-21.4,
1.5,-7.1,-5.9,-1.9,-2.5,-3.4,-1,-8.5,-6.4,
1.5,-0.4,-1.2,-13.9,0.7,-12.9,-17.9,-24.9,-25.4,
1.5,-19.9,-9.4,-20.9,-7.4,-30.9,-25.4,-8.5,-27.9,
1.5,-19.8,-20.8,-30.6,-24.4,-13.6,-27.4,-24.6,-19.4,
1.5,-40.1,-34.3,-23,-37.4,-34.3,-28.7,-8.5,-29.2,
1.5,5.3,-4.9,1.50142,1.50142,-9.3,-2.8,-18.7,-19.8,
1.5,-14.9,-6.9,-4.4,-15.9,-33.9,-22.9,-23.9,-43.4,
1.5,-26.9,-15.4,-19.9,-16.9,-33.9,-19.9,-32.9,-31.9,
1.5,-5.7,-9.9,-10.9,5.8,-18.4,-7.9,-8.5,8.5,
1.5,-9.9,2.5,-17.3,-6.9,-7,2.5,-25.4,-14.4,
1.5,-26.3,-16.5,-16,-8,-10.4,-23.8,-32.3,-34.9,
1.5,2,-9,-24.6,-7.7,-28.1,-15.9,-33.1,-31.6,
1.5,-4.9,-6.2,-26.9,-14.4,-32.4,-30.1,-8.5,-32.9,
1.5,-24.4,-12.8,-17.6,-27.5,-20.4,-31.9,-16.4,-12.9,
1.5,-26.7,-37.9,8.1,-40.1,-30.6,-21.9,-7.5,-13.7,
1.5,1.50142,1.50142,-20.6,1.50142,4,-5.8,-23.8,-24.8,
1.5,-16.4,-7.4,2,-16.9,-34.4,-24.4,-37.9,-17.9,
1.5,-16.4,-19.4,-25.4,-17.3,-32.9,-12.9,-44.9,-28.9,
1.5,-26.9,-17.3,-15.9,-16.9,-8.4,-23.4,-7.5,-7.4,
1.5,-0.4,10.5,10,-7.9,-7.5,14.6,-15.9,-19.2,
1.5,-7.9,-0.4,-1,-9.9,-28.9,-15.4,-20.4,-39.4,
1.5,-22.3,-19.9,-29.3,-13.9,-36.9,-23.4,-34.9,-33.4,
1.5,-23.9,-23.8,-32.4,-13.9,-17.9,-23.9,-8,9.1,
1.5,-10.6,-10.6,1.50142,-8.2,-8,1,-22.7,-20.2,
1.5,-6.2,1.8,-2,-7.7,-36.2,-15.2,-37.2,-31.7,
1.5,-26.9,-16.6,-24.4,-16.9,-33.4,-33.6,-35.4,-33.4,
1.5,-12.3,-20.3,-12.4,-20.9,-21.4,-16.9,-9,14,
1.5,-11.9,-19.8,-20.5,-15.9,-8,2,-25.4,-15.5,
1.5,-30,-25.4,-17.5,-8,-34.9,-11,-43.3,-25,
1.5,3,1.50142,-26.4,-9.9,-16.4,-29.4,-34.9,-33.4,
1.5,-5.9,-7.4,-10.4,-21.4,-21,-21.4,-9.5,-19.4,
1.5,-23.5,-20,-19.5,-14.5,-7.7,-17.7,-14.5,-12.5,
1.5,-29.2,-23.8,-17.2,-11.7,-23.8,-22,-7.5,-15.2,
1.5,15.2,20.2,-22.2,-25.4,-17.6,-14.4,-22.1,-27.1,
1.5,-11.8,-11.4,-28.2,7.7,-32.2,-36.9,-15.3,-39.3,
1.5,-20.9,-30.4,-8.1,-26.4,-16.4,-17.4,-20.4,-25.4,
1.5,-9,-2.9,0.6,-18.9,-21.9,-2.4,-7,-13.3,
1.5,-5.4,-20.4,-15.4,-3.3,-13.1,-14.8,-24.6,-32.1,
1.5,-20.4,-8.6,-12.6,-19.8,-33.1,-9.1,-36.6,-8.1,
1.5,-8.4,-8.7,-17.4,3.3,-17.4,-22.9,-21.4,-28.9,
1.5,-2.3,-3.8,-9.9,1.50142,-22.3,-17.8,-8.5,-21.5,
1.5,-8.8,-2.8,-3.7,-1.8,-7.5,-21,-14,-11.5,
1.5,-13.2,-11.3,-3,-12,-23.5,-20.8,-8.5,-11.8,
1.5,-11,-11.5,-23.1,-19.8,-20.6,-18.6,-24.6,-22.6,
1.5,-29.2,-29.7,-30.1,-28.1,-31.3,-29.2,-9,-34.3,
1.5,-6.5,-4.9,-5.6,-0.3,-17.4,-32.9,-12.9,-11.9,
1.5,-10.5,-2.5,1.5,-31.4,-28.8,-21.4,-26.8,-38.8,
1.5,-12.9,-37.6,-19.9,-27.5,-21.9,-15.9,-21.4,-18.9,
1.5,-27.9,-12.9,-14.9,1.50142,-14,-11.4,-8.5,-20.9,
1.5,-12.3,-4.8,-11.5,10.2,-23.4,-11.9,-10.4,-32.4,
1.5,-20.3,-7.5,-32.4,-10.9,-27.9,-29.6,-27.4,-37.4,
1.5,-7.6,-20.1,-17.4,-9.5,-36.9,-42.4,-20.9,-38,
1.5,-5.9,-4.2,-5.4,-12.9,-1.3,-1.4,-8.8,8,
1.5,-4,-11.4,4.1,-0.3,-7.5,2.5,-8,-19.2,
1.5,3.85731e-15,1.1,-7,-8,-19,-14,-27.3,-28.5,
1.5,-11.9,-14.9,-17.5,-14.9,-27.4,-26.4,-8.5,-26.4,
1.5,-16.5,-14.5,-10.4,-9.9,7.5,-25.9,-9.4,-9.9,
1.5,-19.9,-19.3,8.5,-16.4,-19.2,-19.3,-9,-21.4,
1.5,17.5,-15.4,-13,-7.5,-12,-20.5,-15.5,-13.8,
1.5,-5,-17,-11.5,-2.2,-25,-22.8,-14.7,-29.2,
1.5,-5.8,-13.3,-10.9,-17.2,-11.3,-23.8,-20.4,-9.9,
1.5,-12.9,-19.3,-2.2,-25.7,-22.4,-11.8,-9,-8,
1.5,-15.3,-17.3,-11.5,15.2,-12.8,-15,-9.5,-22.3,
1.5,-21.8,-9,-10.3,-13.5,-21.7,-32.7,-29.5,-17.5,
1.5,-14.9,-6.9,-16.9,-26.9,-39,-9.64327e-16,-8,-43.4,
1.5,-19.9,-26.4,-22.4,1.50142,1.50142,-33.4,-21.3,-8.5,
1.5,3.2,5.5,20,1.50142,-14.5,-22,-16.3,-25.8,
1.5,0.1,-5.4,-16.4,-9.8,-27.9,-19.9,-6.5,-35.9,
1.5,-21.4,-18.4,-28.9,-19.7,-26.9,-34.4,-30.4,-27.4,
1.5,-43.8,-33.7,-40.4,-14.9,-45.1,-40.4,-7.5,-47.9,
1.5,1.50142,1.50142,1.50142,-33.9,9.5,1.50142,-21,-11,
1.5,-15.9,-26.4,-7.9,-9,-34.4,-23.4,-21.9,-21.9,
1.5,-26.9,-10.5,-21.4,-17.4,-33.4,-24.4,-32.9,-22.9,
1.5,-18.5,-7,-30.9,-21.8,-30.9,-19.7,-9,-23.4,
1.5,-14.3,-6.8,-8.1,-18.7,-8,-22.4,-25.4,-9.9,
1.5,-6.4,-14.7,7,-32,-9.4,-19.3,-28,-34.9,
1.5,-26.6,-13.6,-20.9,11,-23.4,-15.9,-29.9,-27.9,
1.5,-20.8,-15.8,-22.9,-7.4,-29.5,-27.9,-9.5,-27.5,
1.5,-1.9,-6.4,-28,-27.4,-16.5,-27.4,-25.4,-12.5,
1.5,-12.4,-9.9,-26,-37.9,-34.9,-22,-30.3,-37.9,
1.5,-25.4,-10.4,1.50142,1.50142,-25.1,-17.6,-13.9,-11.5,
1.5,8,12.5,-13.4,12.3,3.1,8,-7,0.6,
1.5,-17.9,-1.4,1.5,-3.4,-22.9,-0.4,-25.4,-10.4,
1.5,-1.9,-6,-24.9,2.6,-7.9,-13.4,-36.9,-20.5,
1.5,-18.4,-9.9,-9.9,-7.4,-17.9,-15.5,-20.9,-27.4,
1.5,-11.8,-8.9,-19.9,-17,-22.8,-28.4,-8,-25.9,
1.5,-20.2,-17.5,-15.7,-28.9,-15.9,-18.9,-20.9,-18.4,
1.5,-29.2,-40.8,0.2,-32.9,-9.8,-17.8,-25.8,-34.3,
1.5,1.50142,-3.9,-9.8,1.50142,-24.8,-32.9,-9,-19.2,
1.5,-16.3,-4.8,-24.3,-15.9,-23.8,1.50142,-33.9,-33.4,
1.5,-16.8,-15.9,-23.7,8.5,-20.9,-29.9,-32.4,-3.8,
1.5,2.3,4,-6.6,-4.5,-18.1,-7.8,-9.5,-15.1,
1.5,-6,-4.1,-17.7,-7.3,-9.2,-1,-16.4,-15.4,
1.5,-9.7,-17.4,-19.2,-10.8,-25.9,-7.9,-9.5,-27.2,
1.5,-17.5,-14.5,-12.4,9.1,-27.4,-10.9,-21.4,-20.4,
1.5,-21.9,2.6,-7.9,-3.4,-13.5,-15.4,-18.4,-19.2,
1.5,7.6,7.5,-6,-7.9,-7.3,-8,-7,-6.8,
1.5,7.6,-6.9,-0.4,-7,-13.4,-5.3,-22.4,-20.9,
1.5,4,-2,-15,-7,-9,-18,-24,-21.5,
1.5,-12,-17.5,-9.7,-16,-20.7,-19.5,-7.5,-20.7,
1.5,-15,-15.5,-20.8,-19.7,-7.5,-20.3,-20.8,-18.8,
1.5,-31.3,-30.2,-21,-31.3,-33.8,-31.8,-8.5,-25,
1.5,6,-3.6,-1.4,-2.1,-10,-0.9,-14.5,-14.5,
1.5,-12.1,-3.6,4.9,-14.1,-31.1,-18.1,-26.6,-40.6,
1.5,-20.6,-16.6,-25.6,-21.7,-27.4,-36.9,-34.1,-29.9,
1.5,-18.1,-19.7,-15.9,-26.4,-12.4,-22,-9,-26.4,
1.5,-11.9,2.6,-11.4,11.1,-8,-25.4,-19.6,-16,
1.5,-0.7,5.7,-17.5,-15.4,-29.2,-25.5,-11.5,-27.2,
1.5,-15.5,-17.9,-27.3,-16.6,-17.8,-23.9,-18.5,-24.6,
1.5,-18.4,-15,-16.3,2.3,-24.4,-16.8,-7.5,3.5,
1.5,-14.9,-2.9,5.2,-15.4,-0.5,3,-14,-16.4,
1.5,-9,-4,10.6,-9,-24,-26.9,-13.3,-28.8,
1.5,-16.7,-15.4,-23.2,-22.4,-31.4,-23.9,-26.9,-26.9,
1.5,-29.2,-28.5,-24.1,-29.7,-32.4,-31.9,-14,3,
1.5,-2.2,1.50142,-4.1,1.50142,-13.5,2.5,-15.4,-14.4,
1.5,-11.9,-19.3,-18.8,-15.8,-38.8,-37.3,-22.8,-51.4,
1.5,-49.4,-51.9,-19.9,-19.9,-67.4,-54.9,-63.9,-1.5,
1.5,0.8,11.3,-38.4,-61.4,-61.4,1.50142,-7.4,-60.9,
1.5,-47.9,-57.9,-36.9,1.50142,1.50142,-61.9,-84.9,-61.4,
1.5,-14.4,1.50142,1.50142,-50.4,-58.9,-67.4,-0.3,1.50142,
1.5,-38.4,-58.4,-60.4,-51.4,-11.7,1.50142,-58.4,-64.9,
1.5,1.50142,-51.4,-11.3,1.50142,-44.9,-60.4,-22.8,-7,
1.5,-0.3,1.50142,-13.4,-40.4,-19.2,-5.5,-19.4,-55.9,
1.5,-39.4,-46.4,-45.9,1.5,-65.4,-51.9,-40.9,-56.9,
1.5,-23.4,18,-34.9,-38.9,-24.9,-43.4,-56.4,1.50142,
1.5,1.50142,-22.4,1.50142,-18.9,-29.9,1.50142,-18.9,-31.9,
1.5,-21.4,-6.9,-19.5,1.50142,-4.4,-17.6,-6.5,-22,
1.5,-10.2,-22.2,-12.2,-10.9,-23.9,-20.9,-20.9,-22.5,
1.5,-3.5,-5.4,-5.5,-15,-38,-16,-7,-38.5,
1.5,-12.4,-26.4,-34.9,-17.5,-20.9,-35.4,-33.4,-23.7,
1.5,-10.4,-34.5,-37.8,-51.4,-50.9,-41.2,-21,-50.9,
1.5,-13.4,-39.9,1.50142,-7.9,-12,1.50142,-10.9,-23.9,
1.5,10.5,9.5,-4.5,18.6,0.1,-10.2,-8.5,-8.9,
1.5,-11.9,-21.9,-10.4,-15.9,-33.4,-23.9,-13.4,-25.9,
1.5,-20.9,-17.9,-27.4,-25.2,-27.4,-16.4,-8.5,-13,
1.5,-20.9,1.50142,-22.9,-10.9,-10.9,-12.5,-11.4,-20.9,
1.5,-19.7,-3.7,1.50142,-9.5,-24.8,-35,-17.8,-34.8,
1.5,-12.4,-12.2,-13.8,-23.9,-33.9,-24.9,-21.9,3.5,
1.5,-26.9,-21.7,-9.4,-7.4,-23.9,-1,-22.4,-19.4,
1.5,1.3,-2.2,-4.2,5.3,-3.5,-0.7,-7,2,
1.5,-4.8,0.5,8,0.4,-15.9,-4.9,-27.4,-25.4,
1.5,-23,-24.2,-20.4,-12.9,-8.4,-25.4,-34.4,-30.4,
1.5,-5.9,-1.9,-14.9,-20.9,-21.4,-28.1,-30.4,-28.4,
1.5,-2.1,1.2,-23.5,-30.4,-33.1,-30.4,-8.5,-30.1,
1.5,-30.6,-30.1,-24.4,-21.1,-14.9,-28,-21.1,-17.6,
1.5,-8.8,-35.6,12.7,-16.9,-35.6,-31.7,-8.5,-36.3,
1.5,-0.5,12.1,-0.9,-1.1,-5,-6.4,-30.1,-31,
1.5,2.3,9,5.8,8,-16,-17.6,-22.5,-12.4,
1.5,-6,-1,-13.5,-8.2,-9.5,-6.9,-27.5,-13.5,
1.5,-11.5,-10.3,-7.7,-14,-14.4,-20,-35.4,-27.4,
1.5,-8.2,-14.5,-20.9,-20.7,-13.9,-28.9,-34.9,-32.4,
1.5,-13.8,-13.1,-15.4,-26.3,-15.4,-21.4,-31.4,-28.4,
1.5,-14.4,-13.8,-14.6,-20.5,-9.6,-26.9,-30.1,-27.1,
1.5,-10,-4.5,-11,-10.4,-13.5,-22.9,-26,-23,
1.5,-11.9,-11.9,-15.4,-24.2,-26.9,-24.2,-7.5,-25.4,
1.5,-21.7,-23.7,-26.4,-4.7,-13.4,-21.9,-22.9,-21.9,
1.5,-40.9,-18.7,-27.9,-8.4,-36.7,1.1,-9,-25.9,
1.5,-7.4,-7.9,1.50142,4.1,-5.5,-24.9,-21.2,-23.2,
1.5,-14.4,-12,-6.2,-16.4,-33.9,-36.2,-23.4,-47.4,
1.5,-26.9,-15.9,-19.9,-20.4,-32.4,-20.4,-30.4,-24.4,
1.5,-16.2,-16.9,-13.6,-16.9,-27.6,-10.8,-12,-10.8,
1.5,-2.9,-15.4,-27.4,19.3,-10.5,-9.9,-25.4,-15.4,
1.5,-12.9,-7,-21.4,-4.9,-33.9,-23.4,-12,-33.4,
1.5,-19,-20.5,1.50142,-21.4,-25.4,-31.4,-18.4,-25.4,
1.5,-6.5,-29,-15.4,-38.6,-25.8,-32.9,-8,-20.4,
1.5,-14.9,-14.9,-15.8,1.50142,-24.3,-19.4,-18,-19.5,
1.5,-30.8,-1.8,-2.8,-13.3,-30.8,-34.2,-7,-28.3,
1.5,9.8,-13.8,-30.1,-34.4,-20.6,-9.9,-26.4,-19.9,
1.5,-17.4,-49.9,-15.6,-25.8,-42.4,-14.9,-13.6,-47.1,
1.5,-7.6,-14.8,-28.9,1.50142,-23.4,-25.9,-33.4,-9.3,
1.5,-40.9,-13.3,-28.4,-42.4,-61.9,-38.4,-50.9,-55.4,
1.5,-22.9,-10.9,1.50142,-12.4,-43.9,-44.4,1.50142,6.2,
1.5,-1.9,9.6,-27.4,1.50142,1.50142,1.50142,-46.9,2.5,
1.5,-17.9,-5.2,3,-15.7,-28.4,-10.2,-37.2,-46.7,
1.5,-18.4,-22.4,-21.9,-19.4,-31.9,-35.4,-48.4,-43.9,
1.5,-24.1,-16.2,-13.1,-15.9,-15.9,-15.9,-8.5,13,
1.5,3.9,10.5,5.1,-14.9,-8,1.50142,-17.3,-22,
1.5,-4.2,-6,-6.4,1.5,-23.7,-7.9,-16.7,-40.4,
1.5,-18.4,-22.4,-15.7,-19.4,-21.2,-35.9,-21.9,-35.9,
1.5,-9.2,5.8,-14.1,-20.9,-26.4,-27.9,-8.5,0.4,
1.5,2.9,-18.8,-0.9,0.6,1.5,1.50142,-16.3,-20.5,
1.5,9.3,-12.3,9,1.50142,-10.4,-6,-9.7,-20.2,
1.5,-4.7,-8.7,-8.2,-5.7,-24.2,-21.7,-7,-16.8,
1.5,-8.3,1.50142,-25.7,-12.7,-6.5,1.50142,-13.7,-12.8,
1.5,-21.8,-22.8,4,5.5,-9.8,0.7,-18.2,-11.5,
1.5,-5,11.5,-9.2,-5.8,-21.2,-13.3,-7.5,-24.2,
1.5,-14.1,-11.7,-21.6,1.50142,-8.5,-13.7,-21.8,-23.2,
1.5,-21.1,-18.6,-11.1,-7.7,-24.2,-10.7,-22.6,-24.2,
1.5,0.7,3.3,-12,-4.2,-23.5,-22.2,-11.5,-20.5,
1.5,-11.5,-3.9,-22.4,-21.2,-14.7,-20,-20.6,-18.1,
1.5,-9.5,-29.6,-23.3,-28.7,-29.1,-26.7,-9.5,-31,
1.5,-22.7,-5.4,1.50142,1.50142,-6.2,-12.9,-10.8,-3.8,
1.5,-9.5,2,0.9,7.3,-9.9,-2.8,-20.2,-28.5,
1.5,1.50142,-7,-8.8,-9.4,-28.7,-10.9,-31.2,-36.4,
1.5,-20.9,-18.4,-27.4,-15.9,-32.9,-9.4,-31.6,10,
1.5,-20.9,-30.9,-9.9,-7.4,-23.1,-12.4,-19.4,-14.9,
1.5,14.7,-0.9,-1.7,-5.4,-16.2,-7.8,-9.8,-16.2,
1.5,-13.6,-2.6,-5.5,-5.6,-21.1,-5.5,-18.8,-17.1,
1.5,-15.5,-7.5,-7.6,-2.6,-17.6,-13.6,-7.5,-8.5,
1.5,-7.1,-3.2,-17.2,-13,-9.7,-9.5,-18.7,-14,
1.5,-27.8,-7,-23.7,-23.7,-29.7,-28,-8,-30,
1.5,-18.7,-7.7,-11,-5.4,-21,-30,-9,-28.5,
1.5,-10.4,-1.5,3.1,-12.9,-30.4,-30.4,-27.4,-9,
1.5,-10.6,-7.4,-25.1,-20.6,-18.7,-11.6,-19.6,-6.2,
1.5,-11.7,-20.1,-17.2,1.50142,-10.2,-1.7,-12,-11.7,
1.5,4.9,-7.6,3.4,15.5,-11.5,-2.9,-9.2,-22.9,
1.5,-3.2,-8.2,-10.3,-5.2,-21.2,-22.2,-20.2,-19.7,
1.5,-21.3,-16.5,-31.6,-19.7,-33.7,-33.2,-9.5,-35.7,
1.5,-17.1,-29.6,-15.9,-33.4,-0.2,1.50142,-19.4,-7.3,
1.5,-19.4,-24.4,8,-9.5,-21.6,0.4,-19.4,-34.1,
1.5,1.50142,18.8,6.9,1.50142,-29.7,-22.9,-8.5,-44,
1.5,-17.9,-22.4,-27.5,-19.9,-35.4,-36.4,-19.2,-29,
1.5,-19.4,-2.2,-14.4,-26.9,3.85731e-15,1.50142,-7.5,16.5,
1.5,-12.8,-24.9,1.5,1.50142,-6,5.5,-16.9,-21.5,
1.5,-12.5,-12.5,-20.1,-8,-30.9,-24,-10.2,-33.7,
1.5,-23.6,-13.1,-29.1,-16.7,-29.6,-35.9,-32.4,-23.4,
1.5,-39.3,-26.9,-39.5,-11.9,-14.1,1.50142,-54.6,-41.1,
1.5,1.50142,11.6,1.50142,13,-44.4,-37.4,-12.1,-44.4,
1.5,-17.9,-22.4,-27.4,-19.9,7.9,-28.4,-32.9,-24.4,
1.5,-16.9,-28.4,3,-7.4,-9.9,8.2,-9,-8.9,
1.5,2,13.1,-7,2,-23,-11.5,-17.4,-17.5,
1.5,-18,-8.9,-23.2,-21.8,-27.9,-21.4,-30.4,-21.4,
1.5,-14.2,-25.7,-29.4,-15.5,-18.1,-22.5,-9.5,-32.6,
1.5,-28.9,-14.5,8.8,10.5,-21.4,-33.4,-32.4,-14.9,
1.5,-9,-3.1,-0.6,-11.9,-14.1,-25.8,-24.7,-42.1,
1.5,-7.1,-4.3,-13.1,-19.3,-13.8,-13.4,-12,-17.8,
1.5,-10.6,-18,-10.8,-10.4,-9,-7.5,-17,-15,
1.5,-18.4,-8.9,-16,-15,-15.5,-3,-7.5,-24.5,
1.5,-7,-16.3,-14.5,-1.6,-18.8,-23.3,-11.2,-17,
1.5,-5.2,3.2,-32.8,-37.2,-25.3,-31,-7,-32.5,
1.5,-13.9,-29.4,-7.4,-20.1,-12.4,-34.4,-16.9,-17.4,
1.5,-22.7,-4.2,-5.2,-14.4,-32.9,-32.9,-7.5,-22,
1.5,-16.9,-14.3,-33.4,-34.9,-25.9,-22.9,-31.9,-29.4,
1.5,-46.4,-46.4,-38.4,-0.7,-46.1,-44.4,-8,-35.2,
1.5,-3.9,1.50142,1.50142,-34.9,-13.4,-34.4,-17.9,-15.4,
1.5,-15.4,-24.9,-14.4,-46.9,-37.4,-30.9,-27.4,-46.9,
1.5,-35.9,-22.9,-27.4,1.50142,-32.4,-16.9,-24.9,-24.4,
1.5,-20.4,-11.9,-3.6,-0.1,-18.9,-10.8,-11.5,-10.9,
1.5,1.50142,10.5,-18.4,-4.7,-19.9,-9.9,-32.9,-21.7,
1.5,-11.9,-2.9,-28.7,-15.4,-42.4,-30.7,-9,-42.4,
1.5,-12.9,-30.9,-12.4,-17.1,-26.4,-31.9,-17.1,-26.9,
1.5,-6.4,-15.6,-1.4,-9.4,-27.6,-36.4,-7.5,-21.9,
1.5,-6.4,-8.7,-14.9,-32.9,-6.5,-20.9,-26.9,-30.1,
1.5,-29,-12.4,-7.9,-35.5,-12.4,-43.5,-31.4,-48.4,
1.5,-3.4,-8.9,-22.6,1.50142,-11.1,-15.4,-34.1,1.5,
1.5,-2.7,5.8,-19.4,-2.9,-15.4,-23.4,-32.4,-30.4,
1.5,-4.2,-18.2,-14.9,-14.9,-8.1,-8.1,-30.6,-8,
1.5,-1,-1,1.50142,-4,-16.1,-18.1,-27.1,-24.6,
1.5,0.2,-3.8,-9.5,-21.2,-28.9,-21.9,-9,-26.9,
1.5,-20.6,-20.1,-22.3,-17.4,-28.3,-25.4,-21.9,-19.9,
1.5,-35.7,-27.9,-18.4,-13.4,-35.4,-32.7,-9.5,-13.2,
1.5,12.2,1.50142,-9.9,-30.9,-22.9,9.8,-20.6,-20.2,
1.5,-14.4,-22.6,-1.7,1.50142,-34.4,-5.4,-23.4,-44.9,
1.5,-18.4,-3.4,-19.4,-20.9,-23.4,-19.4,-32.9,-36.9,
1.5,-11.4,-15.9,-19.9,-13.2,-21.4,-11.4,-11.5,-8.7,
1.5,-11.7,3.8,-0.5,-9.3,-8.8,-6,-15.8,-4.3,
1.5,5.6,-1.7,-0.5,-14.6,-23.8,-12.3,-29.4,-8.4,
1.5,-17.3,-4.8,-24.2,-1.9,-17.9,-19.9,-30.4,-28.4,
1.5,-34.7,-12.4,-28.4,-30.2,-41.6,-39.4,-6.5,-17.9,
1.5,-21.9,-30,-7.4,-27.9,-11.4,-11.4,-22.5,-20.5,
1.5,1.50142,-41.4,-7.4,1.50142,-36.9,-16.9,-21.4,-46.9,
1.5,-16.9,1.50142,-31.9,-3.9,-22.4,-21.4,-32.9,-32.4,
1.5,-22.1,-33.6,-11.5,-15,-32.4,-29.6,-9,-19.4,
1.5,15.7,-5,-30.1,-28.5,-9,-19.2,-17.5,-11,
1.5,-19,-17.4,-22,-32.5,-34.4,-24.4,-35.7,-22.9,
1.5,-24.4,-40.1,1.50142,1.50142,-10.4,-25.9,-34.4,-32.9,
1.5,1.50142,1.50142,-4.4,-4.9,-17.4,-17.4,-31.4,-14.9,
1.5,-10.4,1.1,-21.9,-10.9,-31.1,-25.4,-33.9,-10.4,
1.5,-18.1,-24.4,-25.1,-14.9,-23.4,-17.4,-25.9,-23.9,
1.5,-4.9,-17.4,-2.9,-26.4,-34.9,-33.2,-9.5,-11.9,
1.5,-2.9,-24.4,-32.4,-10.4,-7.7,0.6,-20.9,-12.3,
1.5,-12.6,-20.9,-18.2,1.50142,-34.3,-8.6,-24.9,-41.6,
1.5,-16.7,-22.4,-17.4,-4.9,-27.4,-21.9,-10,-31.3,
1.5,-5.1,10.3,-13.9,-15.4,-8.6,-23.6,-11.7,-19.3,
1.5,-2,-12.9,-6.5,-21.1,-21.5,-3,-14.5,-25.5,
1.5,-7,-28.6,-29.5,-10.6,-9.8,-9.6,-26.6,-24.6,
1.5,-12,-0.7,-0.8,19.8,-10.4,-24.3,-20.9,-31.4,
1.5,-3.6,-8.1,-9.3,-19.8,-22.6,-15.1,-21.3,-23.6,
1.5,-19.2,-1.7,-22.7,-15,-21.1,-23.1,-9,-21.6,
1.5,-11.2,-9.5,-8.6,-22.7,-13.2,-9.1,-12,-21.2,
1.5,-22.2,-9.7,-0.7,-22.7,-25.5,-8.2,-17.5,-32.5,
1.5,-15.7,-16.2,-22.9,1.50142,-19.1,-24.1,-28.6,-23.6,
1.5,-24.2,-2.2,-20.5,-4.2,-29.9,-25.6,-9.5,-23.7,
1.5,-7,-4.1,-28.5,-19.1,-9.2,-1.7,-14.7,-15.5,
1.5,-21.9,-18,-23.2,-7.2,-28.3,-4,-17.2,-34.7,
1.5,-26.2,-10.2,1.50142,-6.8,-27.9,-37.4,-8,-33.4,
1.5,1.50142,-3.9,-18.4,-17.9,7,-13.4,-20.9,-3,
1.5,-8.7,-10.9,1.3,-10.7,-28.7,2.3,-12.2,-38.7,
1.5,-33.4,-9.7,-23.4,-4.4,-23.4,-29.4,-22.3,-32.4,
1.5,-3.9,-20.1,-4.4,-8.9,-4.7,-9.6,-7,4.1,
1.5,-5.4,-2,-5.7,-10.7,-11.4,0.5,-34.9,-32.4,
1.5,-21.7,-7.9,-27.3,-15.3,-49.9,-20.1,-44.2,-47.1,
1.5,-22.4,-38.9,-41.4,-0.2,-32.4,-24.4,-8,9.6,
1.5,-1.9,18.3,-1.1,-25.8,-9,19.5,-22.2,-8.4,
1.5,-15.4,-15.8,-9.9,-11,-37.2,-5.4,-57.9,-24.4,
1.5,-8.8,-12.9,-6.9,-38.4,-54.9,-58.9,-0.9,-63.9,
1.5,-47.9,-47.4,-50.4,-60.9,3.7,-60.4,-60.4,-11.3,
1.5,-37.4,-58.4,9,1.50142,-60.4,1.50142,-30.5,-45.9,
1.5,1.50142,1.50142,-57.9,-13.6,-29.1,-32.1,-45.6,-42.4,
1.5,-52.9,-22.4,-22.3,-25.1,1.50142,-36.4,-51.4,-40.4,
1.5,-14.7,-6.4,-34.9,1.50142,-58.4,-3.4,1.50142,1.50142,
1.5,-2.4,13,-33.4,19,-13.5,-1.5,-73.9,-20.5,
1.5,-16.4,-20.4,1.50142,-8.3,-43.4,-18.5,-26.8,-38.3,
1.5,2.5,-19.4,-24.9,-16.4,-23.4,-17.9,-31.4,-29.4,
1.5,-16.4,-9.4,-22.4,-1.9,-8.6,-12.4,-8,-12.4,
1.5,-13.5,-25,-15,3.1,-4,-6.5,-11,-3.7,
1.5,-14,-3.85731e-15,-4.8,-8,-19.4,-8.5,-15.4,-29.4,
1.5,-13.2,-16.5,-28.2,-10.9,-29.9,-37.9,-43.4,-18.9,
1.5,-16.9,-13.9,-32.5,-36.9,-14.9,-12.9,-25.4,-36.9,
1.5,-11.4,-11.4,1.50142,-12.4,-24.4,-11.4,-33.9,-16,
1.5,-1.4,-8.4,-18.3,12.7,-16.4,-19.4,-29.9,-27.9,
1.5,-9.4,-3.9,-4.9,-6.2,-15.5,-20.4,-9.5,-14.3,
1.5,-4.2,-5.6,-15,-19.9,-9.2,-13.8,-28.8,-23.4,
1.5,-29,-33.2,-23.7,-24.8,-12.4,-36.9,-28.4,-39.4,
1.5,-10.7,-7.3,-17.9,-4.9,-27.4,-14.4,-29.4,-23.4,
1.5,-2.4,10.6,-19.4,-2.4,-28.4,-22.9,-8,-32.9,
1.5,-19.2,-6.4,-27.9,-21.7,-14.9,-22.9,-10.2,-16.9,
1.5,-42.9,-33.7,-30,-37.2,-30.9,-7.9,-7,-14.3,
1.5,0.5,-35.4,1.50142,1.50142,-4.5,-15.3,-20,-29,
1.5,-16.9,1.50142,-8.9,-19.9,-37.9,-25.3,-23.9,-23.9,
1.5,-26.9,-9.7,-32.9,-10.9,-30.2,1.50142,-18.9,-25.9,
1.5,-21.4,-17.9,-26,4.5,-9.4,-15.9,-8.5,-30.9,
1.5,-15.6,-20.1,1.50142,-17.1,-32.1,-21.1,-26.4,-34.1,
1.5,-2,0.4,-23.6,-10.1,-15.9,-4.4,-26.9,-6.9,
1.5,-5.1,-10.1,-14.4,0.6,-7.9,0.6,-9,-9.6,
1.5,-13.8,-13.3,-7.4,1.2,-8,-10.2,-11.5,-7.8,
1.5,-20.9,-12.4,-22,-21.2,-21.8,-9.8,-9,-21.1,
1.5,-10.9,-20.1,-12.3,-9.3,-11.6,-20.6,-12.8,-12.8,
1.5,-1.3,-23.2,5.2,-34.1,-26.3,-26.3,-17.8,-34.3,
1.5,-16.4,-25.9,-18.8,-8.8,-16.2,-26.4,-24.8,-26.2,
1.5,-20.3,-10.5,-17.5,-9.9,-7.8,-28.2,-8.5,-26.3,
1.5,-2,3.6,-0.4,-22.9,-14.4,-10.8,-14.4,-19.9,
1.5,-0.8,-24.7,-13.7,7.1,-20.8,-21.7,-14.8,-33.3,
1.5,-6.8,-1,-18.3,-15.2,-7.8,-23.4,-7,-26.4,
1.5,-21.8,-18.3,6.7,-26.9,-20.3,-11.9,-16.9,-10.3,
1.5,6,-10.4,-12.8,11.6,-19.4,-14.3,-23.3,-20.8,
1.5,-12.7,-1.9,-18.7,-3.7,-8.9,-16.9,-33.4,-28.3,
1.5,-11.2,-21.7,-12.4,-13.4,-17.9,-14.4,-25.4,-30.4,
1.5,-13.4,-14.4,-20.1,-14.8,-26.4,-32.1,-8.5,-30.1,
1.5,-19.2,-11.2,-19.9,-30.6,-15.5,-23.5,-24.6,-22.6,
1.5,-33.2,-4.6,-0.3,-34.6,-35.8,5.8,-8.5,-27.4,
1.5,17.6,-33.4,-33.4,1.50142,-12.9,-27.9,-18.5,-14.5,
1.5,-23.4,-12,-26.9,-16.9,-34.4,-27.8,-24.9,-47.4,
1.5,-17.9,-28.9,1.50142,-21.9,-25.9,-18.4,-38.9,-18.9,
1.5,-12.4,-17.4,-18.9,-13.8,-14.4,-14.4,-18.9,-29.4,
1.5,-19.4,-13.3,-13.3,-13.8,-18.9,-13.9,-9,-29.3,
1.5,-11.8,-2.3,-17.4,-12.4,-8.3,-27.8,-25.8,-23.8,
1.5,-30.9,-1.9,-18.8,-41.9,-9.3,-37.2,-33.2,-39.3,
1.5,-9.3,-18.4,-23.4,-12.4,-16.9,-16.9,-35.4,-7.9,
1.5,-5.4,-11.9,-22.9,-5.4,-8.9,-25.4,-34.4,-32.4,
1.5,-6.7,-16.2,-13.9,-19.4,-17.9,-18.1,-27.9,-25.4,
1.5,-15.4,-20.7,-18.9,-19.7,-29.9,-26.9,-7.5,-27.4,
1.5,-18.9,-5.7,-29.5,-26.4,-15,-22.4,-23,-20.5,
1.5,-41.5,-3.5,-27,-34.5,-35.2,-8.5,-9,-27.4,
1.5,-8.9,-19.9,-1.9,1.50142,-8,-14.9,-18.4,-16.4,
1.5,-13.9,-6.4,-9.4,-17.4,-34.9,-10.9,-24.4,-47.9,
1.5,-16.4,-12.4,-18.4,-7.4,-30.4,-18.4,-36.4,-33.9,
1.5,-13.6,-9.9,-7.6,-6.9,-10.4,-19.9,-11.5,7,
1.5,-5.6,7.9,-8.4,-17.2,-9.3,3.5,-13.9,-9.9,
1.5,-17.4,-10.6,-18.7,-7,-22.9,-18.8,-11,-33.8,
1.5,-17.9,-22.9,-18.9,-19.9,-35.4,-32.9,-17.4,-37.4,
1.5,-12.4,-11.2,-7.4,-19.9,-3.4,-19.9,-11.5,3.3,
1.5,1.3,7.8,-1.5,-17.7,-12.4,8.8,-19.4,-20.7,
1.5,-9.2,-6.2,-20.9,-7,-28.2,-3.6,-8,-34.8,
1.5,-22.8,-22.9,-27.9,-20.4,-25.4,-33.4,-31.9,-37.4,
1.5,-3.9,4.6,-27.9,-19.4,-36.4,-19.4,-7.5,-8.6,
1.5,-27.9,-18.7,1.50142,-19.2,7,1.50142,-22.2,-12.7,
1.5,-10.5,-20.5,5.5,-10.5,-9.7,-3.2,-15.8,-31,
1.5,-15.6,-20.1,-16.1,-17.1,-32.6,-15.6,-30.3,-25.7,
1.5,-15.4,-15.9,-8.9,-4.6,-32.1,-24.3,-9,-30.1,
1.5,-6.1,-8.19678e-15,-13.1,-24.3,-15,-29,-15.1,-17,
1.5,-10.3,-13.8,-4.5,-43.3,-30.8,-31.5,-11.5,-29.4,
1.5,-34.4,-20.4,-18.6,1.50142,-9.3,-27.4,-15.4,-12.1,
1.5,3.3,-11.1,-2.7,-4.4,-9.9,-21.6,-12,-19.3,
1.5,-6.4,-0.1,-8.4,-16.6,-29.9,-16.5,-31.4,-37.9,
1.5,-18,-18,-31,-14.9,-32.4,-8.4,-34.4,-43.4,
1.5,-21.1,-26.1,-21.1,-4.1,-23.9,-14.9,-19.9,-22.9,
1.5,8.9,1.50142,1.50142,-9.3,-12.7,-17.2,-7,-17.2,
1.5,1,2.3,-1.2,-17.8,-13.2,-17.8,-21.6,-26.7,
1.5,-18.8,-6.8,-11.2,-35.3,-38.6,-43.9,-7.5,-15.5,
1.5,-23.9,-36.4,-33.4,-9.4,-29.9,-15,-19.4,-23.9,
1.5,-5.9,8.3,-35,-14.5,-35.7,-39.7,-8.8,-35.3,
1.5,-32.4,-12.8,1.50142,-35.4,-27.4,-32.4,-31.9,-32.4,
1.5,-11,-9.4,-17.4,-8.6,-46.1,-46.1,-21.4,-46.4,
1.5,13.1,-15.9,-19.4,-20.9,-32.9,-8.9,-17.6,-21.6,
1.5,-6.9,-14.3,-3.9,-7,-5.2,-9.1,-8.5,-8.9,
1.5,4.7,-6.3,3.7,-8.2,-9.9,-7.5,-14.9,-14.9,
1.5,1.7,-2.3,-3.8,-22.5,-28,-27.5,-8.5,-29.3,
1.5,-10.3,-28.5,-27.4,-26.9,-23.8,-28.3,-34.4,-34.9,
1.5,-29.4,-27.4,-24.7,-29.4,-25.4,-25.4,-8.5,-3.3,
1.5,-4.8,1.50142,1.50142,1.50142,-6.5,-1.1,-14.9,-26.4,
1.5,-10.4,-0.4,2.1,-13.4,-30.4,-40.9,-9.5,-40.9,
1.5,-24.1,-15.9,-29.1,-31.9,-34.4,-31.9,-32.9,-34.4,
1.5,-9.8,-11.1,-10.4,-8.6,-13.9,-20.4,-7,13.1,
1.5,-12.4,-10.5,-15.9,-21.9,-9,-0.5,-25.2,-17.9,
1.5,-32.4,-38.4,-25,-16.6,-8.9,-33.9,-35.3,-41.9,
1.5,-2.9,4,-22.4,1.50142,-17.9,-32.4,-33.9,-32.4,
1.5,-5.4,10.5,-23.4,-10.6,-34.9,-25.4,-12,-34.4,
1.5,-22.4,-22.4,-24.9,-17.9,-11,-32.9,-26.9,-24.9,
1.5,-32.9,-7.4,15.6,-17.4,-34.9,-33.4,-12.5,-14,
1.5,1.50142,-15.9,-32.4,-27.9,-17.4,-12.5,-21,-21,
1.5,-20.1,-35.9,-24.9,15,-32.4,-29,-22.9,-41.4,
1.5,-15.9,15.5,1.50142,-16.3,-20.9,-20.9,-15.7,-23.4,
1.5,5.7,1.50142,-12.8,-13.8,5.8,-9.9,-14.7,-20.4,
1.5,-6.8,-7.8,8.5,-7.3,-12.8,-14.4,-13.4,-17.9,
1.5,-2.5,-10.9,-11.9,-17.8,-27.9,-21.9,-8,-16.9,
1.5,-21.4,-14.4,-12.4,-21.4,-7.9,-16.4,-11.4,6.7,
1.5,-13.9,-12.5,-3.4,-18.4,-4.7,-0.5,-7.5,-8.2,
1.5,-3,-18.5,-4.3,-15.6,-24.3,-23.3,-21.5,-34,
1.5,-15.4,-17.1,-19.3,-18.9,-35.4,-21.9,-38.4,-21.4,
1.5,-31,-30.9,-19.9,-7.9,-19.9,-36.5,-8.5,-46.4,
1.5,3.3,1.50142,-18.2,-33.4,-12.4,-33.4,-16.6,-32.9,
1.5,-14.4,-5.9,-8.4,-34.4,-31.6,-34.4,-24.1,-31.6,
1.5,-36.4,-16.9,-16.4,-47.4,-22.7,-42.6,-19.9,-37.2,
1.5,9.1,-15.4,-12.2,1.50142,-9.7,-25.4,-15.8,-24.9,
1.5,5.6,0.8,-0.4,-8.4,-26.4,-17.4,-12,-30.9,
1.5,1.1,-6.4,-24.9,-15.9,-14,-29.1,-28.4,-17.4,
1.5,-13.4,-27.4,-13.5,-28.8,-27.9,-16.4,-13.4,-29.4,
1.5,-23.9,-19.4,-37.9,-25.9,-22.9,-38.9,-8.5,-37.9,
1.5,-9.4,-35.9,-14.2,1.50142,-12.4,-25.4,-11.4,-19.9,
1.5,-11.7,18.5,7.6,-8.2,-25.2,-17.2,-21.7,-6.7,
1.5,-0.9,13.5,-11.4,-11.1,-23.9,-17.4,-34.4,-20.4,
1.5,-20.8,-13.8,-40.2,-6.4,-13.4,-30.4,-21.8,-43.4,
1.5,-22.4,-24.4,2.1,-15.1,-21.8,-12.9,-31.1,1.5,
1.5,1.5,7.5,-14.1,-10.4,-8.6,-20.1,-29.1,-16.6,
1.5,-7.3,4.6,-3.3,-15.7,-14.8,-12,-17.3,-24.8,
1.5,-5,-17.2,-16.8,-14,-18.8,-26.8,-8.5,-15.3,
1.5,-15.4,-16.5,-17.8,-25.9,-12.3,-14.9,-15.8,-25.4,
1.5,-11.8,-19.4,-6.3,-16.5,-18.3,-18.9,-8.5,-11.3,
1.5,-5.5,-15.5,-17.3,-31.4,-20.5,-23.8,-14.9,-27.4,
1.5,-27.3,-26.1,-30,2.8,-32.6,-37.9,-40.6,-17.2,
1.5,-41.5,-13,-48.4,-12.4,-26.9,-32.1,-11.5,-47.9,
1.5,-29.9,-18.4,3.1,-29.1,-17.3,-39.9,-24.4,-24.2,
1.5,-12.4,-18.3,-3.9,-33.4,-33.4,-10.7,-16.9,-21.4,
1.5,-26.9,-24.4,-30.9,-19.7,-26.4,-12,-20,-39,
1.5,-11.1,-17.7,-15.4,1.50142,-11.7,-20.9,-6.5,-6.8,
1.5,-16.9,-4.4,3.7,1.1,-18.9,-8.3,-26.9,-24.8,
1.5,-7.3,4.7,-6.9,-11.3,-8.9,-28.8,-42.4,-33.7,
1.5,-9.8,-15.9,-12.9,-22.9,-17.4,-17.4,-29.9,-0.4,
1.5,-13.4,-23.7,-19,-18.4,-30.5,-21.5,-9,-24,
1.5,-19,-17.3,-31.1,-21,-17.1,-23.2,-38.4,-30.1,
1.5,-31.6,-24.1,-17.1,-23.2,-24.9,-29.5,-9.5,-20.7,
1.5,-28.6,1.50142,-24.9,-43,-23.7,-34.8,-33,-38.4,
1.5,-6.9,-24.9,-24.2,1.50142,-32.4,-32.4,-9.5,-25.4,
1.5,-3.2,-1,-30.6,-9.1,-23.7,-39.4,-42.4,-42.6,
1.5,-13.1,-4.1,-23.7,-26.9,-14.4,-4.4,-13.6,-19.4,
1.5,-10.2,-25.9,-25.8,9.1,-27.5,-10.9,-9,-16.6,
1.5,-2.8,-24.8,-24.9,13.1,-5,-15.4,-11.6,-3.8,
1.5,-22.4,2.5,0.8,-12.9,-17.9,-12.4,-22.4,-23.4,
1.5,2.7,-1.4,5.7,-31.4,-27,-12.9,-7.5,-43.3,
1.5,-33.6,-31.1,-26.4,9.1,-18.4,-33.9,-30.9,4.5,
1.5,-28.4,-0.5,-20.3,-11.4,-15.6,-0.5,-15.6,-22.1,
1.5,-35.3,-23.8,-30.6,5.9,-28.1,-35.2,-11.5,-55.1,
1.5,1.50142,-11.9,-25.4,-31.9,-8.3,-48.4,-61.9,2.4,
1.5,-13.4,-30.6,-2.3,-32.9,-48.9,7.5,-32.9,-59.4,
1.5,-16.9,-34.9,-24.9,1.50142,-35.4,-57.9,-58.4,-36.4,
1.5,-18.4,1.50142,-22.9,-42.9,1.50142,-19.9,1.50142,1.50142,
1.5,-10.2,-3.4,-1.7,-13.2,-7.4,-4.7,-26.9,-43.9,
1.5,-10.8,-15.7,-25.4,-11.8,-28.4,-16.4,-41.4,-22.5,
1.5,-17.4,-10.3,-24.9,-7.9,-43.4,-27.9,-8.5,-34.2,
1.5,-23.4,-17.4,-31.9,-26.4,-19.9,-32.4,-13.7,-27.4,
1.5,-31.6,-0.6,-20.2,-31.6,-17.9,-26.9,-7.5,-15.1,
1.5,-30.7,-18.1,-28.4,-36.9,-17.5,-25,-22.4,-33.4,
1.5,-5.9,-18.9,-18.5,1.50142,-34.9,-19.9,-32.1,-2.1,
1.5,-0.1,14,-47.4,6.3,-42.1,-15.8,-7.6,-44.6,
1.5,-32.9,-3.4,-11.9,-4.3,-14.9,-33.9,-18.4,-30.9,
1.5,-12.9,-12.4,-15.9,-23.9,-15.9,-36.1,-24.4,-21.4,
1.5,-29.9,-37.2,-11.9,-25.9,-38.8,-35.5,-17.9,-47.9,
1.5,-7.4,-20.9,-26.4,1.50142,-16.9,-26.4,-29.4,-7.4,
1.5,-19.4,9,-11.4,-3.4,-22.4,-1.9,-24.5,-13.4,
1.5,5.2,9,-24,2.7,-10.3,-15.3,-35.3,-26.3,
1.5,-14.2,-18.2,-16.3,-2.9,-15.4,-32.8,-39.9,-25.4,
1.5,-16.4,-8.9,-23.9,-33.9,-34.4,-25.4,-9,-19.4,
1.5,-26.2,-33.4,-8.9,-24.4,-8.5,-18.7,-21.4,-32.9,
1.5,-10,-25.8,3.7,-11.2,-17.9,-9.4,-9.5,-14,
1.5,-12,-25.3,-24.4,1.50142,-23.7,-26.9,-25.7,-40.7,
1.5,-26.3,1.50142,-24.2,-16.9,-35.4,-18.9,-28.4,-32.3,
1.5,-37.7,-7.1,-22.4,-11.9,-40.4,-43.1,-9.5,-26,
1.5,-18.5,-11.9,-33.9,-33.9,-9.7,-26.4,-26.8,-22.3,
1.5,-17.4,-29.4,-10.7,-27.4,-34.9,-23.2,-17.9,-26.9,
1.5,-9.7,-9.4,-48.9,-35.7,-32.9,-39.4,-14,-34,
1.5,-30.9,-15.4,-23.4,1.50142,-13.9,-30.9,-25.4,-26.9,
1.5,-4.9,-5.4,-17.9,1.50142,-16.9,-14.4,-10,-14.7,
1.5,-9.9,-1.6,-10.9,1.50142,-4.6,-22.8,-30.1,-39.6,
1.5,-8.5,-9.5,-0.1,-17.7,-16,-19.9,-8,-21,
1.5,-12.7,-3.2,-18,1.50142,-14,-23,-19.8,-31,
1.5,-12,19.5,-6.5,-13.6,-22.1,-41.1,-18.5,-3.7,
1.5,-23.5,1.50142,-39.2,-4.9,-35.5,-20.2,-14.2,-29.7,
1.5,-4.4,1.50142,-13.9,-14.7,7.8,-26,-14.5,-11.9,
1.5,-0.1,1.50142,-11.6,-22.9,-8.3,-6.9,-20.6,-27.1,
1.5,-3.8,1.50142,4.7,-0.8,-10.6,-20.4,-11,-34.4,
1.5,-8.9,1.50142,-10.2,-19.9,-17.9,-33.4,-11,-29.4,
1.5,-11.7,1.50142,-10.9,-25.9,-21.9,-23.4,-5.8,-5.5,
1.5,-6.9,1.50142,-37.4,-38.9,-19.2,-21.5,-15.5,-22,
1.5,-54.4,1.50142,-8.5,8.5,-36,-20.4,-42.4,-19,
1.5,8,1.50142,-14.4,-13.4,-34.4,-22.9,-16.5,-27.3,
1.5,-15.4,1.50142,-49.9,-44.4,-25,-34.9,-63.4,-73.9,
1.5,-39.4,1.50142,-1.4,-2.4,1.50142,1.50142,1.50142,1.50142,
1.5,6.2,1.50142,-4.5,19,12.5,11.5,-32.4,-21.4,
1.5,-22.4,1.50142,-32.9,-30.4,-22.6,-37.9,-32.4,-26,
1.5,-34.4,1.50142,-22.2,-29.4,-39.1,-28.4,-14.5,-29.1,
1.5,-14.7,1.50142,-32.4,-19.9,-13.3,-27.8,-21,-31.3,
1.5,-10.9,1.50142,-12.8,1.50142,-31.9,-29.1,-24.4,-14.9,
1.5,-0.8,1.50142,-39.6,-10.8,-24.3,-22.8,-14.5,-33.3,
1.5,-23.4,1.50142,1.50142,-15.7,-20.9,-32.9,-14.5,-10.9,
1.5,5,1.50142,-17.3,-32.9,-3.4,-9.4,-14.5,-12.3,
1.5,-9.3,1.50142,-6.8,-8.2,-22.4,-19.8,-22.4,-30.9,
1.5,-15.3,1.50142,-9.5,-10.2,-31,-21.6,-39.6,-10.5,
1.5,-14.6,1.50142,-28.4,-11.6,-23.9,-13.4,-14.5,-36.9,
1.5,-6.4,1.50142,-7.2,-11.9,-14.9,-32.4,-14.5,-32.4,
1.5,-8.6,1.50142,-2.1,-29.6,-29.6,-19.6,-14,-6.6,
1.5,-14,1.50142,-25.5,-26.7,-12.5,-17,-11.5,-20.5,
1.5,-18.1,1.50142,-29,10,-12.5,-19.5,-11,-15,
1.5,-7.8,1.50142,-3,-18.7,-18.4,-22.5,-13.5,-21.5,
1.5,-3,1.50142,14,-28.5,-22,-19.5,-20,-28.2,
1.5,-5.9,1.50142,-13.4,-29.7,-26.9,-27.4,-13.5,-23.4,
1.5,-11.4,1.50142,-24.4,1.50142,-11.5,-30.4,-11.5,-20.5,
1.5,-3.3,1.50142,10.2,-13.1,3.2,8,-14,-3.85731e-15,
1.5,-5.5,1.50142,-5.5,7.2,-14,-0.5,-13.5,-20.5,
1.5,-6.5,1.50142,-12.5,-6,-37.5,-44,-14,-22,
1.5,-11.4,1.50142,-31.4,-27.9,-23,-20.9,-28.4,-28.4,
1.5,-26.1,1.50142,-21.2,-27.5,-23.9,-12.4,-13.5,-30.2,
1.5,-5.1,1.50142,-31.7,9.6,-13.5,-9,-14,-19.3,
1.5,-15.1,1.50142,9.5,-6,-24.7,-12.2,-24.2,-19.7,
1.5,1.8,1.50142,1.50142,-13.2,-12.2,-14.2,-11.5,-13.7,
1.5,9,1.50142,5.3,-22.2,1.7,-1.3,-14.5,-23,
1.5,3,1.50142,2.5,-1.3,-13.3,-20.7,-22.2,-21.7,
1.5,-5.7,1.50142,-11.8,-30.6,-37.7,-20.2,-13.5,-18.2,
1.5,-26.9,1.50142,-31.4,2.8,-20,-24.7,-22.9,-28.4,
1.5,-8.6,1.50142,-19.2,-13.3,-29.6,-27.4,-11,-0.5,
1.5,-25.5,1.50142,-36.5,-22.4,-4.9,-7.1,-25.4,-32.9,
1.5,-15.9,1.50142,11.8,-6.7,-12.4,-20.4,-17.4,-22.5,
1.5,5,1.50142,6.1,10.6,-25.4,-10.5,-11.5,-39.6,
1.5,1.5,1.50142,-24.9,-10.4,11.2,-33.9,-15.4,-4.5,
1.5,-16.9,1.50142,-12.5,-47.9,-4.9,-18.4,-28.4,-38.9,
1.5,-6,1.50142,4.5,-1,1.50142,-4.4,-14.5,-18.5,
1.5,3,1.50142,7.5,-2.9,1.50142,-7,-15.4,-11.9,
1.5,-6.5,1.50142,5.5,-15,1.50142,-9.4,-14,-14.1,
1.5,2.5,1.50142,-9,0.8,1.50142,-13.6,-14,-20.1,
1.5,-17,1.50142,1.3,-12.5,1.50142,-29.7,-14,-15.5,
1.5,-7.5,1.50142,-9,-20,1.50142,-14.5,-22.5,-38.5,
1.5,-12.4,1.50142,-2.4,6.2,1.50142,-40.4,-13.5,-5,
1.5,5.2,1.50142,-17.4,-30.4,1.50142,-1.2,-11,-6.5,
1.5,-8.4,1.50142,-6,-8.8,1.50142,-14,-10.9,-19.9,
1.5,0.4,1.50142,1.50142,-4.7,1.50142,-18.7,-20.7,-18.7,
1.5,0.8,1.50142,-3.2,-1.2,1.50142,-32.7,-13,-22.4,
1.5,-1.6,1.50142,-3,-32.4,1.50142,-8,-19.4,-16.4,
1.5,-12.1,1.50142,-7.5,-17,1.50142,-9.4,-13.5,-8.3,
1.5,3.5,1.50142,1.5,12.3,1.50142,-10.3,-13,-4.5,
1.5,3,1.50142,2,7.2,1.50142,-3.9,-13.5,-19.6,
1.5,-7,1.50142,-19,2.2,1.50142,-40.2,-13.5,-19,
1.5,-16.5,1.50142,8.5,-31.9,1.50142,-17.5,-27.9,-17.5,
1.5,-6,1.50142,-6,-25,1.50142,-5.5,-13.5,-14.5,
1.5,-3.6,1.50142,1.4,10.5,1.50142,-8.8,-14,-11,
1.5,-5.5,1.50142,-6,7.6,1.50142,-9.9,-13.5,-13.6,
1.5,-3.6,1.50142,-10,-3.3,1.50142,-24.5,-13.5,-22.5,
1.5,-18.1,1.50142,-6,-21.8,1.50142,-19.5,-17.8,-17.8,
1.5,2.8,1.50142,1.50142,-27.2,1.50142,-25.3,-13,-11,
1.5,8,1.50142,9,1.50142,1.50142,-8.4,-15,-22.5,
1.5,-0.5,1.50142,-4,-1,1.50142,-33.5,-10,-31,
1.5,-11.3,1.50142,-18.4,-32.9,1.50142,-30.1,-27.9,-25.1,
1.5,-32.8,1.50142,-11.5,-44,1.50142,-37.4,-13,-12.6,
1.5,-8.3,1.50142,9.2,-25.9,1.50142,-11.2,-13.5,-5.8,
1.5,-11.9,1.50142,4,1.50142,1.50142,-22.9,-31.4,-42.4,
1.5,-6,1.50142,-6,-6.9,1.50142,-13.9,-24.4,-24.4,
1.5,2.4,1.50142,1.6,-7.9,1.50142,-4.8,-13.5,-4.5,
1.5,2.5,1.50142,4,-2.7,1.50142,-1.9,-13,-4.5,
1.5,-18.5,1.50142,-6,-9.4,1.50142,-11.9,-11,-19,
1.5,-5.6,1.50142,1.5,-3.5,1.50142,-18.5,-18.5,-18.5,
1.5,-10,1.50142,7.5,-2,1.50142,-32.5,-11.5,-32.5,
1.5,2.5,1.50142,-12.9,-32.9,1.50142,-18.4,-18.9,-17.4,
1.5,-26.9,1.50142,1.2,-32.3,1.50142,-9.9,-13.5,-21.1,
1.5,8.1,1.50142,8.5,1.50142,1.50142,-5.6,-13,-23.6,
1.5,-3.4,1.50142,5.9,-4.9,1.50142,-20.6,-23.9,-33.9,
1.5,-11.4,1.50142,-9.4,-14.6,1.50142,-31.4,-12,-42.4,
1.5,-9.2,1.50142,-8.6,-29.1,1.50142,-31.9,-17.6,-30.6,
1.5,-19,1.50142,-9,-41.6,1.50142,-44.1,-10,-24.3,
1.5,1,1.50142,1.5,1.50142,1.50142,-24.3,-11,-12.7,
1.5,2.5,1.50142,-13.5,-6.8,1.50142,-27.2,-18,-33.5,
1.5,-27,1.50142,-9.9,-21.4,1.50142,-9.9,-13,-9.9,
1.5,-2.8,1.50142,-1,-8.8,1.50142,-8.3,-13.5,-4.5,
1.5,-3.9,1.50142,-7,-17.3,1.50142,-14.9,-23.9,-34.9,
1.5,-14.5,1.50142,-19,2.2,1.50142,-22.4,-27.9,-28.9,
1.5,-18.5,1.50142,-6.5,-6,1.50142,-17.8,-13.5,-27.3,
1.5,9.5,1.50142,-2.8,2.2,1.50142,-24.4,-12.3,-6.4,
1.5,5,1.50142,-1.3,-23.8,1.50142,-14,-17.5,-26,
1.5,4.2,1.50142,-7.5,-8,1.50142,-19.9,-14,-23,
1.5,-12,1.50142,0.5,-18.2,1.50142,-19.2,-13,-27.2,
1.5,2.8,1.50142,2.5,-27.5,1.50142,-23.9,-12.5,-9.4,
1.5,-6.5,1.50142,-6.5,4.3,1.50142,-17.7,-10.5,-20,
1.5,-5.5,1.50142,-7.5,-17.2,1.50142,-19.7,-9.5,-8,
1.5,-20,1.50142,-11,-34.7,1.50142,-23,-12.5,-19,
1.5,4.1,1.50142,-15,1.8,1.50142,1.50142,-12.5,-21.5,
1.5,-13,1.50142,-8.5,-0.7,1.50142,-13,-17.7,-30.2,
1.5,-18.5,1.50142,-12,-23,1.50142,-33,-11,-31.5,
1.5,-6.9,1.50142,-15.4,-26.4,1.50142,-20.6,-13.5,-37.4,
1.5,0.6,1.50142,-12.5,12.4,1.50142,-8.5,-16.5,-32.5,
1.5,-4,1.50142,-6,-3.5,1.50142,-28.9,-21.9,-15.9,
1.5,-3.3,1.50142,-12.3,-23.8,1.50142,-20.4,-11,-33.8,
1.5,-11.8,1.50142,0.2,-19.4,1.50142,-4.4,-13.5,-4,
1.5,-13.7,1.50142,-12.5,-18.4,1.50142,-0.3,-11,-17.5,
1.5,-10.5,1.50142,3.5,1.50142,1.50142,-25,-12.5,-19.3,
1.5,-12,1.50142,-12,-4.4,1.50142,-17,-25.3,-20,
1.5,1.3,1.50142,0.5,-11.5,1.50142,-22.2,-9.5,-29.7,
1.5,0.2,1.50142,0.8,-22.7,1.50142,-30,-14.5,-16,
1.5,-15.3,1.50142,-14.5,-45.5,1.50142,-32.5,-12.5,-15,
1.5,-11.8,1.50142,-5.3,-1.9,1.50142,11.5,-13,-4.5,
1.5,-15.5,1.50142,-8.5,2.5,1.50142,-5.4,-14.4,-25.4,
1.5,-2.9,1.50142,2.5,-14.5,1.50142,-23.9,-28.9,-34.4,
1.5,-10.9,1.50142,-8.7,-18.2,1.50142,-30.4,-14,4,
1.5,-7.6,1.50142,-8.6,-29.1,1.50142,-6.5,-27.1,-12.1,
1.5,-5.5,1.50142,8,1.92865e-15,1.50142,-5.6,-14.5,-6.5,
1.5,-7.5,1.50142,-7.5,-14.5,1.50142,-16.5,-14.5,-16.6,
1.5,-25.5,1.50142,3.85731e-15,-8.5,1.50142,-13.5,-14.5,-16.5,
1.5,16.5,1.50142,-3,-11,1.50142,-3.5,-14,-3.5,
1.5,1.50142,1.50142,0.9,-5.1,1.50142,-14.6,-22.6,-33.6,
1.5,1.50142,1.50142,-6.5,-11.8,1.50142,-24.4,-10.5,-17.9,
1.5,1.50142,1.50142,-6.5,-21.8,1.50142,-14.3,-10.5,-32.3,
1.5,1.50142,1.50142,-6.5,-11.8,1.50142,-21.6,-13,-18.6,
1.5,0.9,1.50142,-6,-10.6,1.50142,-17.1,-13,-29.1,
1.5,-6.8,1.50142,-6,-24.6,1.50142,-9.8,-11.5,-16.8,
1.5,-5.6,1.50142,-7,3.2,1.50142,-16.4,-11,-25.4,
1.5,-5.9,1.50142,-1.4,-15.9,1.50142,-16.4,-14,-15.3,
1.5,-15.3,1.50142,-12.5,-11.4,1.50142,-13.4,-19.7,-29.4,
1.5,1.50142,1.50142,1.50142,1.50142,1.50142,1.50142,1.50142,1.50142,
1.5,7.1,1.50142,8.5,-12.5,1.50142,-5.4,-30.9,-29.4,
1.5,-11.9,1.50142,-14.4,-18.4,1.50142,-32.9,-14,-38.4,
1.5,-12.3,1.50142,-11.9,-14.4,1.50142,-31.9,-31.9,-34.4,
1.5,-11.4,1.50142,-7.4,-12.1,1.50142,-14.4,-14,-25.4,
1.5,-16.4,1.50142,-8,14.2,1.50142,-34.4,-14,-21.8,
1.5,9.5,1.50142,-5.4,-31.9,1.50142,-19.8,-15.4,-4.5,
1.5,2.8,1.50142,2.5,-14.7,1.50142,-9.7,-14,-25.4,
1.5,3,1.50142,-7.5,-18.7,1.50142,-23.9,-18.5,-34.4,
1.5,-11.9,1.50142,13,-2.2,1.50142,-10.4,-13.5,-14.4,
1.5,-7.5,1.50142,-7.5,-19.4,1.50142,-10.3,-10,-23.3,
1.5,-0.4,1.50142,10,9.2,1.50142,-14.4,-10.9,-14.4,
1.5,3,1.50142,-6.5,-12.8,1.50142,-12.8,-15,-21.8,
1.5,-2.3,1.50142,2.7,-7.3,1.50142,-10.3,-13,-15.4,
1.5,-12,1.50142,3,-24.3,1.50142,-13.9,-12.5,-29.4,
1.5,-7.4,1.50142,8.5,-3.9,1.50142,-22.4,-11,-17.4,
1.5,-7.5,1.50142,-7.5,-22,1.50142,-26.4,-21,-31,
1.5,-11.6,1.50142,-5.4,-18.9,1.50142,-18.6,-14,-16.9,
1.5,-19.5,1.50142,8,-32.6,1.50142,-15.9,-21.5,-30.9,
1.5,-9.6,1.50142,-5.1,11.6,1.50142,-35.6,-13.5,-11.3,
1.5,-3.5,1.50142,4,-31.9,1.50142,-20.8,-17.7,-29.2,
1.5,-6.8,1.50142,-5.3,-15.3,1.50142,-14.3,-11.5,-11.5,
1.5,-13.5,1.50142,-6.5,-13.3,1.50142,-19.3,-11.5,-22.3,
1.5,-3.2,1.50142,-2.7,-12,1.50142,-33.2,-13,-10.3,
1.5,-1.2,1.50142,-12.5,-31.4,1.50142,-24.3,-27.5,-47.4,
1.5,-11.9,1.50142,0.5,-14.8,1.50142,-15.9,-10,-17.1,
1.5,-8.2,1.50142,-7,-23.9,1.50142,-16.1,-10,-25.6,
1.5,-10.5,1.50142,-2,-18.5,1.50142,-27.6,-12.5,-6.9,
1.5,-15.9,1.50142,-12.5,-23.9,1.50142,-19.8,-21.8,-41.9,
1.5,-9.5,1.50142,-14.4,-17.2,1.50142,-23.9,-4.5,-17.4,
1.5,-22.3,1.50142,-6,-30.2,1.50142,-23.4,-22.4,-30.7,
1.5,12.4,1.50142,-17.6,-27.9,1.50142,-31.6,-13.5,-23.6,
1.5,-14.2,1.50142,2.5,1.50142,1.50142,-18.6,-18.7,14,
1.5,8.5,1.50142,3.5,-4.6,1.50142,-0.5,-9.5,3,
1.5,-1.5,1.50142,-1.5,7.4,1.50142,-13.5,-14.2,-17.2,
1.5,-2.3,1.50142,-13.1,-7.6,1.50142,-15.1,-13,-20.5,
1.5,-21.1,1.50142,-2.6,-13,1.50142,-14,-19,-29,
1.5,8.8,1.50142,-1.8,-14.5,1.50142,-12.8,-6,-30.3,
1.5,-4.3,1.50142,-9.5,-14.8,1.50142,-30,-23.1,-31.5,
1.5,-14.1,1.50142,-11.1,-19,1.50142,-12.1,-8,-21.1,
1.5,-1.8,1.50142,-15,-29.1,1.50142,-21.6,-21.3,-38.1,
1.5,-16.9,1.50142,-14.4,8.4,1.50142,-8.9,-8.5,18.5,
1.5,-2.8,1.50142,-2.8,-8,1.50142,-16.5,-11.5,-19.8,
1.5,-1.7,1.50142,2.3,-8.5,1.50142,-18.7,-15.9,-2,
1.5,10,1.50142,8.5,-13.2,1.50142,-17.9,-18.2,-34.7,
1.5,7.1,1.50142,7,0.6,1.50142,-5.9,-9,-21,
