0.000455823,0.000199526,0.000354813,0.000150356,3.98107e-05,3.54813e-05,0.001413,0.000891251,0.000562341,
0.000766225,0.00020846,0.000637992,0.00165749,7.52921e-05,0.000209261,0.00157149,0.000891251,0.000878569,
0.00139931,0.000212629,0.000778312,0.00324614,0.000252699,0.000525489,0.00173745,0.00230425,0.00213749,
0.00163088,0.000421558,0.000806376,0.00358499,0.000501068,0.000733924,0.00232629,0.00231296,0.00235989,
0.00169743,0.000553384,0.000958092,0.00358582,0.000502433,0.000889911,0.00234535,0.00233211,0.00241237,
0.00181288,0.000615337,0.00139275,0.00361037,0.000786284,0.000944866,0.00234717,0.00236301,0.00244327,
0.00202707,0.000715574,0.00142823,0.00412445,0.000804567,0.00134297,0.00254669,0.00264485,0.00260923,
0.00222062,0.00107865,0.0017134,0.0041302,0.00105755,0.00160001,0.00256711,0.00282682,0.0027912,
0.00266415,0.00117937,0.00174897,0.00463139,0.00246674,0.00167712,0.00274908,0.003328,0.00353251,
0.00345959,0.00230138,0.0025618,0.00540251,0.00274542,0.00236896,0.00377237,0.00384087,0.00468339,
0.00370833,0.00269949,0.00267427,0.0056537,0.00281638,0.00245808,0.00477237,0.00388077,0.00471157,
0.00419094,0.0027613,0.00380162,0.00567365,0.00310023,0.00247781,0.00484317,0.0049279,0.00594184,
0.00466769,0.00360681,0.00380956,0.00568089,0.00327764,0.00389081,0.00513157,0.00586115,0.0060831,
0.00492325,0.00374907,0.00406135,0.00569872,0.00363245,0.00417265,0.00516705,0.0064235,0.0064812,
0.00516813,0.00428383,0.00421984,0.00574549,0.0039163,0.00457075,0.00524667,0.00673972,0.00662246,
0.00610423,0.00459871,0.00670353,0.00715849,0.00420015,0.00583267,0.00587763,0.0068402,0.00762246,
0.00696562,0.00601171,0.00686949,0.00761558,0.004484,0.00883979,0.00632644,0.00724758,0.0083304,
0.00734646,0.00638325,0.00733197,0.0077559,0.00480249,0.0093646,0.00688506,0.00751061,0.00873778,
0.00810807,0.00708651,0.00763269,0.00790556,0.00508634,0.0107776,0.0078827,0.00892361,0.00956955,
0.00843256,0.00722944,0.00768741,0.00803801,0.00537019,0.0121901,0.00801452,0.00929514,0.00963562,
0.00865749,0.00746123,0.00784522,0.00827188,0.00562317,0.0126579,0.0080977,0.00960417,0.00969871,
0.00906357,0.00775635,0.00800447,0.00888585,0.00587154,0.0140704,0.00857317,0.00962987,0.00971691,
0.0094464,0.00834519,0.0082134,0.0102825,0.00615539,0.0141992,0.00871062,0.00981608,0.00984874,
0.0101313,0.00923644,0.00827162,0.0103293,0.00640837,0.0150121,0.00945545,0.011075,0.0112617,
0.0107058,0.00925962,0.00847067,0.0106826,0.00666136,0.016271,0.00977243,0.0123339,0.012195,
0.0114566,0.010145,0.00866973,0.0118798,0.00690972,0.017684,0.0104064,0.0137469,0.0122116,
0.012106,0.011558,0.00929652,0.0130769,0.00713108,0.019097,0.0105236,0.0137535,0.0124111,
0.0126362,0.012558,0.0093204,0.0131167,0.00735244,0.0191118,0.0109474,0.0150125,0.01367,
0.0130824,0.0133561,0.00934429,0.0131186,0.00760543,0.0191619,0.0118365,0.0164255,0.0138113,
0.0138921,0.0133971,0.00954334,0.0131388,0.0102792,0.0205749,0.0125478,0.0178385,0.0138173,
0.0143901,0.0134189,0.00971357,0.0148971,0.0105322,0.0207654,0.0126289,0.0192515,0.0139133,
0.0157174,0.0148319,0.0145906,0.0157483,0.010816,0.0221784,0.0126574,0.0195911,0.0153258,
0.0158173,0.0150457,0.0146757,0.0157536,0.0108756,0.022369,0.0126814,0.0195977,0.0155396,
0.0160091,0.0150863,0.014816,0.0159555,0.0111594,0.0224061,0.0128324,0.0198607,0.0159565,
0.0172995,0.0155979,0.0169102,0.0167409,0.0114124,0.0233611,0.0157301,0.0212737,0.0173695,
0.017729,0.016506,0.0169994,0.0168758,0.0116338,0.0247741,0.0162672,0.0212889,0.017487,
0.0181872,0.0173004,0.017047,0.0170749,0.0118822,0.024808,0.0166719,0.0218137,0.0189,
0.0190587,0.0176011,0.0176738,0.0184715,0.012166,0.026221,0.0177912,0.0231319,0.0194128,
0.0201299,0.0186011,0.0179239,0.0185415,0.0155321,0.027634,0.0187223,0.0245449,0.0195396,
0.020429,0.0186095,0.0182058,0.0186137,0.015785,0.0281964,0.018822,0.0247688,0.0204309,
0.0229232,0.0230658,0.0196188,0.0270889,0.0160334,0.0296094,0.020235,0.0261818,0.0215529,
0.0234418,0.0230921,0.0202471,0.0276475,0.0162548,0.0301982,0.0216476,0.0261845,0.0222625,
0.0239334,0.0239049,0.0202492,0.0276873,0.0164761,0.0302035,0.0219646,0.0273065,0.0236755,
0.0247532,0.0241282,0.0213162,0.0277064,0.0166975,0.0316165,0.0227627,0.0287195,0.0250787,
0.0253029,0.0242118,0.021841,0.0277068,0.0167014,0.0330295,0.0240809,0.0297666,0.0250852,
0.0255239,0.0242245,0.0218565,0.0277073,0.0169543,0.0330604,0.0240924,0.0297975,0.0264982,
0.0263745,0.024231,0.0219446,0.0278361,0.021547,0.0333422,0.0255016,0.0298383,0.0267553,
0.02744,0.0249424,0.0247706,0.0296102,0.0217999,0.0347552,0.0263928,0.0300674,0.0271818,
0.028174,0.0255763,0.0261107,0.0298097,0.0232129,0.0361682,0.0271514,0.030069,0.0272938,
0.0288527,0.0269893,0.0274507,0.0298379,0.0234384,0.0361683,0.0271609,0.031069,0.0287068,
0.0293855,0.0270842,0.027458,0.0298387,0.0234611,0.0371683,0.0285739,0.0317934,0.0297068,
0.0295281,0.0272592,0.0274854,0.0298464,0.0239182,0.0373128,0.0285921,0.0319222,0.0298887,
0.0299876,0.0273298,0.0278928,0.0312209,0.0241711,0.0381257,0.0289486,0.0319785,0.0302332,
0.0307473,0.0287428,0.0281469,0.0326339,0.02562,0.0385724,0.0297997,0.0321563,0.0303062,
0.0313632,0.0301558,0.0288748,0.0326454,0.0258455,0.0396195,0.0298099,0.0322357,0.0317192,
0.0322117,0.0301612,0.0288835,0.0347884,0.0258745,0.0399826,0.0312229,0.0336487,0.0331322,
0.0329015,0.0302787,0.0325571,0.0347931,0.0261275,0.0401305,0.0312646,0.0337806,0.0342803,
0.0337669,0.030343,0.0339701,0.0348533,0.0289535,0.0415435,0.0324052,0.0337831,0.0342832,
0.0342009,0.0306166,0.0340277,0.034857,0.0292374,0.0415467,0.0324296,0.0351961,0.0356962,
0.034635,0.0306628,0.0342506,0.0348634,0.0292401,0.0418856,0.0324591,0.0366091,0.0371092,
0.034799,0.0307923,0.0342565,0.0349165,0.0295239,0.0421146,0.0324809,0.036791,0.0375166,
0.0353888,0.0308898,0.0344224,0.0358938,0.0295936,0.0429275,0.0338939,0.0367976,0.0386915,
0.0366436,0.03212,0.0347543,0.0387198,0.029842,0.0429509,0.0353069,0.0407524,0.0387027,
0.0377084,0.033533,0.0375803,0.0388051,0.0328763,0.0429611,0.0354988,0.0412422,0.0391704,
0.0385337,0.0348482,0.0384121,0.0388052,0.0331601,0.0443741,0.0355256,0.0425604,0.0405834,
0.0390032,0.0348555,0.0384124,0.039295,0.0331724,0.0457871,0.0356373,0.0439734,0.0408925,
0.0394712,0.0362685,0.0384305,0.0394591,0.0334909,0.0459074,0.0356945,0.0453864,0.0411323,
0.0400667,0.0363048,0.0398435,0.0408721,0.0336145,0.0462705,0.0371075,0.0453877,0.0411335,
0.0403464,0.0370127,0.0399328,0.0408728,0.0336211,0.0462721,0.0371214,0.0468007,0.0411376,
0.040631,0.0370282,0.0399413,0.0408729,0.0339049,0.0476851,0.0373619,0.0469209,0.041333,
0.0409829,0.0370347,0.0404542,0.0408891,0.0340072,0.0485971,0.037524,0.047378,0.0419787,
0.0415023,0.0371163,0.0413874,0.04191,0.0342461,0.0500101,0.0379577,0.0474037,0.0419868,
0.0417591,0.037148,0.0416398,0.0420222,0.0343497,0.0500558,0.0380517,0.0474056,0.0433998,
0.0422462,0.0374345,0.0416498,0.0420749,0.0346335,0.0500561,0.0387278,0.0488186,0.0445747,
0.0432342,0.0390902,0.0428247,0.0420814,0.0347051,0.0514691,0.0403952,0.0493198,0.0459877,
0.0438718,0.0421458,0.0428728,0.0420866,0.034989,0.0520062,0.0406095,0.0502748,0.0459895,
0.0447848,0.0421597,0.0456988,0.0420988,0.0351827,0.0534192,0.040629,0.0516878,0.0474025,
0.0451708,0.0421799,0.0458613,0.0421085,0.0354665,0.0548322,0.0412746,0.0522249,0.0474184,
0.0466906,0.042203,0.046119,0.042684,0.0395597,0.0562452,0.0455136,0.0523694,0.0488314,
0.0484226,0.0435243,0.0473779,0.051162,0.0398782,0.0564073,0.0469266,0.0531822,0.0489226,
0.0491529,0.0440894,0.0474904,0.051419,0.0401266,0.0574073,0.0503007,0.0531863,0.0492037,
0.0495659,0.0454107,0.0474922,0.0514521,0.0404052,0.0574158,0.0505351,0.0545993,0.0492166,
0.050448,0.0455763,0.050166,0.0514639,0.0406536,0.0588288,0.0505453,0.0557213,0.0506291,
0.0507189,0.0458933,0.0506201,0.0514734,0.0409549,0.0589101,0.0513183,0.0559452,0.0506357,
0.0512385,0.0465726,0.0506891,0.0514751,0.0416326,0.0603231,0.0513879,0.0562143,0.0516129,
0.0513256,0.0465822,0.0507046,0.0514906,0.0419164,0.0605419,0.0513928,0.0563524,0.0516239,
0.0519207,0.0468809,0.0526914,0.051508,0.0419928,0.0607197,0.0514237,0.056969,0.05318,
0.0521793,0.0469571,0.0527021,0.0517209,0.0422142,0.0614783,0.0519332,0.0569792,0.0534498,
0.0531261,0.047237,0.0527912,0.0542804,0.0424625,0.0614997,0.054283,0.0581541,0.054301,
0.0536351,0.0480688,0.052977,0.0543008,0.0426839,0.0629127,0.0546141,0.0592012,0.0543223,
0.0540015,0.0480749,0.0530964,0.0544153,0.0429678,0.0643257,0.0546148,0.0600925,0.0544247,
0.0546986,0.048248,0.0543185,0.0544214,0.0429801,0.0657387,0.054777,0.0612674,0.0558377,
0.054959,0.048317,0.0543323,0.0558344,0.0432331,0.0657734,0.0547935,0.061269,0.0561195,
0.0556458,0.04973,0.0549632,0.056263,0.0433081,0.0657762,0.0557484,0.0618444,0.0575325,
0.0568155,0.0501111,0.0620282,0.0562793,0.0434979,0.0671892,0.0559187,0.0619541,0.0575454,
0.0573758,0.0501623,0.0620353,0.0563519,0.0435299,0.0686022,0.0561243,0.0632423,0.0589584,
0.0580067,0.0502876,0.0620379,0.056539,0.0437829,0.0700152,0.0575373,0.0634822,0.0603714,
0.0587354,0.0514022,0.0622891,0.057952,0.0439726,0.0714282,0.0589503,0.0635036,0.0603855,
0.0588081,0.0514479,0.0623246,0.0580629,0.0440749,0.071454,0.0591758,0.0635293,0.0603952,
0.059222,0.0515369,0.0626064,0.0580847,0.0443279,0.0720996,0.059221,0.0640916,0.0618082,
0.0596355,0.0515897,0.0628576,0.0587304,0.044492,0.0722618,0.060634,0.0644152,0.0621033,
0.060887,0.0524025,0.0630867,0.0657954,0.044745,0.072642,0.0609888,0.0649776,0.0624582,
0.0628308,0.0536615,0.0644267,0.0672084,0.0449663,0.074055,0.0694668,0.0649907,0.0638712,
0.0631441,0.053709,0.0656886,0.0672225,0.0452147,0.0740813,0.0694809,0.065882,0.0638734,
0.0632471,0.0539063,0.0656952,0.0672272,0.0452298,0.0742435,0.0694855,0.0662368,0.0639528,
0.0634543,0.0543623,0.0657465,0.0672323,0.0455136,0.0744476,0.0695143,0.0663516,0.0644657,
0.0640527,0.054448,0.0657734,0.0673672,0.0461881,0.0758606,0.0709273,0.0670596,0.0647976,
0.0650452,0.057448,0.0671864,0.0674247,0.046472,0.0772736,0.0712157,0.0675724,0.0657684,
0.0663864,0.0631,0.0673727,0.0688377,0.0467203,0.0786866,0.0716624,0.0675938,0.0671174,
0.0668861,0.0638413,0.0675956,0.0689313,0.0469733,0.0787048,0.0718713,0.0686409,0.0685304,
0.06738,0.0639899,0.0676207,0.0689457,0.0472263,0.0801178,0.0722429,0.0699592,0.0689377,
0.0682221,0.064226,0.0678837,0.0689643,0.0484068,0.0815308,0.072326,0.0712774,0.0711617,
0.0686612,0.0643433,0.0686268,0.0695116,0.0486906,0.0823626,0.0724308,0.0719381,0.0713855,
0.0696194,0.0661844,0.0687592,0.0718613,0.0489436,0.0837756,0.0730915,0.0721952,0.0721441,
0.06997,0.0667468,0.0688069,0.0719323,0.0492275,0.0850345,0.0732499,0.0722009,0.072561,
0.0704167,0.0672704,0.0701283,0.071974,0.0494488,0.0850457,0.0734362,0.0733758,0.0726543,
0.0718606,0.0691632,0.0757803,0.0719954,0.0496617,0.0864587,0.0744594,0.0746941,0.0726721,
0.0722165,0.0698521,0.075822,0.072087,0.0499147,0.0872716,0.0745594,0.0748116,0.0734134,
0.0725755,0.0699423,0.0758575,0.0721898,0.0501985,0.0873918,0.0746618,0.075536,0.0748264,
0.0731854,0.0701153,0.0763145,0.0730123,0.050517,0.0885399,0.0747766,0.076448,0.0757597,
0.0736006,0.070476,0.0763647,0.0736867,0.0507384,0.0899529,0.0753136,0.0764662,0.0758064,
0.0737313,0.0705606,0.0763717,0.0739385,0.0510222,0.089957,0.0753241,0.076472,0.0762045,
0.0741598,0.0706871,0.0776931,0.0740149,0.0510289,0.0899583,0.076032,0.0776469,0.0762171,
0.0745758,0.0707192,0.0776944,0.0741821,0.05141,0.0912765,0.0760379,0.0790599,0.076226,
0.0754082,0.0710269,0.0791074,0.0756309,0.0516939,0.0919222,0.076063,0.0801819,0.077639,
0.0759836,0.0722858,0.0791735,0.0767791,0.0518836,0.0924234,0.077476,0.0802059,0.0776414,
0.0770267,0.0736041,0.0794897,0.0810181,0.052132,0.0926525,0.0774813,0.0807813,0.0790544,
0.0772217,0.0736996,0.0796759,0.0810209,0.0522177,0.0928663,0.0775293,0.0809511,0.079813,
0.0774646,0.0738386,0.0796973,0.081023,0.0522179,0.0936248,0.0777537,0.0817455,0.0798164,
0.0777644,0.0739075,0.0797261,0.0810281,0.0524966,0.0940417,0.0778831,0.0820406,0.0809912,
0.078447,0.0739756,0.0797798,0.0824411,0.0539359,0.0943965,0.0792961,0.0820834,0.0816673,
0.0795029,0.0742454,0.0811602,0.0837001,0.0541888,0.0954198,0.0807091,0.0835192,0.0830803,
0.0807112,0.0743248,0.0839862,0.0847001,0.0544102,0.0958563,0.0857448,0.0835387,0.0831282,
0.0811536,0.0757378,0.084057,0.0847051,0.0546632,0.0958809,0.0857502,0.0838936,0.0845412,
0.0812218,0.0758236,0.0840748,0.0847082,0.0546843,0.0959266,0.0857742,0.0840634,0.084719,
0.0813242,0.0758363,0.0841205,0.0847119,0.0549373,0.0960554,0.0857904,0.0841657,0.0849761,
0.0820387,0.0758956,0.0841576,0.0857352,0.0558248,0.0974684,0.0868137,0.0846443,0.0857704,
0.0832295,0.0759984,0.0855706,0.0869941,0.0560778,0.0988814,0.0868209,0.088097,0.0873961,
0.0836606,0.0761675,0.0857119,0.0884071,0.0562045,0.100294,0.0868298,0.0881252,0.087544,
0.0838195,0.0763088,0.0857401,0.0884183,0.0564575,0.100339,0.0868745,0.0881659,0.0882519,
0.0844068,0.0765007,0.0863024,0.0884423,0.0575265,0.101064,0.0870259,0.0887282,0.0896649,
0.084866,0.077217,0.0867098,0.088468,0.0578104,0.101976,0.0871282,0.0894527,0.0901661,
0.0855355,0.0792038,0.0869448,0.0894913,0.0580633,0.102239,0.0872457,0.0895172,0.0915791,
0.086084,0.0802061,0.0873685,0.0896115,0.0582888,0.102496,0.0877243,0.089985,0.0929921,
0.0868485,0.0813494,0.0874187,0.0898813,0.0585418,0.103112,0.0886816,0.091398,0.0944051,
0.087802,0.0838732,0.0877356,0.0899988,0.0587948,0.104525,0.0888594,0.092811,0.0958181,
0.0885968,0.085219,0.0892392,0.0902227,0.0590478,0.105938,0.089338,0.093811,0.0959593,
0.089341,0.0860645,0.0894636,0.0902625,0.0593007,0.106938,0.091338,0.095224,0.0961372,
0.0900167,0.086265,0.0899592,0.0904615,0.0595262,0.108351,0.0915376,0.0964829,0.0975502,
0.0904472,0.0868889,0.0900857,0.0907622,0.0597517,0.109351,0.0916788,0.0973742,0.0976851,
0.0913596,0.0886756,0.0903245,0.0921589,0.0599772,0.110764,0.0918047,0.0981685,0.0990033,
0.0917643,0.0889268,0.0912058,0.0922385,0.0602301,0.111655,0.0921824,0.0985316,0.0991446,
0.0922578,0.089208,0.0912336,0.0924774,0.0604831,0.112914,0.0924994,0.0999441,0.0993031,
0.092878,0.0894586,0.0923431,0.0927163,0.0607086,0.114036,0.0929748,0.100921,0.0998654,
0.0934353,0.089992,0.0925012,0.0939134,0.0609299,0.115036,0.0934236,0.101813,0.0998739,
0.0940269,0.0915807,0.0927692,0.0939957,0.0615594,0.116449,0.093542,0.101883,0.100436,
0.0945302,0.0915918,0.0933027,0.0940749,0.0618124,0.116542,0.0948039,0.102678,0.101436,
0.0954407,0.0918173,0.0942514,0.0950082,0.0629218,0.117337,0.0962169,0.104091,0.101883,
0.0972936,0.0932303,0.0950495,0.103486,0.0631748,0.11875,0.0974788,0.104666,0.102514,
0.0985591,0.093765,0.0989858,0.104899,0.0634278,0.120163,0.0988918,0.104755,0.103585,
0.0987834,0.0937791,0.0989874,0.104935,0.0636808,0.120451,0.0990918,0.105755,0.103587,
0.0994813,0.0939607,0.100992,0.104938,0.0639337,0.121159,0.099112,0.106755,0.105,
0.0995225,0.0939966,0.101043,0.104941,0.0639702,0.121223,0.0991576,0.106846,0.105001,
0.0997836,0.0940385,0.101102,0.104953,0.0642232,0.121264,0.0993228,0.106951,0.106414,
0.100569,0.0944187,0.101899,0.10541,0.0644487,0.122582,0.100879,0.107086,0.107827,
0.101354,0.0944981,0.104416,0.105877,0.064646,0.123995,0.102197,0.107108,0.10809,
0.101817,0.0949736,0.104428,0.105934,0.0648714,0.124003,0.102304,0.108521,0.109503,
0.102426,0.095151,0.104445,0.105948,0.0650687,0.125415,0.102528,0.109934,0.110916,
0.102659,0.095419,0.104571,0.105968,0.065266,0.12577,0.102697,0.110642,0.11094,
0.103086,0.09711,0.104713,0.106047,0.0654915,0.126346,0.103143,0.110808,0.111029,
0.104009,0.0983321,0.105159,0.106176,0.0657445,0.127759,0.105428,0.111032,0.112442,
0.104562,0.100023,0.105222,0.106974,0.0659974,0.128075,0.106136,0.11143,0.112642,
0.105583,0.10042,0.105272,0.10705,0.0662229,0.129488,0.109313,0.112843,0.114055,
0.106117,0.101308,0.106467,0.107143,0.0664759,0.130119,0.109608,0.113637,0.114181,
0.106761,0.102485,0.10736,0.107467,0.0667289,0.131532,0.109767,0.114212,0.114536,
0.107173,0.102987,0.108241,0.107586,0.0669819,0.13224,0.109893,0.114399,0.11506,
0.10748,0.103299,0.108277,0.107837,0.0672073,0.132469,0.110051,0.11514,0.115562,
0.108234,0.103615,0.108418,0.109034,0.0674603,0.133591,0.110229,0.116552,0.116975,
0.108797,0.104177,0.110205,0.109788,0.0677133,0.134482,0.11037,0.116616,0.117027,
0.10894,0.10427,0.110706,0.110097,0.0679143,0.13449,0.110377,0.116623,0.117043,
0.108994,0.104375,0.110746,0.110098,0.068047,0.1345,0.110399,0.11669,0.117099,
0.109438,0.1044,0.11098,0.110099,0.0681263,0.135294,0.110405,0.11769,0.118512,
0.109497,0.104436,0.111021,0.110103,0.0683272,0.135352,0.110412,0.117763,0.118562,
0.110006,0.104465,0.111043,0.111516,0.0697692,0.135914,0.110483,0.117907,0.118951,
0.110608,0.105878,0.11136,0.111869,0.0699947,0.136826,0.111145,0.117931,0.119863,
0.111244,0.107906,0.111559,0.113282,0.0701956,0.136844,0.111573,0.118592,0.120005,
0.111661,0.108304,0.111587,0.113286,0.0704211,0.136992,0.111751,0.119592,0.121353,
0.11213,0.108381,0.111756,0.11333,0.070451,0.137992,0.112034,0.120851,0.122245,
0.112982,0.108651,0.111852,0.11353,0.070704,0.139114,0.115408,0.122263,0.122334,
0.114674,0.110064,0.119405,0.114943,0.0709523,0.140527,0.11653,0.122282,0.122689,
0.114795,0.110462,0.119415,0.115121,0.0711778,0.140533,0.116653,0.122303,0.122694,
0.115121,0.110687,0.119432,0.115217,0.0712044,0.140546,0.116656,0.123716,0.123507,
0.11542,0.110775,0.119438,0.115235,0.0714574,0.140862,0.116713,0.124114,0.124766,
0.115837,0.110812,0.119517,0.115633,0.0715026,0.141909,0.118126,0.124384,0.124811,
0.116625,0.11128,0.119598,0.119872,0.0717556,0.142248,0.118757,0.124607,0.124886,
0.118514,0.112693,0.128076,0.121285,0.0719314,0.143661,0.119551,0.124616,0.126299,
0.11934,0.112778,0.128431,0.124111,0.0721287,0.143682,0.120964,0.125178,0.127448,
0.119806,0.113572,0.128449,0.124134,0.0723542,0.143984,0.121625,0.12609,0.128242,
0.120639,0.113743,0.128689,0.124149,0.0737901,0.144323,0.124451,0.126314,0.129655,
0.120888,0.113837,0.128991,0.12417,0.073991,0.144749,0.124511,0.126916,0.129937,
0.121481,0.114368,0.129013,0.125292,0.074192,0.145312,0.12522,0.128205,0.130246,
0.122512,0.115781,0.130135,0.126849,0.0744174,0.146725,0.126633,0.128807,0.130747,
0.123749,0.121433,0.130294,0.128026,0.0746429,0.147385,0.128046,0.129275,0.130888,
0.124075,0.12148,0.130314,0.128858,0.0748684,0.147403,0.128058,0.130688,0.13093,
0.124421,0.12182,0.130414,0.128865,0.0750394,0.147783,0.128074,0.131027,0.132343,
0.124775,0.122045,0.130555,0.128875,0.075793,0.148372,0.128102,0.131226,0.133234,
0.125204,0.122234,0.130935,0.128892,0.0759939,0.149131,0.128178,0.131829,0.134436,
0.125444,0.122386,0.130975,0.130305,0.0762576,0.149147,0.128211,0.13183,0.13444,
0.125785,0.12239,0.132388,0.130568,0.0764585,0.149161,0.128482,0.132256,0.134572,
0.126404,0.123094,0.132547,0.131153,0.0766595,0.149284,0.128837,0.133669,0.135985,
0.127516,0.124507,0.132725,0.131194,0.0768568,0.150697,0.133076,0.133672,0.137398,
0.127736,0.12472,0.133027,0.131218,0.0770326,0.150703,0.133136,0.133701,0.138353,
0.127954,0.12495,0.133028,0.13123,0.0772299,0.151101,0.133217,0.134514,0.138359,
0.128596,0.125126,0.133252,0.13125,0.0777909,0.152514,0.133228,0.135832,0.139772,
0.128939,0.125883,0.133607,0.131265,0.0780164,0.153222,0.133271,0.136463,0.139783,
0.129441,0.126094,0.133696,0.132678,0.0785437,0.153485,0.133292,0.136542,0.141196,
0.130187,0.127248,0.135109,0.132707,0.0787691,0.153714,0.133384,0.137955,0.142609,
0.130801,0.128401,0.135149,0.133501,0.0789946,0.15436,0.134797,0.13831,0.142897,
0.131559,0.12972,0.135188,0.134314,0.0792476,0.15574,0.135243,0.138708,0.14431,
0.131987,0.130894,0.135239,0.134945,0.0794731,0.156265,0.135369,0.139339,0.144373,
0.132373,0.131409,0.135593,0.134956,0.079726,0.156722,0.135392,0.140752,0.144437,
0.132791,0.131561,0.135991,0.134966,0.0797595,0.157284,0.135455,0.14146,0.14585,
0.132982,0.131652,0.135999,0.134977,0.079985,0.157498,0.135489,0.141729,0.146526,
0.134006,0.131823,0.136106,0.13639,0.081797,0.158911,0.136807,0.142279,0.147939,
0.135329,0.133236,0.136504,0.142042,0.0820225,0.15967,0.13822,0.142757,0.148184,
0.13631,0.133394,0.140752,0.14336,0.0822479,0.160446,0.138656,0.14327,0.148354,
0.136875,0.133433,0.140752,0.143367,0.0824734,0.160451,0.140069,0.144683,0.149767,
0.137365,0.133541,0.14078,0.143378,0.08252,0.161864,0.141482,0.144754,0.150599,
0.137686,0.135442,0.140878,0.143393,0.0827173,0.162166,0.14152,0.144767,0.150602,
0.138469,0.137356,0.141305,0.144465,0.0828931,0.162574,0.141527,0.145618,0.152014,
0.138609,0.137438,0.141333,0.144474,0.0830228,0.162756,0.141553,0.145822,0.152472,
0.138826,0.137643,0.141351,0.144519,0.0830945,0.16311,0.141681,0.146312,0.152898,
0.139445,0.138672,0.141565,0.144719,0.0833475,0.164523,0.14197,0.147725,0.153039,
0.140487,0.139794,0.14357,0.146132,0.0835729,0.165936,0.143383,0.148182,0.153328,
0.141094,0.141207,0.143649,0.146309,0.0837984,0.166644,0.143829,0.148571,0.154741,
0.141665,0.141709,0.14372,0.146591,0.0840514,0.167169,0.143942,0.149984,0.156154,
0.142237,0.142109,0.14506,0.146687,0.0843044,0.16806,0.14442,0.150984,0.156269,
0.142684,0.142788,0.145415,0.146807,0.0845573,0.169473,0.14454,0.151203,0.156685,
0.143197,0.143267,0.145541,0.146942,0.0847828,0.170473,0.144836,0.151639,0.158098,
0.143607,0.143831,0.145597,0.147128,0.0850083,0.17079,0.145399,0.152315,0.15879,
0.144048,0.144239,0.145723,0.147204,0.0852338,0.171531,0.146211,0.153293,0.158949,
0.144492,0.144762,0.146078,0.147309,0.0854592,0.172944,0.146543,0.153691,0.159148,
0.144971,0.145507,0.146204,0.14744,0.0856602,0.173469,0.14701,0.153915,0.160561,
0.145443,0.146304,0.146416,0.14764,0.0858856,0.1741,0.147123,0.154101,0.161974,
0.145796,0.14675,0.146542,0.14783,0.0861111,0.174357,0.14766,0.154825,0.162291,
0.146272,0.146964,0.147141,0.1481,0.0863121,0.17529,0.147772,0.155717,0.162879,
0.146666,0.147266,0.147365,0.148228,0.0865375,0.175852,0.14792,0.156279,0.163879,
0.147018,0.147517,0.147507,0.148296,0.086763,0.176455,0.148061,0.156868,0.164674,
0.14734,0.147704,0.14793,0.148389,0.0869885,0.177163,0.148173,0.15743,0.164943,
0.147663,0.148099,0.14813,0.148521,0.0872139,0.177839,0.148545,0.157777,0.165177,
0.147988,0.148454,0.148885,0.148601,0.0874394,0.178547,0.148657,0.157943,0.165377,
0.148227,0.149084,0.148956,0.14877,0.0876649,0.178756,0.148835,0.158121,0.165628,
0.148586,0.149242,0.149404,0.149774,0.0878904,0.17898,0.148961,0.15861,0.165828,
0.149047,0.150018,0.149851,0.149974,0.0881158,0.179774,0.149523,0.159057,0.166062,
0.1492,0.15052,0.15003,0.150079,0.0883413,0.17983,0.149635,0.159077,0.16609,
0.149411,0.150594,0.150156,0.150093,0.0885668,0.17993,0.149671,0.159871,0.166406,
0.149543,0.150608,0.150333,0.150118,0.0886777,0.180181,0.149771,0.160123,0.166535,
0.149751,0.150664,0.150378,0.150472,0.0888787,0.180628,0.150022,0.160227,0.166735,
0.150076,0.151597,0.150631,0.150535,0.0890796,0.180959,0.150338,0.160283,0.167181,
0.15016,0.151697,0.150675,0.150624,0.0893051,0.180984,0.150497,0.160309,0.167191,
0.150419,0.151777,0.150707,0.150709,0.0894753,0.181024,0.150649,0.161722,0.167291,
0.150587,0.151801,0.150827,0.150867,0.0897008,0.181549,0.150787,0.16186,0.167307,
0.15104,0.152064,0.151391,0.151822,0.0899263,0.182257,0.151192,0.162042,0.167623,
0.151213,0.152419,0.15155,0.151857,0.0901792,0.182514,0.151351,0.162077,0.167758,
0.151454,0.152477,0.151975,0.152017,0.0904322,0.182566,0.15155,0.162457,0.168156,
0.151853,0.152528,0.152046,0.153775,0.0906577,0.183034,0.151728,0.162846,0.168206,
0.152461,0.153029,0.153613,0.153807,0.0908832,0.184034,0.15252,0.163177,0.168623,
0.152508,0.153036,0.153617,0.153851,0.0911086,0.184077,0.152567,0.163183,0.168627,
0.152807,0.153162,0.153696,0.153857,0.0911808,0.184093,0.152644,0.164563,0.169258,
0.153032,0.153314,0.153803,0.153871,0.0914337,0.184228,0.153005,0.164587,0.170016,
0.154108,0.153506,0.154434,0.155284,0.0933178,0.184685,0.154207,0.166,0.171429,
0.155746,0.154919,0.160164,0.1563,0.0935433,0.186098,0.15562,0.167413,0.171908,
0.15751,0.161984,0.160726,0.157713,0.0937963,0.187478,0.157696,0.16787,0.17282,
0.158174,0.163243,0.160755,0.158545,0.0940217,0.187523,0.158509,0.169129,0.173671,
0.158511,0.163506,0.16079,0.158595,0.0942747,0.187886,0.158825,0.170388,0.173823,
0.158933,0.163528,0.16083,0.158639,0.0944961,0.189299,0.159011,0.171801,0.173862,
0.159189,0.163538,0.160901,0.158789,0.0947216,0.190007,0.159511,0.17214,0.173904,
0.159456,0.164006,0.160936,0.159527,0.0949225,0.190433,0.159616,0.172252,0.173954,
0.1596,0.164141,0.160968,0.159972,0.0951198,0.190585,0.159679,0.172276,0.174059,
0.159774,0.164157,0.160975,0.160345,0.0953207,0.19059,0.15975,0.172984,0.174067,
0.159903,0.164262,0.161133,0.160458,0.0953383,0.190799,0.159772,0.173218,0.174245,
0.159957,0.164284,0.161137,0.160484,0.0955393,0.190917,0.159795,0.173245,0.174256,
0.16014,0.164298,0.161201,0.160753,0.0957008,0.191021,0.159984,0.173508,0.174654,
0.160327,0.164678,0.161243,0.160945,0.0959262,0.191448,0.160153,0.173543,0.174681,
0.160737,0.165437,0.161495,0.162016,0.0961235,0.191596,0.160663,0.17357,0.174998,
0.16098,0.165753,0.161545,0.162148,0.0963245,0.19162,0.161341,0.173901,0.175206,
0.161349,0.166035,0.161994,0.162176,0.0965254,0.192328,0.161575,0.174792,0.175365,
0.161718,0.166212,0.162277,0.162678,0.0967509,0.193122,0.162,0.175329,0.175378,
0.162083,0.166611,0.162654,0.163031,0.0968294,0.194013,0.162201,0.175776,0.175547,
0.162324,0.166731,0.162761,0.163066,0.0970549,0.194283,0.162308,0.176131,0.176255,
0.163146,0.16694,0.163472,0.164479,0.0972804,0.195696,0.162706,0.177544,0.17705,
0.163946,0.167256,0.167037,0.165068,0.0975334,0.196327,0.162865,0.177784,0.177695,
0.164693,0.168189,0.167163,0.165292,0.0977864,0.197423,0.165248,0.17795,0.17849,
0.16506,0.168389,0.167195,0.165364,0.0980393,0.197571,0.16608,0.178376,0.179467,
0.165315,0.168402,0.167235,0.165447,0.0982648,0.197666,0.166298,0.179579,0.179625,
0.165631,0.168434,0.167266,0.165987,0.0985487,0.198985,0.16633,0.17983,0.17967,
0.165772,0.168612,0.167313,0.166226,0.09877,0.199294,0.166386,0.179853,0.17972,
0.165855,0.168656,0.167321,0.166478,0.099023,0.199299,0.166442,0.179861,0.179756,
0.16603,0.168701,0.167343,0.166488,0.0992127,0.199314,0.166489,0.180908,0.179785,
0.16611,0.168718,0.167379,0.166525,0.0993634,0.199609,0.166526,0.180958,0.179799,
0.166258,0.168727,0.167505,0.166852,0.0996164,0.19986,0.166589,0.181014,0.179899,
0.166543,0.168951,0.167605,0.166927,0.0998419,0.199949,0.166689,0.181068,0.181312,
0.166678,0.168965,0.167621,0.167133,0.100039,0.200017,0.167096,0.181086,0.181471,
0.166851,0.169046,0.167656,0.167548,0.100265,0.200038,0.167296,0.181367,0.181594,
0.167049,0.169148,0.167815,0.167587,0.100518,0.200197,0.167431,0.182092,0.181604,
0.167136,0.169174,0.167854,0.167635,0.100739,0.200387,0.167457,0.182194,0.181651,
0.167207,0.16919,0.167894,0.167662,0.100815,0.200463,0.167478,0.182326,0.181828,
0.16731,0.169266,0.167905,0.167777,0.101068,0.200641,0.167593,0.182355,0.181878,
0.167544,0.16941,0.168105,0.168496,0.101321,0.200713,0.167719,0.182455,0.18213,
0.16769,0.169727,0.168283,0.168532,0.101543,0.200851,0.167877,0.18256,0.182151,
0.167822,0.169913,0.168442,0.1686,0.101768,0.200863,0.167893,0.182722,0.182375,
0.167954,0.170028,0.168583,0.168604,0.101814,0.200914,0.167936,0.182803,0.18295,
0.168125,0.170048,0.168689,0.168645,0.102067,0.20104,0.168352,0.182981,0.183174,
0.168837,0.170252,0.169322,0.170275,0.10232,0.201835,0.169352,0.183459,0.183882,
0.169067,0.170568,0.169637,0.170315,0.102573,0.202465,0.16953,0.183505,0.183941,
0.169133,0.170632,0.169694,0.170347,0.102826,0.202468,0.169623,0.183516,0.18396,
0.169407,0.170895,0.169975,0.170352,0.102995,0.202489,0.170144,0.184132,0.184276,
0.169614,0.170908,0.170608,0.170455,0.103217,0.202897,0.170286,0.184212,0.184333,
0.169849,0.17094,0.170734,0.170633,0.103442,0.203528,0.170349,0.184514,0.184649,
0.170105,0.171503,0.170784,0.170704,0.103695,0.203883,0.170665,0.184531,0.185075,
0.170105,0.171503,0.170784,0.170704,0.103695,0.203883,0.170665,0.184531,0.185075,
0.171139,0.172916,0.172197,0.172271,0.103948,0.205296,0.172078,0.185272,0.185138,
0.171397,0.172972,0.172215,0.172283,0.104201,0.205763,0.172096,0.186394,0.185251,
0.171484,0.172974,0.172219,0.172295,0.104343,0.205911,0.172111,0.186572,0.18545,
0.171634,0.173041,0.172459,0.172312,0.104596,0.206193,0.172281,0.186628,0.185562,
0.171789,0.173065,0.172499,0.172851,0.104786,0.206475,0.172433,0.186631,0.185571,
0.171994,0.173347,0.172658,0.173224,0.104955,0.206481,0.172449,0.186714,0.18612,
0.172297,0.173393,0.172665,0.173238,0.105176,0.20671,0.172532,0.187131,0.187533,
0.172576,0.173421,0.173418,0.173318,0.105398,0.207418,0.172814,0.187181,0.187636,
0.172829,0.173703,0.173669,0.173449,0.105619,0.207577,0.1737,0.187263,0.18765,
0.172968,0.173829,0.173749,0.173674,0.105872,0.207759,0.173763,0.187294,0.187805,
0.173275,0.173949,0.173794,0.173745,0.106125,0.207885,0.173875,0.187611,0.189218,
0.17343,0.173991,0.173865,0.173914,0.106378,0.208311,0.174016,0.187642,0.18932,
0.17356,0.174345,0.1739,0.17404,0.106631,0.208347,0.174134,0.187738,0.189345,
0.173666,0.17438,0.174077,0.1742,0.106884,0.208454,0.174162,0.187784,0.189387,
0.173762,0.174425,0.174113,0.174389,0.107137,0.208513,0.174221,0.187868,0.189429,
0.173902,0.17446,0.174148,0.174786,0.10739,0.208615,0.17443,0.187909,0.189475,
0.173995,0.174526,0.174243,0.174821,0.107643,0.208652,0.174608,0.187954,0.189513,
0.174066,0.174543,0.174291,0.174861,0.107896,0.208672,0.174766,0.187971,0.189531,
0.17435,0.175432,0.174646,0.17495,0.108144,0.208705,0.175061,0.188045,0.189813,
0.174629,0.175482,0.174729,0.176532,0.108334,0.208789,0.175247,0.188074,0.189841,
0.174922,0.175764,0.174954,0.176567,0.108587,0.209351,0.175265,0.188429,0.190458,
0.175239,0.17593,0.174973,0.176638,0.10884,0.209386,0.175517,0.189429,0.191199,
0.175898,0.176116,0.177102,0.176797,0.109093,0.210017,0.175992,0.190551,0.191515,
0.176349,0.176294,0.177137,0.177686,0.109314,0.211219,0.176884,0.190737,0.191521,
0.176558,0.176545,0.177182,0.177852,0.109512,0.211476,0.176895,0.190994,0.192011,
0.176783,0.176571,0.177186,0.177865,0.109704,0.211518,0.177002,0.191022,0.193391,
0.176994,0.176686,0.177315,0.177871,0.109957,0.211677,0.177306,0.191501,0.193642,
0.177523,0.17677,0.178728,0.17788,0.11026,0.21309,0.177373,0.192434,0.193651,
0.17779,0.176829,0.178866,0.178398,0.110513,0.213245,0.177568,0.192544,0.194359,
0.17858,0.177758,0.17937,0.179811,0.11071,0.213671,0.178981,0.192566,0.195772,
0.178705,0.178009,0.179403,0.179981,0.110936,0.213751,0.179159,0.19257,0.195828,
0.178991,0.178348,0.179516,0.180052,0.111157,0.21376,0.17941,0.19357,0.19611,
0.179962,0.178873,0.180188,0.180071,0.111347,0.214391,0.183867,0.194829,0.196129,
0.180173,0.179037,0.180259,0.180196,0.1116,0.214954,0.183889,0.195256,0.196192,
0.180626,0.179065,0.1804,0.180351,0.111825,0.215455,0.184047,0.196256,0.197605,
0.181067,0.179911,0.180559,0.181596,0.112078,0.215912,0.184225,0.196281,0.197977,
0.181459,0.180543,0.180718,0.183103,0.1123,0.215944,0.184424,0.196289,0.198348,
0.181768,0.181176,0.180748,0.183138,0.112497,0.21596,0.184583,0.197411,0.19863,
0.182251,0.182303,0.180767,0.18314,0.112722,0.216621,0.184741,0.198729,0.198985,
0.182511,0.182326,0.18087,0.183141,0.112904,0.217183,0.18475,0.199851,0.199061,
0.182627,0.182793,0.180915,0.183152,0.11313,0.217212,0.184796,0.199909,0.199112,
0.18363,0.182961,0.185154,0.184565,0.11369,0.217378,0.184849,0.199915,0.200525,
0.183919,0.18355,0.185417,0.184631,0.113915,0.217504,0.185083,0.200149,0.201101,
0.185097,0.187009,0.185919,0.184986,0.114168,0.21812,0.186496,0.201562,0.202514,
0.185538,0.187266,0.186108,0.185957,0.114394,0.218751,0.186674,0.202303,0.202852,
0.18583,0.187535,0.186179,0.185988,0.114619,0.219276,0.186914,0.202964,0.203162,
0.186003,0.18758,0.186285,0.186203,0.114872,0.219838,0.187092,0.202986,0.203168,
0.186208,0.187647,0.186325,0.187099,0.115094,0.219863,0.187105,0.203325,0.20321,
0.186559,0.187963,0.186379,0.187127,0.115299,0.220054,0.187246,0.203782,0.204623,
0.186685,0.187979,0.186401,0.187242,0.115525,0.220461,0.187348,0.203856,0.204667,
0.187076,0.188334,0.18656,0.188072,0.115778,0.22067,0.187507,0.204978,0.204712,
0.18748,0.188689,0.186702,0.18907,0.116026,0.221301,0.187685,0.20501,0.205357,
0.187857,0.18906,0.186739,0.189153,0.11631,0.221501,0.188153,0.206185,0.205756,
0.188174,0.189065,0.186764,0.18919,0.116563,0.222242,0.188449,0.207232,0.205887,
0.188894,0.189346,0.187268,0.189356,0.116784,0.222873,0.191393,0.208232,0.205898,
0.189468,0.189663,0.187374,0.191999,0.116974,0.223581,0.191415,0.20824,0.206501,
0.189883,0.189979,0.187412,0.192078,0.117195,0.223598,0.191527,0.209362,0.207914,
0.190327,0.190928,0.187416,0.192108,0.117417,0.224392,0.191627,0.210484,0.208245,
0.191037,0.191905,0.187752,0.192218,0.117642,0.2251,0.193183,0.211606,0.20889,
0.19163,0.192156,0.18791,0.194719,0.117839,0.225731,0.193295,0.212497,0.208892,
0.192101,0.192788,0.188006,0.194754,0.118061,0.226439,0.193298,0.213497,0.209964,
0.192522,0.19279,0.188015,0.194794,0.118102,0.227147,0.193457,0.214497,0.211377,
0.192752,0.192837,0.189084,0.194972,0.118323,0.227254,0.193478,0.214667,0.211399,
0.193271,0.19425,0.189308,0.195358,0.11852,0.228456,0.194203,0.21467,0.211405,
0.193654,0.194502,0.189705,0.19539,0.11871,0.228461,0.194217,0.215428,0.212818,
0.194053,0.194509,0.189745,0.195401,0.118886,0.229169,0.194469,0.216428,0.213818,
0.194717,0.194724,0.19019,0.195414,0.119891,0.230582,0.194697,0.217841,0.214394,
0.194986,0.194905,0.19046,0.195474,0.120116,0.230921,0.195716,0.217869,0.214425,
0.195564,0.195244,0.192432,0.196887,0.120342,0.231062,0.195894,0.218021,0.21463,
0.19595,0.195495,0.19263,0.196923,0.120595,0.231651,0.196343,0.218261,0.215701,
0.196463,0.195939,0.193071,0.197003,0.12082,0.232393,0.196846,0.219579,0.216056,
0.197045,0.196362,0.193261,0.198247,0.121046,0.2331,0.197346,0.220838,0.216156,
0.197637,0.196865,0.194604,0.19837,0.121299,0.233731,0.19757,0.222251,0.216407,
0.198096,0.197718,0.194639,0.19841,0.121524,0.234362,0.198074,0.22351,0.216533,
0.198591,0.197968,0.195135,0.1986,0.12175,0.23507,0.198498,0.224381,0.217327,
0.199156,0.198346,0.195312,0.199997,0.121975,0.235701,0.198947,0.22564,0.217333,
0.199544,0.198849,0.19631,0.200004,0.122231,0.236264,0.199043,0.226086,0.217568,
0.199922,0.198855,0.19652,0.200063,0.122456,0.237677,0.199541,0.226649,0.217615,
0.200898,0.199007,0.196945,0.201476,0.123866,0.23909,0.199709,0.228062,0.219028,
0.201581,0.20042,0.199463,0.201539,0.124091,0.239652,0.200157,0.228063,0.219262,
0.202408,0.200922,0.201696,0.202952,0.124288,0.239654,0.20157,0.228326,0.219851,
0.202962,0.201174,0.201895,0.202957,0.12451,0.240857,0.201822,0.229217,0.221264,
0.203572,0.201259,0.202134,0.203005,0.124687,0.24227,0.203084,0.230313,0.221826,
0.203997,0.201855,0.202342,0.20305,0.124913,0.243011,0.203528,0.231291,0.221985,
0.205007,0.201994,0.202952,0.204463,0.127436,0.244424,0.204941,0.231411,0.222431,
0.206199,0.203407,0.203765,0.210115,0.127689,0.244804,0.205503,0.231713,0.222597,
0.206979,0.203688,0.207551,0.210776,0.127915,0.245305,0.205798,0.232052,0.222749,
0.207793,0.206038,0.207551,0.210962,0.128168,0.246718,0.205806,0.232943,0.224162,
0.208252,0.206602,0.208055,0.210964,0.128188,0.247349,0.20584,0.233444,0.225575,
0.208319,0.206622,0.208116,0.210971,0.128386,0.24739,0.20594,0.233535,0.225588,
0.209404,0.207511,0.209529,0.211153,0.130116,0.248803,0.206171,0.234948,0.227001,
0.210014,0.208026,0.210942,0.211225,0.130369,0.249316,0.2064,0.23602,0.227813,
0.210504,0.208131,0.210964,0.212638,0.130595,0.249399,0.206931,0.236146,0.229226,
0.211019,0.208355,0.211213,0.212674,0.13082,0.2499,0.207331,0.237217,0.230639,
0.211288,0.20865,0.211452,0.212709,0.131073,0.250642,0.20778,0.237322,0.230675,
0.212025,0.209496,0.211955,0.212844,0.131299,0.251473,0.209913,0.238497,0.230722,
0.212895,0.210611,0.214169,0.212876,0.131524,0.252886,0.210413,0.239815,0.230863,
0.213437,0.210678,0.214178,0.213075,0.131777,0.254299,0.211124,0.240937,0.231425,
0.213938,0.211103,0.214234,0.213326,0.132002,0.255648,0.211883,0.241405,0.231904,
0.214896,0.211328,0.215028,0.217992,0.132172,0.257061,0.212239,0.241426,0.231922,
0.215307,0.212173,0.215477,0.218014,0.132397,0.257143,0.21268,0.242087,0.232484,
0.215809,0.212176,0.215926,0.218042,0.132623,0.257705,0.213126,0.242978,0.233897,
0.216335,0.212576,0.216277,0.218082,0.132848,0.258267,0.213687,0.243978,0.234969,
0.21701,0.213421,0.216726,0.218217,0.133069,0.259159,0.215588,0.243979,0.235924,
0.217541,0.213922,0.219114,0.218257,0.133291,0.25916,0.216091,0.244368,0.236123,
0.218018,0.213993,0.219127,0.21826,0.133488,0.260478,0.216515,0.245781,0.236503,
0.218837,0.214045,0.219162,0.218282,0.13428,0.261891,0.218019,0.247194,0.237821,
0.219083,0.214614,0.219561,0.218303,0.134533,0.261956,0.21865,0.247211,0.237837,
0.219927,0.214682,0.219682,0.219716,0.135973,0.262956,0.219541,0.247619,0.23925,
0.221301,0.216095,0.224568,0.220643,0.136226,0.264369,0.220518,0.247942,0.240045,
0.222607,0.218444,0.225362,0.222056,0.136474,0.264671,0.225744,0.247961,0.24014,
0.223283,0.219857,0.225392,0.223061,0.1367,0.264687,0.22582,0.249374,0.24137,
0.223447,0.219989,0.225423,0.223078,0.136925,0.264983,0.225886,0.249791,0.241502,
0.223582,0.220041,0.225459,0.223205,0.136927,0.265507,0.226064,0.249949,0.241506,
0.22399,0.220175,0.225463,0.224324,0.137153,0.266215,0.226096,0.250949,0.241545,
0.224739,0.221588,0.227557,0.225737,0.13735,0.266415,0.226255,0.250964,0.242047,
0.224916,0.222121,0.228059,0.225765,0.137571,0.266417,0.226368,0.250969,0.242055,
0.225274,0.22236,0.228084,0.225768,0.13773,0.266427,0.226382,0.251969,0.243468,
0.225569,0.222396,0.228135,0.225791,0.137787,0.26669,0.226435,0.252437,0.244881,
0.225632,0.222477,0.228147,0.225805,0.137988,0.266754,0.226446,0.252528,0.244913,
0.226561,0.222543,0.228295,0.227218,0.139566,0.267826,0.227859,0.252852,0.246326,
0.228001,0.223956,0.229148,0.23287,0.139791,0.269239,0.229272,0.253121,0.246607,
0.22931,0.231021,0.230148,0.234283,0.139967,0.269541,0.229589,0.253138,0.246794,
0.22967,0.231034,0.230148,0.234512,0.14022,0.269615,0.229595,0.254029,0.248207,
0.229807,0.231432,0.230504,0.234515,0.140241,0.269656,0.229619,0.254086,0.248406,
0.229884,0.231441,0.230636,0.234525,0.140417,0.269842,0.229694,0.254101,0.248419,
0.230417,0.231468,0.231034,0.234707,0.140638,0.270041,0.230102,0.255514,0.249832,
0.230983,0.232281,0.231789,0.234757,0.140835,0.271041,0.230385,0.25553,0.251245,
0.231296,0.232505,0.231948,0.234935,0.141061,0.271093,0.230609,0.255557,0.252658,
0.231765,0.233213,0.232509,0.23507,0.141286,0.2712,0.230946,0.256679,0.25322,
0.232389,0.233775,0.233142,0.235087,0.141512,0.271994,0.232652,0.25757,0.253379,
0.232807,0.233843,0.233591,0.235296,0.141765,0.272702,0.232764,0.258692,0.253806,
0.233091,0.233901,0.233691,0.235833,0.14199,0.273593,0.232978,0.258843,0.253901,
0.233438,0.234183,0.234252,0.235962,0.142216,0.274182,0.233278,0.259106,0.254328,
0.234093,0.234891,0.234568,0.2361,0.142441,0.275384,0.235237,0.259574,0.254551,
0.234473,0.235207,0.235129,0.236135,0.142667,0.276001,0.23535,0.260574,0.254721,
0.234783,0.235221,0.235218,0.23627,0.14292,0.276795,0.23541,0.261574,0.254856,
0.235316,0.235575,0.235974,0.236346,0.143173,0.27759,0.235766,0.262574,0.255532,
0.235691,0.235659,0.23677,0.236905,0.143394,0.278712,0.235907,0.2626,0.255582,
0.236064,0.236221,0.236896,0.237221,0.143647,0.278816,0.236505,0.262989,0.256213,
0.236456,0.236334,0.23746,0.237238,0.1439,0.279233,0.237213,0.263989,0.256279,
0.236679,0.23645,0.237723,0.237275,0.144153,0.279564,0.237297,0.264514,0.256457,
0.237214,0.237703,0.237986,0.237656,0.144437,0.279936,0.237483,0.264796,0.257716,
0.237511,0.23812,0.238079,0.238389,0.14469,0.280291,0.237649,0.264817,0.258055,
0.237695,0.238286,0.238168,0.238401,0.144943,0.280323,0.23779,0.265112,0.258534,
0.237759,0.238309,0.238175,0.238407,0.145164,0.280386,0.237888,0.265195,0.258544,
0.238172,0.238486,0.238971,0.238421,0.14523,0.281017,0.238059,0.265937,0.259252,
0.238335,0.23885,0.239091,0.238498,0.145455,0.281424,0.23814,0.265965,0.259259,
0.23887,0.239283,0.239269,0.239911,0.145768,0.281624,0.238267,0.266169,0.260672,
0.239243,0.239442,0.239349,0.239931,0.145994,0.282746,0.238535,0.26667,0.261275,
0.240005,0.240687,0.239772,0.241344,0.146246,0.283377,0.239135,0.267316,0.262166,
0.240466,0.241003,0.24077,0.241482,0.146499,0.284008,0.239452,0.268207,0.262311,
0.24102,0.241092,0.241022,0.241641,0.146752,0.284802,0.240317,0.269329,0.263202,
0.241599,0.241983,0.241578,0.241676,0.147005,0.285433,0.240792,0.270123,0.264202,
0.241968,0.242356,0.24172,0.242565,0.147258,0.286175,0.241268,0.270159,0.264247,
0.24264,0.242802,0.243063,0.242743,0.147511,0.286438,0.242387,0.271418,0.264759,
0.242793,0.243002,0.243097,0.242902,0.147764,0.286642,0.242513,0.271622,0.264801,
0.243393,0.243477,0.24331,0.243162,0.14799,0.287436,0.243219,0.272744,0.265801,
0.243877,0.243809,0.243468,0.244113,0.148211,0.288177,0.243784,0.273635,0.265814,
0.244097,0.244009,0.243658,0.244272,0.14829,0.288885,0.243963,0.273835,0.26586,
0.244589,0.244188,0.243669,0.244345,0.148543,0.289777,0.244497,0.274576,0.267119,
0.245453,0.244367,0.244558,0.245758,0.149099,0.29119,0.24539,0.275698,0.267566,
0.246284,0.245091,0.244922,0.249266,0.149324,0.292603,0.245753,0.275748,0.267568,
0.246983,0.245428,0.247428,0.250679,0.149329,0.292802,0.245779,0.276146,0.268276,
0.247087,0.245436,0.247429,0.25068,0.149582,0.292822,0.245788,0.276174,0.268789,
0.247797,0.245717,0.248842,0.250708,0.149652,0.294234,0.246143,0.277587,0.269497,
0.248653,0.24791,0.249391,0.251486,0.149873,0.295647,0.247556,0.277862,0.2695,
0.249225,0.249169,0.249423,0.251496,0.149985,0.29706,0.247609,0.278144,0.270913,
0.249632,0.249195,0.249796,0.251508,0.150211,0.297477,0.247877,0.278669,0.272326,
0.250521,0.249421,0.250078,0.252441,0.152125,0.29889,0.248663,0.280082,0.272468,
0.251582,0.250833,0.251491,0.252593,0.152351,0.300303,0.251675,0.280421,0.272992,
0.252424,0.251574,0.253464,0.254006,0.152604,0.30075,0.25203,0.280562,0.274405,
0.252725,0.251929,0.253478,0.254085,0.152856,0.300785,0.252385,0.281562,0.274721,
0.253473,0.25274,0.253541,0.254159,0.153082,0.302198,0.253111,0.282975,0.27598,
0.25397,0.253185,0.254546,0.254242,0.153279,0.302761,0.253363,0.284388,0.275994,
0.254336,0.253594,0.254581,0.254367,0.153666,0.304174,0.253588,0.284645,0.276074,
0.254893,0.253714,0.255212,0.254615,0.153891,0.305376,0.253872,0.284976,0.277487,
0.25551,0.254378,0.255325,0.256028,0.154117,0.305901,0.255285,0.285393,0.277653,
0.25575,0.254694,0.255494,0.256135,0.154342,0.306048,0.25541,0.285411,0.278465,
0.256044,0.255047,0.255636,0.256369,0.154595,0.306077,0.25571,0.286072,0.278846,
0.256682,0.255606,0.255849,0.25723,0.154821,0.307252,0.25634,0.28739,0.278971,
0.257256,0.256459,0.256958,0.257261,0.155046,0.308665,0.256901,0.287624,0.279137,
0.257662,0.256658,0.256997,0.257474,0.155299,0.309665,0.257466,0.288437,0.279303,
0.258228,0.256921,0.257697,0.257713,0.155552,0.310598,0.257798,0.289612,0.279934,
0.258652,0.257344,0.257875,0.258709,0.155773,0.311392,0.258247,0.289928,0.279947,
0.259223,0.258278,0.258088,0.258808,0.156663,0.312805,0.258426,0.290223,0.280496,
0.259822,0.25829,0.258759,0.258903,0.156916,0.313805,0.259688,0.290401,0.281815,
0.260657,0.258543,0.259393,0.260316,0.157411,0.314696,0.261101,0.291814,0.281981,
0.262389,0.259864,0.259809,0.268794,0.157637,0.316109,0.261364,0.292138,0.283394,
0.263266,0.260364,0.261376,0.270207,0.15789,0.317312,0.262777,0.29225,0.283956,
0.263609,0.260681,0.261378,0.270252,0.15809,0.317738,0.2632,0.29325,0.28428,
0.264241,0.261315,0.26182,0.27028,0.158316,0.318738,0.263646,0.294121,0.285693,
0.264829,0.261473,0.261838,0.270531,0.158537,0.319969,0.265059,0.295533,0.285694,
0.265467,0.262421,0.263094,0.270532,0.158592,0.320676,0.265075,0.296946,0.286402,
0.265705,0.262444,0.263175,0.270535,0.158817,0.320858,0.265114,0.29727,0.287425,
0.266354,0.262638,0.263464,0.271948,0.158921,0.322271,0.265621,0.297633,0.288337,
0.267261,0.265604,0.263771,0.272042,0.159146,0.323684,0.266147,0.298545,0.28915,
0.268404,0.266537,0.264221,0.272105,0.161972,0.325097,0.267838,0.2989,0.290563,
0.269099,0.266758,0.265343,0.272184,0.162197,0.326328,0.268734,0.300313,0.290934,
0.269746,0.267115,0.266752,0.273597,0.162423,0.326486,0.268754,0.301726,0.291112,
0.270274,0.267617,0.267313,0.273622,0.162648,0.327194,0.26923,0.302042,0.292525,
0.270836,0.26793,0.267762,0.273654,0.162874,0.327902,0.269791,0.302837,0.293938,
0.271398,0.268495,0.268041,0.273694,0.163099,0.328696,0.270421,0.303728,0.29501,
0.272068,0.269129,0.269384,0.273872,0.163325,0.329696,0.27105,0.304126,0.295965,
0.272908,0.270718,0.271281,0.274071,0.163578,0.331109,0.271611,0.304757,0.296143,
0.273645,0.272306,0.271837,0.274111,0.163803,0.331904,0.272176,0.305465,0.297556,
0.274208,0.27253,0.27215,0.274301,0.164029,0.332795,0.272493,0.306465,0.298905,
0.274758,0.272753,0.273395,0.274513,0.164282,0.333589,0.27281,0.307356,0.299362,
0.275486,0.273805,0.273634,0.27591,0.164535,0.334421,0.274066,0.307754,0.29976,
0.276016,0.274805,0.274419,0.276017,0.16476,0.335834,0.274542,0.30781,0.299938,
0.276353,0.275039,0.274441,0.276229,0.164986,0.336034,0.275133,0.308882,0.300079,
0.276919,0.275273,0.275227,0.276442,0.165211,0.336967,0.275429,0.310295,0.300505,
0.277371,0.275716,0.275385,0.27756,0.165408,0.337799,0.275878,0.310712,0.300512,
0.277833,0.276441,0.275598,0.277617,0.165969,0.339212,0.275994,0.310898,0.300938,
0.278371,0.27645,0.276137,0.277667,0.166222,0.339857,0.277273,0.311423,0.301938,
0.279266,0.276586,0.277033,0.27908,0.166696,0.340979,0.278686,0.312836,0.302234,
0.280876,0.277635,0.277404,0.287558,0.166921,0.342392,0.279155,0.313207,0.302735,
0.282083,0.278196,0.280778,0.288971,0.167174,0.343805,0.280568,0.313546,0.303626,
0.282519,0.278512,0.28078,0.28901,0.167427,0.3446,0.280946,0.314959,0.303921,
0.283138,0.279077,0.281058,0.289046,0.16768,0.345491,0.281507,0.315914,0.305334,
0.283776,0.2793,0.281105,0.289417,0.167901,0.346904,0.28292,0.317327,0.305335,
0.284526,0.279337,0.282361,0.289418,0.169321,0.348317,0.282932,0.31874,0.305782,
0.284661,0.279357,0.282393,0.28942,0.169546,0.348337,0.282963,0.319265,0.306005,
0.285043,0.279391,0.282518,0.289598,0.169654,0.348735,0.283759,0.31927,0.307418,
0.285886,0.279661,0.285923,0.290187,0.169907,0.348925,0.285172,0.319609,0.3077,
0.287329,0.280552,0.292988,0.290276,0.170128,0.350338,0.285619,0.319619,0.309113,
0.287819,0.280877,0.293019,0.290308,0.170377,0.350358,0.286841,0.32025,0.310526,
0.288283,0.280972,0.293185,0.290317,0.17063,0.35092,0.287158,0.321141,0.311939,
0.288702,0.281121,0.293687,0.290327,0.170828,0.352333,0.287789,0.321465,0.312065,
0.289282,0.2828,0.293835,0.290339,0.171081,0.353746,0.288028,0.321528,0.312897,
0.290004,0.283001,0.293935,0.291752,0.172279,0.354637,0.28833,0.321791,0.31431,
0.290558,0.284414,0.294186,0.292069,0.172532,0.35524,0.289452,0.3221,0.314476,
0.291738,0.290066,0.294541,0.2929,0.172757,0.355707,0.289978,0.322382,0.315572,
0.292307,0.290252,0.294604,0.29298,0.17301,0.356829,0.290432,0.323795,0.31655,
0.292897,0.290315,0.295027,0.29303,0.173263,0.35746,0.291322,0.324795,0.317963,
0.293195,0.29081,0.295067,0.293255,0.173516,0.358352,0.291521,0.324999,0.318042,
0.293719,0.291093,0.295103,0.294762,0.173737,0.359243,0.292193,0.325016,0.318604,
0.294196,0.292835,0.295215,0.295013,0.17399,0.359299,0.29317,0.325279,0.318763,
0.294619,0.293932,0.295222,0.29502,0.174243,0.360371,0.293223,0.326171,0.318767,
0.294694,0.293949,0.295262,0.295041,0.174257,0.360485,0.293291,0.326375,0.318887,
0.295065,0.293989,0.295265,0.295107,0.17451,0.360611,0.294143,0.326599,0.3203,
0.296009,0.294119,0.296527,0.29652,0.175627,0.362024,0.295556,0.326605,0.321095,
0.296612,0.295532,0.298578,0.296749,0.17588,0.362053,0.296368,0.32663,0.321103,
0.297333,0.295806,0.298628,0.296763,0.178706,0.362093,0.296501,0.328043,0.322126,
0.297785,0.295827,0.299259,0.296779,0.17899,0.362801,0.29666,0.329165,0.322802,
0.29856,0.295868,0.300253,0.298192,0.17915,0.364214,0.298073,0.329528,0.3232,
0.299878,0.295896,0.301983,0.303844,0.179403,0.364671,0.299486,0.329817,0.323925,
0.300574,0.296398,0.302547,0.304891,0.179624,0.366084,0.299882,0.329829,0.325338,
0.300779,0.296986,0.302673,0.304965,0.179873,0.366109,0.299932,0.329851,0.325839,
0.301322,0.297872,0.30282,0.304981,0.180052,0.366154,0.300183,0.331264,0.327252,
0.301631,0.297942,0.303088,0.304999,0.180305,0.366509,0.300499,0.331895,0.327814,
0.30218,0.298226,0.303288,0.305027,0.180642,0.367922,0.301206,0.332786,0.328339,
0.302946,0.302011,0.30357,0.305062,0.180895,0.36863,0.30163,0.333026,0.328746,
0.303627,0.303327,0.303794,0.306475,0.181148,0.368803,0.303043,0.333192,0.329236,
0.304139,0.303578,0.303918,0.306515,0.181401,0.369545,0.303467,0.334192,0.330495,
0.304737,0.30389,0.304342,0.30656,0.181654,0.370176,0.304465,0.335192,0.331617,
0.305866,0.304644,0.304907,0.306784,0.181907,0.371067,0.308921,0.336451,0.332248,
0.306519,0.30549,0.306665,0.306824,0.18216,0.371775,0.309062,0.336806,0.33337,
0.307012,0.30574,0.306704,0.307037,0.182413,0.372666,0.30924,0.337806,0.334492,
0.30757,0.305974,0.3072,0.307249,0.182697,0.373407,0.309388,0.338739,0.335905,
0.308098,0.306182,0.308193,0.308245,0.182918,0.374239,0.309554,0.339534,0.335916,
0.30857,0.306936,0.308371,0.309362,0.18314,0.37487,0.309575,0.339865,0.336441,
0.308989,0.307438,0.308398,0.309402,0.183424,0.375501,0.309701,0.340196,0.337854,
0.309381,0.307662,0.308439,0.309652,0.183677,0.376295,0.30986,0.341318,0.338149,
0.309926,0.308105,0.308597,0.310719,0.183898,0.377127,0.310308,0.342493,0.338159,
0.310514,0.308531,0.309602,0.310733,0.185311,0.377758,0.3105,0.343493,0.338181,
0.310861,0.308548,0.310179,0.310835,0.185564,0.378166,0.310592,0.343702,0.339303,
0.311892,0.308953,0.313005,0.311906,0.185817,0.378728,0.312005,0.344004,0.340716,
0.312953,0.309205,0.313124,0.318971,0.186038,0.379126,0.312117,0.344009,0.341032,
0.313359,0.309456,0.313797,0.319011,0.18626,0.379138,0.312495,0.344272,0.342445,
0.313744,0.309458,0.313797,0.319036,0.186481,0.38021,0.31297,0.345394,0.342604,
0.314223,0.310243,0.314175,0.319068,0.186765,0.38084,0.31347,0.346188,0.34303,
0.31466,0.310621,0.314765,0.319191,0.186955,0.381501,0.315026,0.346189,0.343031,
0.315009,0.311374,0.315018,0.319192,0.186963,0.381503,0.31504,0.346948,0.344031,
0.31513,0.311376,0.315059,0.319192,0.187247,0.381528,0.315438,0.346984,0.344213,
0.316369,0.311383,0.317885,0.32034,0.187532,0.382941,0.316851,0.348397,0.345626,
0.317129,0.312796,0.318174,0.321753,0.187745,0.383666,0.318856,0.348398,0.345641,
0.317996,0.317035,0.318546,0.322142,0.187934,0.383667,0.318886,0.348707,0.347054,
0.31849,0.317221,0.318562,0.322145,0.188156,0.383747,0.320205,0.349415,0.348467,
0.318688,0.317273,0.318585,0.322148,0.188159,0.384309,0.320317,0.350209,0.348503,
0.318741,0.317313,0.318601,0.32215,0.188443,0.384316,0.320318,0.350221,0.348568,
0.319188,0.31818,0.319057,0.322279,0.188464,0.384618,0.321731,0.350425,0.348746,
